dataset,frame,axis,level,sign,score,n_edge_pts,fov_ratio
kitti_mini,000001,yaw,0.0,1,0.6305,1521,0.1549
kitti_mini,000001,yaw,0.5,1,0.6252,1521,0.1549
kitti_mini,000001,yaw,0.5,-1,0.6268,1510,0.1549
kitti_mini,000001,yaw,1.0,1,0.6204,1526,0.1549
kitti_mini,000001,yaw,1.0,-1,0.609,1495,0.1549
kitti_mini,000001,yaw,2.0,1,0.6088,1540,0.1549
kitti_mini,000001,yaw,2.0,-1,0.5613,1487,0.1549
kitti_mini,000001,yaw,3.0,1,0.6253,1548,0.1549
kitti_mini,000001,yaw,3.0,-1,0.5063,1472,0.155
kitti_mini,000001,pitch,0.0,1,0.6305,1521,0.1549
kitti_mini,000001,pitch,0.5,1,0.6168,1524,0.1511
kitti_mini,000001,pitch,0.5,-1,0.5524,1526,0.1593
kitti_mini,000001,pitch,1.0,1,0.6534,1509,0.1474
kitti_mini,000001,pitch,1.0,-1,0.4241,1537,0.1627
kitti_mini,000001,pitch,2.0,1,0.574,1497,0.1398
kitti_mini,000001,pitch,2.0,-1,0.2461,1548,0.1701
kitti_mini,000001,pitch,3.0,1,0.4349,1499,0.132
kitti_mini,000001,pitch,3.0,-1,0.1681,1551,0.1776
kitti_mini,000001,roll,0.0,1,0.6305,1521,0.1549
kitti_mini,000001,roll,0.5,1,0.6202,1530,0.155
kitti_mini,000001,roll,0.5,-1,0.6023,1516,0.1548
kitti_mini,000001,roll,1.0,1,0.6184,1528,0.155
kitti_mini,000001,roll,1.0,-1,0.5474,1517,0.1549
kitti_mini,000001,roll,2.0,1,0.626,1533,0.1548
kitti_mini,000001,roll,2.0,-1,0.4981,1516,0.1552
kitti_mini,000001,roll,3.0,1,0.6119,1535,0.1552
kitti_mini,000001,roll,3.0,-1,0.4533,1510,0.1551
kitti_mini,000001,tx,0.0,1,0.6305,1521,0.1549
kitti_mini,000001,tx,2.0,1,0.6329,1516,0.1554
kitti_mini,000001,tx,2.0,-1,0.6311,1524,0.1545
kitti_mini,000001,tx,5.0,1,0.6325,1525,0.1565
kitti_mini,000001,tx,5.0,-1,0.6293,1519,0.1537
kitti_mini,000001,tx,10.0,1,0.6409,1507,0.158
kitti_mini,000001,tx,10.0,-1,0.6256,1544,0.1525
kitti_mini,000001,ty,0.0,1,0.6305,1521,0.1549
kitti_mini,000001,ty,2.0,1,0.6296,1510,0.155
kitti_mini,000001,ty,2.0,-1,0.6315,1521,0.1549
kitti_mini,000001,ty,5.0,1,0.6267,1504,0.1551
kitti_mini,000001,ty,5.0,-1,0.6273,1528,0.1548
kitti_mini,000001,ty,10.0,1,0.6279,1491,0.1551
kitti_mini,000001,ty,10.0,-1,0.62,1552,0.1546
kitti_mini,000001,tz,0.0,1,0.6305,1521,0.1549
kitti_mini,000001,tz,2.0,1,0.6289,1566,0.1565
kitti_mini,000001,tz,2.0,-1,0.6229,1491,0.1539
kitti_mini,000001,tz,5.0,1,0.5979,1661,0.1587
kitti_mini,000001,tz,5.0,-1,0.6303,1440,0.1518
kitti_mini,000001,tz,10.0,1,0.5458,1785,0.162
kitti_mini,000001,tz,10.0,-1,0.6224,1311,0.1489
kitti_mini,000004,yaw,0.0,1,0.4032,1230,0.1644
kitti_mini,000004,yaw,0.5,1,0.4083,1270,0.1643
kitti_mini,000004,yaw,0.5,-1,0.3653,1216,0.1645
kitti_mini,000004,yaw,1.0,1,0.3728,1304,0.1641
kitti_mini,000004,yaw,1.0,-1,0.3597,1191,0.1645
kitti_mini,000004,yaw,2.0,1,0.3582,1378,0.1636
kitti_mini,000004,yaw,2.0,-1,0.3202,1156,0.1644
kitti_mini,000004,yaw,3.0,1,0.3499,1479,0.1635
kitti_mini,000004,yaw,3.0,-1,0.2985,1087,0.1642
kitti_mini,000004,pitch,0.0,1,0.4032,1230,0.1644
kitti_mini,000004,pitch,0.5,1,0.3935,1223,0.1604
kitti_mini,000004,pitch,0.5,-1,0.3656,1246,0.1689
kitti_mini,000004,pitch,1.0,1,0.4112,1216,0.1566
kitti_mini,000004,pitch,1.0,-1,0.3542,1231,0.1724
kitti_mini,000004,pitch,2.0,1,0.4574,1210,0.1487
kitti_mini,000004,pitch,2.0,-1,0.3066,1236,0.1802
kitti_mini,000004,pitch,3.0,1,0.3969,1184,0.1405
kitti_mini,000004,pitch,3.0,-1,0.2274,1264,0.1879
kitti_mini,000004,roll,0.0,1,0.4032,1230,0.1644
kitti_mini,000004,roll,0.5,1,0.3883,1218,0.1644
kitti_mini,000004,roll,0.5,-1,0.4143,1223,0.1643
kitti_mini,000004,roll,1.0,1,0.3598,1230,0.1643
kitti_mini,000004,roll,1.0,-1,0.4106,1221,0.1643
kitti_mini,000004,roll,2.0,1,0.3399,1230,0.1642
kitti_mini,000004,roll,2.0,-1,0.3857,1245,0.1647
kitti_mini,000004,roll,3.0,1,0.3783,1225,0.1645
kitti_mini,000004,roll,3.0,-1,0.3603,1230,0.1646
kitti_mini,000004,tx,0.0,1,0.4032,1230,0.1644
kitti_mini,000004,tx,2.0,1,0.403,1223,0.1648
kitti_mini,000004,tx,2.0,-1,0.3959,1220,0.164
kitti_mini,000004,tx,5.0,1,0.3985,1240,0.1659
kitti_mini,000004,tx,5.0,-1,0.3922,1220,0.1633
kitti_mini,000004,tx,10.0,1,0.4056,1250,0.1674
kitti_mini,000004,tx,10.0,-1,0.383,1223,0.1621
kitti_mini,000004,ty,0.0,1,0.4032,1230,0.1644
kitti_mini,000004,ty,2.0,1,0.4051,1234,0.1645
kitti_mini,000004,ty,2.0,-1,0.3993,1227,0.1644
kitti_mini,000004,ty,5.0,1,0.4064,1233,0.1645
kitti_mini,000004,ty,5.0,-1,0.3881,1223,0.1644
kitti_mini,000004,ty,10.0,1,0.4181,1227,0.1644
kitti_mini,000004,ty,10.0,-1,0.3818,1230,0.1644
kitti_mini,000004,tz,0.0,1,0.4032,1230,0.1644
kitti_mini,000004,tz,2.0,1,0.4031,1246,0.166
kitti_mini,000004,tz,2.0,-1,0.3938,1197,0.1633
kitti_mini,000004,tz,5.0,1,0.4044,1311,0.1681
kitti_mini,000004,tz,5.0,-1,0.3995,1146,0.161
kitti_mini,000004,tz,10.0,1,0.4052,1428,0.1717
kitti_mini,000004,tz,10.0,-1,0.3961,1131,0.1582
kitti_mini,000007,yaw,0.0,1,0.4422,1909,0.1582
kitti_mini,000007,yaw,0.5,1,0.4006,1972,0.1583
kitti_mini,000007,yaw,0.5,-1,0.4317,1795,0.1576
kitti_mini,000007,yaw,1.0,1,0.3976,1962,0.1579
kitti_mini,000007,yaw,1.0,-1,0.4216,1734,0.1577
kitti_mini,000007,yaw,2.0,1,0.3931,1989,0.1566
kitti_mini,000007,yaw,2.0,-1,0.4059,1744,0.1589
kitti_mini,000007,yaw,3.0,1,0.3831,2154,0.1569
kitti_mini,000007,yaw,3.0,-1,0.4122,1707,0.1589
kitti_mini,000007,pitch,0.0,1,0.4422,1909,0.1582
kitti_mini,000007,pitch,0.5,1,0.3973,1902,0.1544
kitti_mini,000007,pitch,0.5,-1,0.4193,1918,0.1624
kitti_mini,000007,pitch,1.0,1,0.3851,1914,0.1508
kitti_mini,000007,pitch,1.0,-1,0.3687,1932,0.1658
kitti_mini,000007,pitch,2.0,1,0.4228,1876,0.1432
kitti_mini,000007,pitch,2.0,-1,0.3478,1944,0.173
kitti_mini,000007,pitch,3.0,1,0.4638,1839,0.1355
kitti_mini,000007,pitch,3.0,-1,0.2757,1952,0.1803
kitti_mini,000007,roll,0.0,1,0.4422,1909,0.1582
kitti_mini,000007,roll,0.5,1,0.4199,1935,0.1582
kitti_mini,000007,roll,0.5,-1,0.4415,1921,0.1581
kitti_mini,000007,roll,1.0,1,0.4099,1930,0.1582
kitti_mini,000007,roll,1.0,-1,0.4098,1909,0.1579
kitti_mini,000007,roll,2.0,1,0.3842,1927,0.1581
kitti_mini,000007,roll,2.0,-1,0.3794,1903,0.1583
kitti_mini,000007,roll,3.0,1,0.3766,1954,0.1584
kitti_mini,000007,roll,3.0,-1,0.351,1903,0.1582
kitti_mini,000007,tx,0.0,1,0.4422,1909,0.1582
kitti_mini,000007,tx,2.0,1,0.4418,1938,0.1587
kitti_mini,000007,tx,2.0,-1,0.4444,1899,0.1576
kitti_mini,000007,tx,5.0,1,0.4379,1951,0.1597
kitti_mini,000007,tx,5.0,-1,0.4464,1860,0.1567
kitti_mini,000007,tx,10.0,1,0.4297,1951,0.1612
kitti_mini,000007,tx,10.0,-1,0.4465,1780,0.1552
kitti_mini,000007,ty,0.0,1,0.4422,1909,0.1582
kitti_mini,000007,ty,2.0,1,0.4382,1928,0.1583
kitti_mini,000007,ty,2.0,-1,0.4462,1896,0.158
kitti_mini,000007,ty,5.0,1,0.4337,1912,0.1583
kitti_mini,000007,ty,5.0,-1,0.4474,1886,0.1577
kitti_mini,000007,ty,10.0,1,0.4176,1912,0.1584
kitti_mini,000007,ty,10.0,-1,0.4459,1836,0.1573
kitti_mini,000007,tz,0.0,1,0.4422,1909,0.1582
kitti_mini,000007,tz,2.0,1,0.4498,1933,0.1596
kitti_mini,000007,tz,2.0,-1,0.4315,1903,0.1572
kitti_mini,000007,tz,5.0,1,0.4507,1956,0.1616
kitti_mini,000007,tz,5.0,-1,0.4222,1867,0.155
kitti_mini,000007,tz,10.0,1,0.4523,2070,0.1651
kitti_mini,000007,tz,10.0,-1,0.4166,1823,0.1524
kitti_mini,000008,yaw,0.0,1,0.555,3401,0.1407
kitti_mini,000008,yaw,0.5,1,0.5354,3403,0.141
kitti_mini,000008,yaw,0.5,-1,0.5334,3406,0.1403
kitti_mini,000008,yaw,1.0,1,0.4952,3376,0.1413
kitti_mini,000008,yaw,1.0,-1,0.5312,3385,0.14
kitti_mini,000008,yaw,2.0,1,0.452,3306,0.1418
kitti_mini,000008,yaw,2.0,-1,0.5248,3394,0.1396
kitti_mini,000008,yaw,3.0,1,0.4354,3258,0.1423
kitti_mini,000008,yaw,3.0,-1,0.5133,3417,0.1395
kitti_mini,000008,pitch,0.0,1,0.555,3401,0.1407
kitti_mini,000008,pitch,0.5,1,0.5126,3370,0.1372
kitti_mini,000008,pitch,0.5,-1,0.5501,3430,0.1447
kitti_mini,000008,pitch,1.0,1,0.4701,3343,0.1338
kitti_mini,000008,pitch,1.0,-1,0.5214,3466,0.1476
kitti_mini,000008,pitch,2.0,1,0.4086,3299,0.1266
kitti_mini,000008,pitch,2.0,-1,0.4774,3487,0.1546
kitti_mini,000008,pitch,3.0,1,0.3873,3241,0.1197
kitti_mini,000008,pitch,3.0,-1,0.5031,3522,0.1615
kitti_mini,000008,roll,0.0,1,0.555,3401,0.1407
kitti_mini,000008,roll,0.5,1,0.5545,3382,0.1407
kitti_mini,000008,roll,0.5,-1,0.5434,3395,0.1406
kitti_mini,000008,roll,1.0,1,0.5523,3423,0.1406
kitti_mini,000008,roll,1.0,-1,0.5228,3372,0.1404
kitti_mini,000008,roll,2.0,1,0.5292,3428,0.1405
kitti_mini,000008,roll,2.0,-1,0.4741,3382,0.1408
kitti_mini,000008,roll,3.0,1,0.5287,3442,0.1409
kitti_mini,000008,roll,3.0,-1,0.4482,3371,0.1407
kitti_mini,000008,tx,0.0,1,0.555,3401,0.1407
kitti_mini,000008,tx,2.0,1,0.555,3455,0.1413
kitti_mini,000008,tx,2.0,-1,0.5537,3377,0.1401
kitti_mini,000008,tx,5.0,1,0.5496,3475,0.1426
kitti_mini,000008,tx,5.0,-1,0.5485,3346,0.1391
kitti_mini,000008,tx,10.0,1,0.5438,3563,0.1444
kitti_mini,000008,tx,10.0,-1,0.5392,3271,0.1374
kitti_mini,000008,ty,0.0,1,0.555,3401,0.1407
kitti_mini,000008,ty,2.0,1,0.5518,3402,0.1406
kitti_mini,000008,ty,2.0,-1,0.5495,3413,0.1407
kitti_mini,000008,ty,5.0,1,0.5465,3360,0.1406
kitti_mini,000008,ty,5.0,-1,0.5448,3451,0.1408
kitti_mini,000008,ty,10.0,1,0.5294,3292,0.1404
kitti_mini,000008,ty,10.0,-1,0.5352,3512,0.1409
kitti_mini,000008,tz,0.0,1,0.555,3401,0.1407
kitti_mini,000008,tz,2.0,1,0.562,3511,0.1422
kitti_mini,000008,tz,2.0,-1,0.5412,3262,0.1396
kitti_mini,000008,tz,5.0,1,0.5424,3654,0.1445
kitti_mini,000008,tz,5.0,-1,0.5258,3083,0.1372
kitti_mini,000008,tz,10.0,1,0.5197,3854,0.148
kitti_mini,000008,tz,10.0,-1,0.5039,2831,0.1339
kitti_mini,000009,yaw,0.0,1,0.4002,954,0.1566
kitti_mini,000009,yaw,0.5,1,0.398,974,0.1566
kitti_mini,000009,yaw,0.5,-1,0.3708,945,0.1568
kitti_mini,000009,yaw,1.0,1,0.3876,979,0.1565
kitti_mini,000009,yaw,1.0,-1,0.3443,931,0.1568
kitti_mini,000009,yaw,2.0,1,0.3699,994,0.1564
kitti_mini,000009,yaw,2.0,-1,0.3359,948,0.1569
kitti_mini,000009,yaw,3.0,1,0.3938,1000,0.1564
kitti_mini,000009,yaw,3.0,-1,0.3748,939,0.1569
kitti_mini,000009,pitch,0.0,1,0.4002,954,0.1566
kitti_mini,000009,pitch,0.5,1,0.4193,950,0.1529
kitti_mini,000009,pitch,0.5,-1,0.3774,945,0.1609
kitti_mini,000009,pitch,1.0,1,0.3836,944,0.1494
kitti_mini,000009,pitch,1.0,-1,0.373,952,0.1642
kitti_mini,000009,pitch,2.0,1,0.4358,946,0.1419
kitti_mini,000009,pitch,2.0,-1,0.3743,960,0.1715
kitti_mini,000009,pitch,3.0,1,0.3772,949,0.1342
kitti_mini,000009,pitch,3.0,-1,0.375,963,0.1787
kitti_mini,000009,roll,0.0,1,0.4002,954,0.1566
kitti_mini,000009,roll,0.5,1,0.3887,947,0.1567
kitti_mini,000009,roll,0.5,-1,0.41,960,0.1566
kitti_mini,000009,roll,1.0,1,0.3732,949,0.1567
kitti_mini,000009,roll,1.0,-1,0.4117,949,0.1565
kitti_mini,000009,roll,2.0,1,0.3562,952,0.1565
kitti_mini,000009,roll,2.0,-1,0.414,960,0.1569
kitti_mini,000009,roll,3.0,1,0.3548,959,0.1568
kitti_mini,000009,roll,3.0,-1,0.4239,962,0.1569
kitti_mini,000009,tx,0.0,1,0.4002,954,0.1566
kitti_mini,000009,tx,2.0,1,0.3987,951,0.1571
kitti_mini,000009,tx,2.0,-1,0.402,960,0.1563
kitti_mini,000009,tx,5.0,1,0.3986,956,0.1581
kitti_mini,000009,tx,5.0,-1,0.4008,958,0.1556
kitti_mini,000009,tx,10.0,1,0.3965,957,0.1595
kitti_mini,000009,tx,10.0,-1,0.4016,944,0.1545
kitti_mini,000009,ty,0.0,1,0.4002,954,0.1566
kitti_mini,000009,ty,2.0,1,0.4023,954,0.1566
kitti_mini,000009,ty,2.0,-1,0.4012,969,0.1566
kitti_mini,000009,ty,5.0,1,0.4023,937,0.1566
kitti_mini,000009,ty,5.0,-1,0.3955,955,0.1567
kitti_mini,000009,ty,10.0,1,0.4035,932,0.1566
kitti_mini,000009,ty,10.0,-1,0.3962,969,0.1567
kitti_mini,000009,tz,0.0,1,0.4002,954,0.1566
kitti_mini,000009,tz,2.0,1,0.3946,963,0.1582
kitti_mini,000009,tz,2.0,-1,0.4017,939,0.1557
kitti_mini,000009,tz,5.0,1,0.3905,983,0.1602
kitti_mini,000009,tz,5.0,-1,0.4003,915,0.1535
kitti_mini,000009,tz,10.0,1,0.3792,1033,0.1635
kitti_mini,000009,tz,10.0,-1,0.3986,877,0.1509
kitti_mini,000010,yaw,0.0,1,0.5166,1665,0.1421
kitti_mini,000010,yaw,0.5,1,0.5008,1642,0.1416
kitti_mini,000010,yaw,0.5,-1,0.4838,1692,0.1424
kitti_mini,000010,yaw,1.0,1,0.4816,1612,0.1413
kitti_mini,000010,yaw,1.0,-1,0.4644,1716,0.1429
kitti_mini,000010,yaw,2.0,1,0.4548,1571,0.1407
kitti_mini,000010,yaw,2.0,-1,0.4557,1742,0.1437
kitti_mini,000010,yaw,3.0,1,0.4533,1559,0.1404
kitti_mini,000010,yaw,3.0,-1,0.4494,1774,0.1443
kitti_mini,000010,pitch,0.0,1,0.5166,1665,0.1421
kitti_mini,000010,pitch,0.5,1,0.3943,1662,0.1382
kitti_mini,000010,pitch,0.5,-1,0.5475,1674,0.1463
kitti_mini,000010,pitch,1.0,1,0.3256,1653,0.1346
kitti_mini,000010,pitch,1.0,-1,0.4495,1668,0.1498
kitti_mini,000010,pitch,2.0,1,0.2962,1646,0.1269
kitti_mini,000010,pitch,2.0,-1,0.298,1682,0.1574
kitti_mini,000010,pitch,3.0,1,0.2844,1629,0.1193
kitti_mini,000010,pitch,3.0,-1,0.271,1697,0.165
kitti_mini,000010,roll,0.0,1,0.5166,1665,0.1421
kitti_mini,000010,roll,0.5,1,0.5357,1661,0.1421
kitti_mini,000010,roll,0.5,-1,0.4812,1671,0.1419
kitti_mini,000010,roll,1.0,1,0.5175,1671,0.1421
kitti_mini,000010,roll,1.0,-1,0.4338,1668,0.1417
kitti_mini,000010,roll,2.0,1,0.4531,1666,0.1421
kitti_mini,000010,roll,2.0,-1,0.3442,1674,0.1423
kitti_mini,000010,roll,3.0,1,0.406,1682,0.1424
kitti_mini,000010,roll,3.0,-1,0.2978,1680,0.1422
kitti_mini,000010,tx,0.0,1,0.5166,1665,0.1421
kitti_mini,000010,tx,2.0,1,0.5173,1670,0.1424
kitti_mini,000010,tx,2.0,-1,0.5158,1657,0.1416
kitti_mini,000010,tx,5.0,1,0.5176,1679,0.1435
kitti_mini,000010,tx,5.0,-1,0.5173,1661,0.141
kitti_mini,000010,tx,10.0,1,0.5161,1676,0.1448
kitti_mini,000010,tx,10.0,-1,0.5128,1678,0.1399
kitti_mini,000010,ty,0.0,1,0.5166,1665,0.1421
kitti_mini,000010,ty,2.0,1,0.5171,1673,0.142
kitti_mini,000010,ty,2.0,-1,0.5125,1663,0.1421
kitti_mini,000010,ty,5.0,1,0.5154,1665,0.142
kitti_mini,000010,ty,5.0,-1,0.5051,1656,0.1422
kitti_mini,000010,ty,10.0,1,0.5076,1690,0.1418
kitti_mini,000010,ty,10.0,-1,0.5013,1667,0.1423
kitti_mini,000010,tz,0.0,1,0.5166,1665,0.1421
kitti_mini,000010,tz,2.0,1,0.5285,1701,0.1437
kitti_mini,000010,tz,2.0,-1,0.5097,1652,0.141
kitti_mini,000010,tz,5.0,1,0.5271,1740,0.1456
kitti_mini,000010,tz,5.0,-1,0.4933,1607,0.1388
kitti_mini,000010,tz,10.0,1,0.5291,1855,0.1491
kitti_mini,000010,tz,10.0,-1,0.4498,1532,0.1361
kitti_mini,000011,yaw,0.0,1,0.5957,1616,0.1847
kitti_mini,000011,yaw,0.5,1,0.5866,1610,0.1847
kitti_mini,000011,yaw,0.5,-1,0.4971,1575,0.1848
kitti_mini,000011,yaw,1.0,1,0.5269,1624,0.1847
kitti_mini,000011,yaw,1.0,-1,0.4469,1585,0.1846
kitti_mini,000011,yaw,2.0,1,0.4749,1630,0.1848
kitti_mini,000011,yaw,2.0,-1,0.4502,1591,0.184
kitti_mini,000011,yaw,3.0,1,0.4861,1666,0.1847
kitti_mini,000011,yaw,3.0,-1,0.445,1598,0.1836
kitti_mini,000011,pitch,0.0,1,0.5957,1616,0.1847
kitti_mini,000011,pitch,0.5,1,0.5618,1616,0.1805
kitti_mini,000011,pitch,0.5,-1,0.6093,1614,0.1895
kitti_mini,000011,pitch,1.0,1,0.5175,1588,0.1765
kitti_mini,000011,pitch,1.0,-1,0.6039,1608,0.1933
kitti_mini,000011,pitch,2.0,1,0.4235,1587,0.168
kitti_mini,000011,pitch,2.0,-1,0.635,1621,0.2015
kitti_mini,000011,pitch,3.0,1,0.3152,1574,0.1595
kitti_mini,000011,pitch,3.0,-1,0.6321,1617,0.2098
kitti_mini,000011,roll,0.0,1,0.5957,1616,0.1847
kitti_mini,000011,roll,0.5,1,0.5917,1604,0.1847
kitti_mini,000011,roll,0.5,-1,0.5893,1607,0.1847
kitti_mini,000011,roll,1.0,1,0.5808,1597,0.1847
kitti_mini,000011,roll,1.0,-1,0.5815,1605,0.1847
kitti_mini,000011,roll,2.0,1,0.5607,1598,0.1845
kitti_mini,000011,roll,2.0,-1,0.5709,1600,0.185
kitti_mini,000011,roll,3.0,1,0.5412,1606,0.1849
kitti_mini,000011,roll,3.0,-1,0.5499,1606,0.185
kitti_mini,000011,tx,0.0,1,0.5957,1616,0.1847
kitti_mini,000011,tx,2.0,1,0.5964,1616,0.1852
kitti_mini,000011,tx,2.0,-1,0.5964,1597,0.1842
kitti_mini,000011,tx,5.0,1,0.5884,1630,0.1866
kitti_mini,000011,tx,5.0,-1,0.5915,1586,0.1834
kitti_mini,000011,tx,10.0,1,0.5785,1641,0.1882
kitti_mini,000011,tx,10.0,-1,0.5766,1586,0.182
kitti_mini,000011,ty,0.0,1,0.5957,1616,0.1847
kitti_mini,000011,ty,2.0,1,0.597,1592,0.1847
kitti_mini,000011,ty,2.0,-1,0.5801,1615,0.1847
kitti_mini,000011,ty,5.0,1,0.6069,1577,0.1846
kitti_mini,000011,ty,5.0,-1,0.5495,1660,0.1848
kitti_mini,000011,ty,10.0,1,0.5854,1554,0.1845
kitti_mini,000011,ty,10.0,-1,0.5035,1709,0.185
kitti_mini,000011,tz,0.0,1,0.5957,1616,0.1847
kitti_mini,000011,tz,2.0,1,0.5944,1630,0.1865
kitti_mini,000011,tz,2.0,-1,0.5951,1581,0.1835
kitti_mini,000011,tz,5.0,1,0.5934,1688,0.1888
kitti_mini,000011,tz,5.0,-1,0.5877,1547,0.1811
kitti_mini,000011,tz,10.0,1,0.5889,1741,0.1927
kitti_mini,000011,tz,10.0,-1,0.5736,1505,0.178
kitti_mini,000012,yaw,0.0,1,0.6586,1875,0.1559
kitti_mini,000012,yaw,0.5,1,0.5847,1884,0.1557
kitti_mini,000012,yaw,0.5,-1,0.593,1878,0.1556
kitti_mini,000012,yaw,1.0,1,0.5093,1931,0.1558
kitti_mini,000012,yaw,1.0,-1,0.5849,1917,0.1555
kitti_mini,000012,yaw,2.0,1,0.5026,1920,0.1558
kitti_mini,000012,yaw,2.0,-1,0.525,1953,0.1555
kitti_mini,000012,yaw,3.0,1,0.499,1897,0.1559
kitti_mini,000012,yaw,3.0,-1,0.5048,1907,0.1555
kitti_mini,000012,pitch,0.0,1,0.6586,1875,0.1559
kitti_mini,000012,pitch,0.5,1,0.6505,1874,0.1519
kitti_mini,000012,pitch,0.5,-1,0.6474,1868,0.1601
kitti_mini,000012,pitch,1.0,1,0.627,1870,0.1482
kitti_mini,000012,pitch,1.0,-1,0.6137,1888,0.1637
kitti_mini,000012,pitch,2.0,1,0.5793,1846,0.1405
kitti_mini,000012,pitch,2.0,-1,0.533,1869,0.1712
kitti_mini,000012,pitch,3.0,1,0.5416,1832,0.1325
kitti_mini,000012,pitch,3.0,-1,0.5108,1884,0.1788
kitti_mini,000012,roll,0.0,1,0.6586,1875,0.1559
kitti_mini,000012,roll,0.5,1,0.6616,1877,0.1558
kitti_mini,000012,roll,0.5,-1,0.6588,1865,0.1558
kitti_mini,000012,roll,1.0,1,0.6444,1864,0.1559
kitti_mini,000012,roll,1.0,-1,0.6465,1865,0.1557
kitti_mini,000012,roll,2.0,1,0.638,1895,0.1556
kitti_mini,000012,roll,2.0,-1,0.6278,1858,0.156
kitti_mini,000012,roll,3.0,1,0.6263,1893,0.1558
kitti_mini,000012,roll,3.0,-1,0.5955,1862,0.1561
kitti_mini,000012,tx,0.0,1,0.6586,1875,0.1559
kitti_mini,000012,tx,2.0,1,0.6553,1866,0.1562
kitti_mini,000012,tx,2.0,-1,0.6562,1911,0.1555
kitti_mini,000012,tx,5.0,1,0.6481,1841,0.1568
kitti_mini,000012,tx,5.0,-1,0.6537,1957,0.1549
kitti_mini,000012,tx,10.0,1,0.6373,1808,0.1585
kitti_mini,000012,tx,10.0,-1,0.6462,2017,0.1537
kitti_mini,000012,ty,0.0,1,0.6586,1875,0.1559
kitti_mini,000012,ty,2.0,1,0.6554,1953,0.1558
kitti_mini,000012,ty,2.0,-1,0.6494,1855,0.1559
kitti_mini,000012,ty,5.0,1,0.6507,2016,0.1558
kitti_mini,000012,ty,5.0,-1,0.6376,1849,0.1559
kitti_mini,000012,ty,10.0,1,0.621,2156,0.1558
kitti_mini,000012,ty,10.0,-1,0.6126,1848,0.1559
kitti_mini,000012,tz,0.0,1,0.6586,1875,0.1559
kitti_mini,000012,tz,2.0,1,0.6586,1877,0.1572
kitti_mini,000012,tz,2.0,-1,0.6557,1861,0.1548
kitti_mini,000012,tz,5.0,1,0.6585,1913,0.1591
kitti_mini,000012,tz,5.0,-1,0.65,1844,0.1526
kitti_mini,000012,tz,10.0,1,0.6563,1975,0.1627
kitti_mini,000012,tz,10.0,-1,0.6552,1789,0.15
kitti_mini,000015,yaw,0.0,1,0.6389,3999,0.1496
kitti_mini,000015,yaw,0.5,1,0.64,3978,0.1499
kitti_mini,000015,yaw,0.5,-1,0.6344,4054,0.1497
kitti_mini,000015,yaw,1.0,1,0.6253,3984,0.1504
kitti_mini,000015,yaw,1.0,-1,0.617,4119,0.1497
kitti_mini,000015,yaw,2.0,1,0.5977,3942,0.1507
kitti_mini,000015,yaw,2.0,-1,0.5952,4197,0.1495
kitti_mini,000015,yaw,3.0,1,0.5969,3883,0.1512
kitti_mini,000015,yaw,3.0,-1,0.561,4322,0.1493
kitti_mini,000015,pitch,0.0,1,0.6389,3999,0.1496
kitti_mini,000015,pitch,0.5,1,0.6123,3955,0.146
kitti_mini,000015,pitch,0.5,-1,0.6318,4009,0.1538
kitti_mini,000015,pitch,1.0,1,0.587,3947,0.1427
kitti_mini,000015,pitch,1.0,-1,0.5833,4028,0.1569
kitti_mini,000015,pitch,2.0,1,0.5687,3913,0.136
kitti_mini,000015,pitch,2.0,-1,0.5182,4094,0.1638
kitti_mini,000015,pitch,3.0,1,0.5406,3817,0.1289
kitti_mini,000015,pitch,3.0,-1,0.485,4081,0.1709
kitti_mini,000015,roll,0.0,1,0.6389,3999,0.1496
kitti_mini,000015,roll,0.5,1,0.6383,3983,0.1495
kitti_mini,000015,roll,0.5,-1,0.6401,3996,0.1497
kitti_mini,000015,roll,1.0,1,0.6203,3966,0.1493
kitti_mini,000015,roll,1.0,-1,0.628,3975,0.15
kitti_mini,000015,roll,2.0,1,0.5748,3956,0.1496
kitti_mini,000015,roll,2.0,-1,0.5948,3995,0.1503
kitti_mini,000015,roll,3.0,1,0.5493,3973,0.1497
kitti_mini,000015,roll,3.0,-1,0.5694,4029,0.1507
kitti_mini,000015,tx,0.0,1,0.6389,3999,0.1496
kitti_mini,000015,tx,2.0,1,0.639,4001,0.1504
kitti_mini,000015,tx,2.0,-1,0.6412,3972,0.1491
kitti_mini,000015,tx,5.0,1,0.6422,3999,0.1517
kitti_mini,000015,tx,5.0,-1,0.6358,3956,0.1483
kitti_mini,000015,tx,10.0,1,0.6464,4005,0.1534
kitti_mini,000015,tx,10.0,-1,0.6282,3981,0.147
kitti_mini,000015,ty,0.0,1,0.6389,3999,0.1496
kitti_mini,000015,ty,2.0,1,0.6433,3934,0.1496
kitti_mini,000015,ty,2.0,-1,0.6353,4044,0.1496
kitti_mini,000015,ty,5.0,1,0.6457,3896,0.1497
kitti_mini,000015,ty,5.0,-1,0.6308,4106,0.1496
kitti_mini,000015,ty,10.0,1,0.6452,3831,0.1498
kitti_mini,000015,ty,10.0,-1,0.623,4183,0.1498
kitti_mini,000015,tz,0.0,1,0.6389,3999,0.1496
kitti_mini,000015,tz,2.0,1,0.644,4109,0.1515
kitti_mini,000015,tz,2.0,-1,0.6363,3903,0.1484
kitti_mini,000015,tz,5.0,1,0.6331,4264,0.1539
kitti_mini,000015,tz,5.0,-1,0.6272,3773,0.1462
kitti_mini,000015,tz,10.0,1,0.6146,4449,0.1576
kitti_mini,000015,tz,10.0,-1,0.615,3548,0.1429
kitti_mini,000016,yaw,0.0,1,0.5171,1721,0.158
kitti_mini,000016,yaw,0.5,1,0.4921,1699,0.1581
kitti_mini,000016,yaw,0.5,-1,0.5254,1758,0.1581
kitti_mini,000016,yaw,1.0,1,0.4726,1677,0.1581
kitti_mini,000016,yaw,1.0,-1,0.5054,1796,0.1581
kitti_mini,000016,yaw,2.0,1,0.4846,1691,0.1582
kitti_mini,000016,yaw,2.0,-1,0.4873,1800,0.158
kitti_mini,000016,yaw,3.0,1,0.4777,1644,0.1583
kitti_mini,000016,yaw,3.0,-1,0.4602,1833,0.1578
kitti_mini,000016,pitch,0.0,1,0.5171,1721,0.158
kitti_mini,000016,pitch,0.5,1,0.4163,1755,0.1541
kitti_mini,000016,pitch,0.5,-1,0.5363,1755,0.1627
kitti_mini,000016,pitch,1.0,1,0.3764,1717,0.1502
kitti_mini,000016,pitch,1.0,-1,0.445,1761,0.1662
kitti_mini,000016,pitch,2.0,1,0.3346,1751,0.1422
kitti_mini,000016,pitch,2.0,-1,0.3644,1754,0.1741
kitti_mini,000016,pitch,3.0,1,0.255,1710,0.134
kitti_mini,000016,pitch,3.0,-1,0.2856,1750,0.1819
kitti_mini,000016,roll,0.0,1,0.5171,1721,0.158
kitti_mini,000016,roll,0.5,1,0.5002,1747,0.158
kitti_mini,000016,roll,0.5,-1,0.5278,1737,0.158
kitti_mini,000016,roll,1.0,1,0.4644,1731,0.1581
kitti_mini,000016,roll,1.0,-1,0.4894,1741,0.1582
kitti_mini,000016,roll,2.0,1,0.3763,1738,0.1578
kitti_mini,000016,roll,2.0,-1,0.4284,1743,0.1585
kitti_mini,000016,roll,3.0,1,0.2733,1743,0.1581
kitti_mini,000016,roll,3.0,-1,0.4012,1773,0.1585
kitti_mini,000016,tx,0.0,1,0.5171,1721,0.158
kitti_mini,000016,tx,2.0,1,0.5243,1718,0.1586
kitti_mini,000016,tx,2.0,-1,0.5186,1723,0.1575
kitti_mini,000016,tx,5.0,1,0.5276,1706,0.1599
kitti_mini,000016,tx,5.0,-1,0.5158,1732,0.1567
kitti_mini,000016,tx,10.0,1,0.5304,1701,0.1615
kitti_mini,000016,tx,10.0,-1,0.511,1727,0.1553
kitti_mini,000016,ty,0.0,1,0.5171,1721,0.158
kitti_mini,000016,ty,2.0,1,0.5152,1695,0.158
kitti_mini,000016,ty,2.0,-1,0.521,1730,0.1581
kitti_mini,000016,ty,5.0,1,0.5127,1681,0.1579
kitti_mini,000016,ty,5.0,-1,0.5207,1761,0.1582
kitti_mini,000016,ty,10.0,1,0.5129,1646,0.1578
kitti_mini,000016,ty,10.0,-1,0.5274,1802,0.1582
kitti_mini,000016,tz,0.0,1,0.5171,1721,0.158
kitti_mini,000016,tz,2.0,1,0.5354,1794,0.1598
kitti_mini,000016,tz,2.0,-1,0.4982,1715,0.1569
kitti_mini,000016,tz,5.0,1,0.5372,1879,0.1622
kitti_mini,000016,tz,5.0,-1,0.4766,1608,0.1546
kitti_mini,000016,tz,10.0,1,0.5251,2125,0.1658
kitti_mini,000016,tz,10.0,-1,0.4401,1518,0.1514
kitti_mini,000019,yaw,0.0,1,0.606,986,0.1624
kitti_mini,000019,yaw,0.5,1,0.5353,996,0.1627
kitti_mini,000019,yaw,0.5,-1,0.5684,983,0.1622
kitti_mini,000019,yaw,1.0,1,0.4901,987,0.163
kitti_mini,000019,yaw,1.0,-1,0.5095,992,0.162
kitti_mini,000019,yaw,2.0,1,0.4972,983,0.1635
kitti_mini,000019,yaw,2.0,-1,0.4813,1068,0.1616
kitti_mini,000019,yaw,3.0,1,0.4967,985,0.1637
kitti_mini,000019,yaw,3.0,-1,0.435,1064,0.1609
kitti_mini,000019,pitch,0.0,1,0.606,986,0.1624
kitti_mini,000019,pitch,0.5,1,0.5572,984,0.1587
kitti_mini,000019,pitch,0.5,-1,0.6227,985,0.1666
kitti_mini,000019,pitch,1.0,1,0.4933,969,0.155
kitti_mini,000019,pitch,1.0,-1,0.5834,1001,0.1702
kitti_mini,000019,pitch,2.0,1,0.3978,952,0.1472
kitti_mini,000019,pitch,2.0,-1,0.5401,1002,0.1777
kitti_mini,000019,pitch,3.0,1,0.4245,935,0.1393
kitti_mini,000019,pitch,3.0,-1,0.5543,1019,0.1853
kitti_mini,000019,roll,0.0,1,0.606,986,0.1624
kitti_mini,000019,roll,0.5,1,0.5799,990,0.1625
kitti_mini,000019,roll,0.5,-1,0.6152,987,0.1625
kitti_mini,000019,roll,1.0,1,0.576,981,0.1623
kitti_mini,000019,roll,1.0,-1,0.6073,983,0.1624
kitti_mini,000019,roll,2.0,1,0.5486,990,0.162
kitti_mini,000019,roll,2.0,-1,0.5671,992,0.1628
kitti_mini,000019,roll,3.0,1,0.5091,995,0.1623
kitti_mini,000019,roll,3.0,-1,0.5248,981,0.1629
kitti_mini,000019,tx,0.0,1,0.606,986,0.1624
kitti_mini,000019,tx,2.0,1,0.6112,996,0.1632
kitti_mini,000019,tx,2.0,-1,0.5988,983,0.1618
kitti_mini,000019,tx,5.0,1,0.6091,1008,0.1645
kitti_mini,000019,tx,5.0,-1,0.5877,965,0.1607
kitti_mini,000019,tx,10.0,1,0.6027,1027,0.1666
kitti_mini,000019,tx,10.0,-1,0.5782,942,0.1589
kitti_mini,000019,ty,0.0,1,0.606,986,0.1624
kitti_mini,000019,ty,2.0,1,0.6001,965,0.1624
kitti_mini,000019,ty,2.0,-1,0.5975,1015,0.1626
kitti_mini,000019,ty,5.0,1,0.5949,929,0.1622
kitti_mini,000019,ty,5.0,-1,0.586,1056,0.1627
kitti_mini,000019,ty,10.0,1,0.5848,904,0.162
kitti_mini,000019,ty,10.0,-1,0.5471,1132,0.1628
kitti_mini,000019,tz,0.0,1,0.606,986,0.1624
kitti_mini,000019,tz,2.0,1,0.6073,1008,0.1642
kitti_mini,000019,tz,2.0,-1,0.5996,950,0.1613
kitti_mini,000019,tz,5.0,1,0.6113,1046,0.1661
kitti_mini,000019,tz,5.0,-1,0.5706,921,0.1588
kitti_mini,000019,tz,10.0,1,0.6145,1121,0.1701
kitti_mini,000019,tz,10.0,-1,0.5331,827,0.1556
kitti_mini,000021,yaw,0.0,1,0.5695,1042,0.1583
kitti_mini,000021,yaw,0.5,1,0.579,1123,0.1582
kitti_mini,000021,yaw,0.5,-1,0.5286,964,0.1582
kitti_mini,000021,yaw,1.0,1,0.5554,1191,0.1583
kitti_mini,000021,yaw,1.0,-1,0.5082,899,0.1582
kitti_mini,000021,yaw,2.0,1,0.4621,1326,0.1584
kitti_mini,000021,yaw,2.0,-1,0.475,799,0.1586
kitti_mini,000021,yaw,3.0,1,0.4086,1424,0.1586
kitti_mini,000021,yaw,3.0,-1,0.4009,770,0.159
kitti_mini,000021,pitch,0.0,1,0.5695,1042,0.1583
kitti_mini,000021,pitch,0.5,1,0.5108,1018,0.1546
kitti_mini,000021,pitch,0.5,-1,0.5052,1053,0.1624
kitti_mini,000021,pitch,1.0,1,0.4991,999,0.1511
kitti_mini,000021,pitch,1.0,-1,0.4332,1047,0.1655
kitti_mini,000021,pitch,2.0,1,0.5359,938,0.1437
kitti_mini,000021,pitch,2.0,-1,0.3844,1088,0.1724
kitti_mini,000021,pitch,3.0,1,0.4844,916,0.1362
kitti_mini,000021,pitch,3.0,-1,0.3873,1117,0.1795
kitti_mini,000021,roll,0.0,1,0.5695,1042,0.1583
kitti_mini,000021,roll,0.5,1,0.564,1040,0.1583
kitti_mini,000021,roll,0.5,-1,0.5772,1030,0.1581
kitti_mini,000021,roll,1.0,1,0.5565,1029,0.1583
kitti_mini,000021,roll,1.0,-1,0.5775,1026,0.1582
kitti_mini,000021,roll,2.0,1,0.5164,1006,0.1582
kitti_mini,000021,roll,2.0,-1,0.533,1030,0.1583
kitti_mini,000021,roll,3.0,1,0.5079,1020,0.1585
kitti_mini,000021,roll,3.0,-1,0.4955,1026,0.1581
kitti_mini,000021,tx,0.0,1,0.5695,1042,0.1583
kitti_mini,000021,tx,2.0,1,0.5698,1066,0.1589
kitti_mini,000021,tx,2.0,-1,0.5624,999,0.1578
kitti_mini,000021,tx,5.0,1,0.5794,1118,0.1601
kitti_mini,000021,tx,5.0,-1,0.5711,946,0.1568
kitti_mini,000021,tx,10.0,1,0.5738,1186,0.1618
kitti_mini,000021,tx,10.0,-1,0.5904,892,0.1554
kitti_mini,000021,ty,0.0,1,0.5695,1042,0.1583
kitti_mini,000021,ty,2.0,1,0.5709,1076,0.1584
kitti_mini,000021,ty,2.0,-1,0.5691,1012,0.1581
kitti_mini,000021,ty,5.0,1,0.5797,1124,0.1584
kitti_mini,000021,ty,5.0,-1,0.5799,966,0.158
kitti_mini,000021,ty,10.0,1,0.5642,1195,0.1587
kitti_mini,000021,ty,10.0,-1,0.5767,917,0.1579
kitti_mini,000021,tz,0.0,1,0.5695,1042,0.1583
kitti_mini,000021,tz,2.0,1,0.5874,1057,0.1598
kitti_mini,000021,tz,2.0,-1,0.5614,1005,0.1573
kitti_mini,000021,tz,5.0,1,0.5973,1060,0.1619
kitti_mini,000021,tz,5.0,-1,0.5517,951,0.1553
kitti_mini,000021,tz,10.0,1,0.5391,1161,0.165
kitti_mini,000021,tz,10.0,-1,0.531,871,0.1524
kitti_mini,000023,yaw,0.0,1,0.6552,1706,0.1544
kitti_mini,000023,yaw,0.5,1,0.6575,1718,0.1543
kitti_mini,000023,yaw,0.5,-1,0.6525,1711,0.1544
kitti_mini,000023,yaw,1.0,1,0.6492,1723,0.1543
kitti_mini,000023,yaw,1.0,-1,0.6481,1680,0.1543
kitti_mini,000023,yaw,2.0,1,0.6237,1744,0.1544
kitti_mini,000023,yaw,2.0,-1,0.6276,1634,0.1543
kitti_mini,000023,yaw,3.0,1,0.619,1752,0.1544
kitti_mini,000023,yaw,3.0,-1,0.5806,1605,0.1543
kitti_mini,000023,pitch,0.0,1,0.6552,1706,0.1544
kitti_mini,000023,pitch,0.5,1,0.6149,1683,0.1506
kitti_mini,000023,pitch,0.5,-1,0.5938,1710,0.1587
kitti_mini,000023,pitch,1.0,1,0.6307,1697,0.1468
kitti_mini,000023,pitch,1.0,-1,0.4668,1723,0.1621
kitti_mini,000023,pitch,2.0,1,0.5692,1676,0.1393
kitti_mini,000023,pitch,2.0,-1,0.2771,1754,0.1695
kitti_mini,000023,pitch,3.0,1,0.4205,1643,0.1315
kitti_mini,000023,pitch,3.0,-1,0.2071,1767,0.177
kitti_mini,000023,roll,0.0,1,0.6552,1706,0.1544
kitti_mini,000023,roll,0.5,1,0.6377,1694,0.1544
kitti_mini,000023,roll,0.5,-1,0.6325,1690,0.1543
kitti_mini,000023,roll,1.0,1,0.6199,1713,0.1544
kitti_mini,000023,roll,1.0,-1,0.5756,1695,0.1544
kitti_mini,000023,roll,2.0,1,0.6156,1727,0.1542
kitti_mini,000023,roll,2.0,-1,0.5067,1701,0.1546
kitti_mini,000023,roll,3.0,1,0.6049,1729,0.1546
kitti_mini,000023,roll,3.0,-1,0.46,1699,0.1546
kitti_mini,000023,tx,0.0,1,0.6552,1706,0.1544
kitti_mini,000023,tx,2.0,1,0.6551,1706,0.1548
kitti_mini,000023,tx,2.0,-1,0.6519,1714,0.154
kitti_mini,000023,tx,5.0,1,0.6541,1717,0.1559
kitti_mini,000023,tx,5.0,-1,0.6538,1700,0.1532
kitti_mini,000023,tx,10.0,1,0.6553,1721,0.1575
kitti_mini,000023,tx,10.0,-1,0.6576,1679,0.152
kitti_mini,000023,ty,0.0,1,0.6552,1706,0.1544
kitti_mini,000023,ty,2.0,1,0.6507,1707,0.1544
kitti_mini,000023,ty,2.0,-1,0.654,1711,0.1543
kitti_mini,000023,ty,5.0,1,0.6516,1685,0.1545
kitti_mini,000023,ty,5.0,-1,0.6523,1714,0.1542
kitti_mini,000023,ty,10.0,1,0.6519,1684,0.1546
kitti_mini,000023,ty,10.0,-1,0.6529,1726,0.1541
kitti_mini,000023,tz,0.0,1,0.6552,1706,0.1544
kitti_mini,000023,tz,2.0,1,0.6604,1774,0.156
kitti_mini,000023,tz,2.0,-1,0.6556,1643,0.1534
kitti_mini,000023,tz,5.0,1,0.6379,1851,0.1582
kitti_mini,000023,tz,5.0,-1,0.6395,1566,0.1512
kitti_mini,000023,tz,10.0,1,0.5779,1979,0.1615
kitti_mini,000023,tz,10.0,-1,0.618,1477,0.1484
kitti_mini,000025,yaw,0.0,1,0.6213,2246,0.1514
kitti_mini,000025,yaw,0.5,1,0.6184,2269,0.1514
kitti_mini,000025,yaw,0.5,-1,0.5892,2263,0.1515
kitti_mini,000025,yaw,1.0,1,0.5868,2301,0.1515
kitti_mini,000025,yaw,1.0,-1,0.5733,2286,0.1515
kitti_mini,000025,yaw,2.0,1,0.5676,2342,0.1515
kitti_mini,000025,yaw,2.0,-1,0.553,2338,0.1514
kitti_mini,000025,yaw,3.0,1,0.532,2406,0.1513
kitti_mini,000025,yaw,3.0,-1,0.5859,2359,0.1516
kitti_mini,000025,pitch,0.0,1,0.6213,2246,0.1514
kitti_mini,000025,pitch,0.5,1,0.5737,2232,0.1483
kitti_mini,000025,pitch,0.5,-1,0.6234,2299,0.1548
kitti_mini,000025,pitch,1.0,1,0.5354,2199,0.1454
kitti_mini,000025,pitch,1.0,-1,0.6231,2279,0.1576
kitti_mini,000025,pitch,2.0,1,0.5037,2145,0.1395
kitti_mini,000025,pitch,2.0,-1,0.5886,2317,0.1636
kitti_mini,000025,pitch,3.0,1,0.4736,2115,0.1331
kitti_mini,000025,pitch,3.0,-1,0.566,2342,0.1696
kitti_mini,000025,roll,0.0,1,0.6213,2246,0.1514
kitti_mini,000025,roll,0.5,1,0.622,2258,0.1516
kitti_mini,000025,roll,0.5,-1,0.6073,2252,0.1511
kitti_mini,000025,roll,1.0,1,0.6312,2275,0.152
kitti_mini,000025,roll,1.0,-1,0.6065,2248,0.1507
kitti_mini,000025,roll,2.0,1,0.6209,2296,0.1524
kitti_mini,000025,roll,2.0,-1,0.5869,2240,0.1505
kitti_mini,000025,roll,3.0,1,0.6085,2288,0.1536
kitti_mini,000025,roll,3.0,-1,0.5381,2235,0.1498
kitti_mini,000025,tx,0.0,1,0.6213,2246,0.1514
kitti_mini,000025,tx,2.0,1,0.6199,2281,0.1519
kitti_mini,000025,tx,2.0,-1,0.6251,2213,0.1509
kitti_mini,000025,tx,5.0,1,0.6163,2332,0.1529
kitti_mini,000025,tx,5.0,-1,0.6266,2193,0.1502
kitti_mini,000025,tx,10.0,1,0.6074,2385,0.1545
kitti_mini,000025,tx,10.0,-1,0.6288,2146,0.149
kitti_mini,000025,ty,0.0,1,0.6213,2246,0.1514
kitti_mini,000025,ty,2.0,1,0.6237,2242,0.1514
kitti_mini,000025,ty,2.0,-1,0.6169,2247,0.1514
kitti_mini,000025,ty,5.0,1,0.6249,2237,0.1515
kitti_mini,000025,ty,5.0,-1,0.6128,2264,0.1514
kitti_mini,000025,ty,10.0,1,0.5986,2294,0.1515
kitti_mini,000025,ty,10.0,-1,0.6068,2266,0.1514
kitti_mini,000025,tz,0.0,1,0.6213,2246,0.1514
kitti_mini,000025,tz,2.0,1,0.6232,2334,0.1527
kitti_mini,000025,tz,2.0,-1,0.6121,2113,0.1505
kitti_mini,000025,tz,5.0,1,0.6264,2536,0.1545
kitti_mini,000025,tz,5.0,-1,0.6005,2005,0.1482
kitti_mini,000025,tz,10.0,1,0.6107,2740,0.158
kitti_mini,000025,tz,10.0,-1,0.604,1803,0.1457
kitti_mini,000031,yaw,0.0,1,0.5655,2528,0.1558
kitti_mini,000031,yaw,0.5,1,0.5465,2539,0.1556
kitti_mini,000031,yaw,0.5,-1,0.5243,2509,0.1559
kitti_mini,000031,yaw,1.0,1,0.5127,2569,0.1553
kitti_mini,000031,yaw,1.0,-1,0.497,2494,0.1559
kitti_mini,000031,yaw,2.0,1,0.464,2676,0.1549
kitti_mini,000031,yaw,2.0,-1,0.4752,2474,0.1561
kitti_mini,000031,yaw,3.0,1,0.4329,2672,0.1544
kitti_mini,000031,yaw,3.0,-1,0.4667,2470,0.1564
kitti_mini,000031,pitch,0.0,1,0.5655,2528,0.1558
kitti_mini,000031,pitch,0.5,1,0.5009,2515,0.1521
kitti_mini,000031,pitch,0.5,-1,0.5135,2554,0.1597
kitti_mini,000031,pitch,1.0,1,0.43,2493,0.1485
kitti_mini,000031,pitch,1.0,-1,0.4248,2565,0.1632
kitti_mini,000031,pitch,2.0,1,0.3862,2460,0.1412
kitti_mini,000031,pitch,2.0,-1,0.3692,2592,0.1705
kitti_mini,000031,pitch,3.0,1,0.3883,2427,0.1336
kitti_mini,000031,pitch,3.0,-1,0.3692,2620,0.1776
kitti_mini,000031,roll,0.0,1,0.5655,2528,0.1558
kitti_mini,000031,roll,0.5,1,0.5581,2557,0.1558
kitti_mini,000031,roll,0.5,-1,0.5595,2538,0.1556
kitti_mini,000031,roll,1.0,1,0.5333,2541,0.1559
kitti_mini,000031,roll,1.0,-1,0.5333,2511,0.1554
kitti_mini,000031,roll,2.0,1,0.4594,2548,0.1559
kitti_mini,000031,roll,2.0,-1,0.4628,2547,0.1558
kitti_mini,000031,roll,3.0,1,0.4067,2583,0.1564
kitti_mini,000031,roll,3.0,-1,0.4013,2533,0.1556
kitti_mini,000031,tx,0.0,1,0.5655,2528,0.1558
kitti_mini,000031,tx,2.0,1,0.5661,2548,0.1563
kitti_mini,000031,tx,2.0,-1,0.5632,2520,0.1552
kitti_mini,000031,tx,5.0,1,0.569,2567,0.1572
kitti_mini,000031,tx,5.0,-1,0.5639,2495,0.1544
kitti_mini,000031,tx,10.0,1,0.5636,2602,0.1588
kitti_mini,000031,tx,10.0,-1,0.556,2460,0.1531
kitti_mini,000031,ty,0.0,1,0.5655,2528,0.1558
kitti_mini,000031,ty,2.0,1,0.5681,2545,0.1558
kitti_mini,000031,ty,2.0,-1,0.5587,2523,0.1557
kitti_mini,000031,ty,5.0,1,0.5705,2555,0.1558
kitti_mini,000031,ty,5.0,-1,0.5468,2509,0.1556
kitti_mini,000031,ty,10.0,1,0.5645,2591,0.1558
kitti_mini,000031,ty,10.0,-1,0.5238,2481,0.1556
kitti_mini,000031,tz,0.0,1,0.5655,2528,0.1558
kitti_mini,000031,tz,2.0,1,0.5671,2585,0.1572
kitti_mini,000031,tz,2.0,-1,0.5634,2421,0.1546
kitti_mini,000031,tz,5.0,1,0.5597,2704,0.1591
kitti_mini,000031,tz,5.0,-1,0.5604,2273,0.1524
kitti_mini,000031,tz,10.0,1,0.5182,2944,0.1628
kitti_mini,000031,tz,10.0,-1,0.5236,2104,0.1498
kitti_mini,000032,yaw,0.0,1,0.567,2486,0.1646
kitti_mini,000032,yaw,0.5,1,0.5522,2507,0.1647
kitti_mini,000032,yaw,0.5,-1,0.535,2486,0.1646
kitti_mini,000032,yaw,1.0,1,0.514,2492,0.1647
kitti_mini,000032,yaw,1.0,-1,0.5035,2485,0.1647
kitti_mini,000032,yaw,2.0,1,0.474,2491,0.1647
kitti_mini,000032,yaw,2.0,-1,0.4605,2490,0.1647
kitti_mini,000032,yaw,3.0,1,0.4519,2477,0.1648
kitti_mini,000032,yaw,3.0,-1,0.4457,2497,0.1646
kitti_mini,000032,pitch,0.0,1,0.567,2486,0.1646
kitti_mini,000032,pitch,0.5,1,0.4986,2471,0.1607
kitti_mini,000032,pitch,0.5,-1,0.5209,2489,0.1691
kitti_mini,000032,pitch,1.0,1,0.4303,2475,0.157
kitti_mini,000032,pitch,1.0,-1,0.4903,2523,0.1725
kitti_mini,000032,pitch,2.0,1,0.3583,2470,0.1492
kitti_mini,000032,pitch,2.0,-1,0.4895,2539,0.18
kitti_mini,000032,pitch,3.0,1,0.3812,2429,0.1413
kitti_mini,000032,pitch,3.0,-1,0.4997,2551,0.1876
kitti_mini,000032,roll,0.0,1,0.567,2486,0.1646
kitti_mini,000032,roll,0.5,1,0.5535,2478,0.1647
kitti_mini,000032,roll,0.5,-1,0.5422,2488,0.1645
kitti_mini,000032,roll,1.0,1,0.5355,2493,0.1646
kitti_mini,000032,roll,1.0,-1,0.5112,2498,0.1646
kitti_mini,000032,roll,2.0,1,0.4821,2497,0.1644
kitti_mini,000032,roll,2.0,-1,0.4889,2493,0.1649
kitti_mini,000032,roll,3.0,1,0.4485,2519,0.1648
kitti_mini,000032,roll,3.0,-1,0.472,2491,0.1648
kitti_mini,000032,tx,0.0,1,0.567,2486,0.1646
kitti_mini,000032,tx,2.0,1,0.5675,2486,0.1651
kitti_mini,000032,tx,2.0,-1,0.5624,2491,0.1641
kitti_mini,000032,tx,5.0,1,0.5684,2486,0.1663
kitti_mini,000032,tx,5.0,-1,0.558,2502,0.1634
kitti_mini,000032,tx,10.0,1,0.5687,2476,0.1679
kitti_mini,000032,tx,10.0,-1,0.554,2515,0.1621
kitti_mini,000032,ty,0.0,1,0.567,2486,0.1646
kitti_mini,000032,ty,2.0,1,0.5637,2482,0.1646
kitti_mini,000032,ty,2.0,-1,0.5637,2506,0.1647
kitti_mini,000032,ty,5.0,1,0.5605,2484,0.1646
kitti_mini,000032,ty,5.0,-1,0.5579,2494,0.1648
kitti_mini,000032,ty,10.0,1,0.5444,2474,0.1646
kitti_mini,000032,ty,10.0,-1,0.5437,2503,0.1648
kitti_mini,000032,tz,0.0,1,0.567,2486,0.1646
kitti_mini,000032,tz,2.0,1,0.5629,2537,0.1662
kitti_mini,000032,tz,2.0,-1,0.5613,2437,0.1636
kitti_mini,000032,tz,5.0,1,0.5525,2698,0.1684
kitti_mini,000032,tz,5.0,-1,0.5391,2338,0.1615
kitti_mini,000032,tz,10.0,1,0.5236,2888,0.1717
kitti_mini,000032,tz,10.0,-1,0.509,2131,0.1586
kitti_mini,000043,yaw,0.0,1,0.5584,2032,0.1603
kitti_mini,000043,yaw,0.5,1,0.5548,2025,0.1606
kitti_mini,000043,yaw,0.5,-1,0.5072,2061,0.16
kitti_mini,000043,yaw,1.0,1,0.5159,1980,0.1608
kitti_mini,000043,yaw,1.0,-1,0.5011,2108,0.1601
kitti_mini,000043,yaw,2.0,1,0.5074,1934,0.1613
kitti_mini,000043,yaw,2.0,-1,0.5016,2087,0.1597
kitti_mini,000043,yaw,3.0,1,0.5109,1866,0.1616
kitti_mini,000043,yaw,3.0,-1,0.4964,2054,0.1596
kitti_mini,000043,pitch,0.0,1,0.5584,2032,0.1603
kitti_mini,000043,pitch,0.5,1,0.5484,2007,0.1566
kitti_mini,000043,pitch,0.5,-1,0.5495,1995,0.1646
kitti_mini,000043,pitch,1.0,1,0.5364,1994,0.1531
kitti_mini,000043,pitch,1.0,-1,0.5455,2033,0.1679
kitti_mini,000043,pitch,2.0,1,0.5005,2008,0.1456
kitti_mini,000043,pitch,2.0,-1,0.5365,2025,0.1751
kitti_mini,000043,pitch,3.0,1,0.4504,1993,0.138
kitti_mini,000043,pitch,3.0,-1,0.535,2036,0.1823
kitti_mini,000043,roll,0.0,1,0.5584,2032,0.1603
kitti_mini,000043,roll,0.5,1,0.5592,2028,0.1604
kitti_mini,000043,roll,0.5,-1,0.5419,2026,0.1603
kitti_mini,000043,roll,1.0,1,0.5604,2028,0.1603
kitti_mini,000043,roll,1.0,-1,0.5386,2024,0.1604
kitti_mini,000043,roll,2.0,1,0.5559,2022,0.1601
kitti_mini,000043,roll,2.0,-1,0.534,2035,0.1607
kitti_mini,000043,roll,3.0,1,0.5515,2016,0.1605
kitti_mini,000043,roll,3.0,-1,0.5224,2027,0.1606
kitti_mini,000043,tx,0.0,1,0.5584,2032,0.1603
kitti_mini,000043,tx,2.0,1,0.5586,2026,0.1608
kitti_mini,000043,tx,2.0,-1,0.5534,2030,0.1598
kitti_mini,000043,tx,5.0,1,0.5616,2046,0.1621
kitti_mini,000043,tx,5.0,-1,0.547,2028,0.159
kitti_mini,000043,tx,10.0,1,0.5619,2047,0.1638
kitti_mini,000043,tx,10.0,-1,0.5381,2059,0.1578
kitti_mini,000043,ty,0.0,1,0.5584,2032,0.1603
kitti_mini,000043,ty,2.0,1,0.5588,2050,0.1603
kitti_mini,000043,ty,2.0,-1,0.5509,2037,0.1603
kitti_mini,000043,ty,5.0,1,0.5626,2032,0.1604
kitti_mini,000043,ty,5.0,-1,0.5362,2037,0.1603
kitti_mini,000043,ty,10.0,1,0.5484,2051,0.1605
kitti_mini,000043,ty,10.0,-1,0.5166,2057,0.1603
kitti_mini,000043,tz,0.0,1,0.5584,2032,0.1603
kitti_mini,000043,tz,2.0,1,0.5561,2046,0.162
kitti_mini,000043,tz,2.0,-1,0.5501,2004,0.1593
kitti_mini,000043,tz,5.0,1,0.5618,2058,0.1642
kitti_mini,000043,tz,5.0,-1,0.5449,1999,0.1572
kitti_mini,000043,tz,10.0,1,0.5594,2094,0.1675
kitti_mini,000043,tz,10.0,-1,0.5327,1938,0.1543
kitti_mini,000048,yaw,0.0,1,0.6685,5814,0.1616
kitti_mini,000048,yaw,0.5,1,0.6662,5753,0.1617
kitti_mini,000048,yaw,0.5,-1,0.6579,5836,0.1616
kitti_mini,000048,yaw,1.0,1,0.6563,5714,0.1618
kitti_mini,000048,yaw,1.0,-1,0.6476,5876,0.162
kitti_mini,000048,yaw,2.0,1,0.6605,5671,0.1621
kitti_mini,000048,yaw,2.0,-1,0.6215,5963,0.1618
kitti_mini,000048,yaw,3.0,1,0.6463,5621,0.1622
kitti_mini,000048,yaw,3.0,-1,0.5994,5967,0.1614
kitti_mini,000048,pitch,0.0,1,0.6685,5814,0.1616
kitti_mini,000048,pitch,0.5,1,0.6581,5768,0.1579
kitti_mini,000048,pitch,0.5,-1,0.6487,5825,0.166
kitti_mini,000048,pitch,1.0,1,0.6536,5751,0.1546
kitti_mini,000048,pitch,1.0,-1,0.6303,5887,0.1694
kitti_mini,000048,pitch,2.0,1,0.6507,5675,0.1478
kitti_mini,000048,pitch,2.0,-1,0.5928,5943,0.1762
kitti_mini,000048,pitch,3.0,1,0.6391,5555,0.1399
kitti_mini,000048,pitch,3.0,-1,0.5414,6000,0.1833
kitti_mini,000048,roll,0.0,1,0.6685,5814,0.1616
kitti_mini,000048,roll,0.5,1,0.6712,5798,0.1618
kitti_mini,000048,roll,0.5,-1,0.6617,5776,0.1618
kitti_mini,000048,roll,1.0,1,0.6728,5802,0.1618
kitti_mini,000048,roll,1.0,-1,0.6492,5822,0.1619
kitti_mini,000048,roll,2.0,1,0.6735,5772,0.1624
kitti_mini,000048,roll,2.0,-1,0.6317,5832,0.1618
kitti_mini,000048,roll,3.0,1,0.659,5805,0.1625
kitti_mini,000048,roll,3.0,-1,0.6154,5886,0.162
kitti_mini,000048,tx,0.0,1,0.6685,5814,0.1616
kitti_mini,000048,tx,2.0,1,0.67,5805,0.1626
kitti_mini,000048,tx,2.0,-1,0.6688,5753,0.1609
kitti_mini,000048,tx,5.0,1,0.6692,5827,0.1639
kitti_mini,000048,tx,5.0,-1,0.6685,5760,0.16
kitti_mini,000048,tx,10.0,1,0.6708,5933,0.166
kitti_mini,000048,tx,10.0,-1,0.6764,5700,0.1584
kitti_mini,000048,ty,0.0,1,0.6685,5814,0.1616
kitti_mini,000048,ty,2.0,1,0.6715,5803,0.1616
kitti_mini,000048,ty,2.0,-1,0.667,5771,0.1615
kitti_mini,000048,ty,5.0,1,0.6747,5807,0.1619
kitti_mini,000048,ty,5.0,-1,0.669,5789,0.1614
kitti_mini,000048,ty,10.0,1,0.6769,5880,0.1622
kitti_mini,000048,ty,10.0,-1,0.6664,5782,0.1613
kitti_mini,000048,tz,0.0,1,0.6685,5814,0.1616
kitti_mini,000048,tz,2.0,1,0.6692,5952,0.1634
kitti_mini,000048,tz,2.0,-1,0.6651,5705,0.1606
kitti_mini,000048,tz,5.0,1,0.6624,6116,0.166
kitti_mini,000048,tz,5.0,-1,0.6645,5547,0.1586
kitti_mini,000048,tz,10.0,1,0.6521,6450,0.1695
kitti_mini,000048,tz,10.0,-1,0.6599,5237,0.1554
kitti_mini,000049,yaw,0.0,1,0.5834,3121,0.1591
kitti_mini,000049,yaw,0.5,1,0.578,3140,0.1595
kitti_mini,000049,yaw,0.5,-1,0.5545,3098,0.1586
kitti_mini,000049,yaw,1.0,1,0.5431,3139,0.1599
kitti_mini,000049,yaw,1.0,-1,0.536,3095,0.1582
kitti_mini,000049,yaw,2.0,1,0.5123,3139,0.1603
kitti_mini,000049,yaw,2.0,-1,0.51,3099,0.1574
kitti_mini,000049,yaw,3.0,1,0.5168,3134,0.1604
kitti_mini,000049,yaw,3.0,-1,0.4964,3103,0.1565
kitti_mini,000049,pitch,0.0,1,0.5834,3121,0.1591
kitti_mini,000049,pitch,0.5,1,0.5315,3101,0.1553
kitti_mini,000049,pitch,0.5,-1,0.5445,3139,0.1632
kitti_mini,000049,pitch,1.0,1,0.4948,3054,0.1516
kitti_mini,000049,pitch,1.0,-1,0.5087,3149,0.1666
kitti_mini,000049,pitch,2.0,1,0.4514,3003,0.1439
kitti_mini,000049,pitch,2.0,-1,0.4637,3194,0.1742
kitti_mini,000049,pitch,3.0,1,0.3832,2996,0.1362
kitti_mini,000049,pitch,3.0,-1,0.4825,3212,0.1818
kitti_mini,000049,roll,0.0,1,0.5834,3121,0.1591
kitti_mini,000049,roll,0.5,1,0.5482,3099,0.159
kitti_mini,000049,roll,0.5,-1,0.5837,3120,0.1589
kitti_mini,000049,roll,1.0,1,0.5098,3138,0.1589
kitti_mini,000049,roll,1.0,-1,0.5618,3105,0.159
kitti_mini,000049,roll,2.0,1,0.4689,3136,0.1588
kitti_mini,000049,roll,2.0,-1,0.5322,3122,0.1593
kitti_mini,000049,roll,3.0,1,0.4393,3141,0.1592
kitti_mini,000049,roll,3.0,-1,0.5072,3123,0.1593
kitti_mini,000049,tx,0.0,1,0.5834,3121,0.1591
kitti_mini,000049,tx,2.0,1,0.5873,3125,0.1596
kitti_mini,000049,tx,2.0,-1,0.5824,3115,0.1587
kitti_mini,000049,tx,5.0,1,0.5902,3145,0.1606
kitti_mini,000049,tx,5.0,-1,0.5771,3097,0.1578
kitti_mini,000049,tx,10.0,1,0.5856,3130,0.1621
kitti_mini,000049,tx,10.0,-1,0.5712,3092,0.1565
kitti_mini,000049,ty,0.0,1,0.5834,3121,0.1591
kitti_mini,000049,ty,2.0,1,0.5883,3103,0.1592
kitti_mini,000049,ty,2.0,-1,0.5794,3145,0.1591
kitti_mini,000049,ty,5.0,1,0.5883,3068,0.1592
kitti_mini,000049,ty,5.0,-1,0.5758,3146,0.159
kitti_mini,000049,ty,10.0,1,0.575,3068,0.1593
kitti_mini,000049,ty,10.0,-1,0.5612,3212,0.1589
kitti_mini,000049,tz,0.0,1,0.5834,3121,0.1591
kitti_mini,000049,tz,2.0,1,0.5849,3245,0.1606
kitti_mini,000049,tz,2.0,-1,0.5815,3008,0.1579
kitti_mini,000049,tz,5.0,1,0.5761,3410,0.1625
kitti_mini,000049,tz,5.0,-1,0.5684,2865,0.1556
kitti_mini,000049,tz,10.0,1,0.5483,3638,0.1664
kitti_mini,000049,tz,10.0,-1,0.537,2561,0.1526
kitti_mini,000061,yaw,0.0,1,0.4324,482,0.158
kitti_mini,000061,yaw,0.5,1,0.3613,447,0.1582
kitti_mini,000061,yaw,0.5,-1,0.4253,498,0.1578
kitti_mini,000061,yaw,1.0,1,0.3391,414,0.1583
kitti_mini,000061,yaw,1.0,-1,0.3835,500,0.1576
kitti_mini,000061,yaw,2.0,1,0.3529,374,0.1586
kitti_mini,000061,yaw,2.0,-1,0.3497,537,0.1572
kitti_mini,000061,yaw,3.0,1,0.3614,335,0.1589
kitti_mini,000061,yaw,3.0,-1,0.3353,554,0.1569
kitti_mini,000061,pitch,0.0,1,0.4324,482,0.158
kitti_mini,000061,pitch,0.5,1,0.4095,481,0.1543
kitti_mini,000061,pitch,0.5,-1,0.4463,476,0.1621
kitti_mini,000061,pitch,1.0,1,0.446,473,0.1507
kitti_mini,000061,pitch,1.0,-1,0.4273,471,0.1655
kitti_mini,000061,pitch,2.0,1,0.3149,456,0.1433
kitti_mini,000061,pitch,2.0,-1,0.4118,479,0.1727
kitti_mini,000061,pitch,3.0,1,0.3509,459,0.1357
kitti_mini,000061,pitch,3.0,-1,0.3823,479,0.1799
kitti_mini,000061,roll,0.0,1,0.4324,482,0.158
kitti_mini,000061,roll,0.5,1,0.4529,480,0.158
kitti_mini,000061,roll,0.5,-1,0.4045,476,0.1579
kitti_mini,000061,roll,1.0,1,0.4482,469,0.158
kitti_mini,000061,roll,1.0,-1,0.4157,481,0.1578
kitti_mini,000061,roll,2.0,1,0.4402,479,0.1579
kitti_mini,000061,roll,2.0,-1,0.3966,481,0.1582
kitti_mini,000061,roll,3.0,1,0.4501,481,0.1581
kitti_mini,000061,roll,3.0,-1,0.313,482,0.1581
kitti_mini,000061,tx,0.0,1,0.4324,482,0.158
kitti_mini,000061,tx,2.0,1,0.442,485,0.1584
kitti_mini,000061,tx,2.0,-1,0.43,484,0.1576
kitti_mini,000061,tx,5.0,1,0.4379,483,0.1593
kitti_mini,000061,tx,5.0,-1,0.4301,459,0.1569
kitti_mini,000061,tx,10.0,1,0.4483,501,0.1607
kitti_mini,000061,tx,10.0,-1,0.4154,454,0.1559
kitti_mini,000061,ty,0.0,1,0.4324,482,0.158
kitti_mini,000061,ty,2.0,1,0.4333,481,0.158
kitti_mini,000061,ty,2.0,-1,0.4296,477,0.158
kitti_mini,000061,ty,5.0,1,0.4308,468,0.1581
kitti_mini,000061,ty,5.0,-1,0.4357,482,0.158
kitti_mini,000061,ty,10.0,1,0.4265,466,0.1581
kitti_mini,000061,ty,10.0,-1,0.4266,479,0.1578
kitti_mini,000061,tz,0.0,1,0.4324,482,0.158
kitti_mini,000061,tz,2.0,1,0.4406,486,0.1594
kitti_mini,000061,tz,2.0,-1,0.4192,472,0.157
kitti_mini,000061,tz,5.0,1,0.4405,495,0.1612
kitti_mini,000061,tz,5.0,-1,0.4175,471,0.1549
kitti_mini,000061,tz,10.0,1,0.4387,515,0.1646
kitti_mini,000061,tz,10.0,-1,0.4038,447,0.1525
nuscenes_mini_subset,scene-0103_000,yaw,0.0,1,0.285,68,0.0859
nuscenes_mini_subset,scene-0103_000,yaw,0.5,1,0.2608,65,0.0855
nuscenes_mini_subset,scene-0103_000,yaw,0.5,-1,0.2166,65,0.0863
nuscenes_mini_subset,scene-0103_000,yaw,1.0,1,0.1998,67,0.0851
nuscenes_mini_subset,scene-0103_000,yaw,1.0,-1,0.2069,65,0.0866
nuscenes_mini_subset,scene-0103_000,yaw,2.0,1,0.2332,64,0.0844
nuscenes_mini_subset,scene-0103_000,yaw,2.0,-1,0.1823,73,0.0873
nuscenes_mini_subset,scene-0103_000,yaw,3.0,1,0.2325,59,0.0839
nuscenes_mini_subset,scene-0103_000,yaw,3.0,-1,0.1969,73,0.0879
nuscenes_mini_subset,scene-0103_000,pitch,0.0,1,0.285,68,0.0859
nuscenes_mini_subset,scene-0103_000,pitch,0.5,1,0.2786,65,0.0861
nuscenes_mini_subset,scene-0103_000,pitch,0.5,-1,0.2769,67,0.0858
nuscenes_mini_subset,scene-0103_000,pitch,1.0,1,0.2802,64,0.0862
nuscenes_mini_subset,scene-0103_000,pitch,1.0,-1,0.2833,67,0.0858
nuscenes_mini_subset,scene-0103_000,pitch,2.0,1,0.2296,64,0.0862
nuscenes_mini_subset,scene-0103_000,pitch,2.0,-1,0.2639,67,0.0854
nuscenes_mini_subset,scene-0103_000,pitch,3.0,1,0.2097,66,0.0862
nuscenes_mini_subset,scene-0103_000,pitch,3.0,-1,0.2359,68,0.0848
nuscenes_mini_subset,scene-0103_000,roll,0.0,1,0.285,68,0.0859
nuscenes_mini_subset,scene-0103_000,roll,0.5,1,0.2519,63,0.087
nuscenes_mini_subset,scene-0103_000,roll,0.5,-1,0.2818,68,0.0843
nuscenes_mini_subset,scene-0103_000,roll,1.0,1,0.2262,64,0.0899
nuscenes_mini_subset,scene-0103_000,roll,1.0,-1,0.227,65,0.0818
nuscenes_mini_subset,scene-0103_000,roll,2.0,1,0.2084,66,0.093
nuscenes_mini_subset,scene-0103_000,roll,2.0,-1,0.178,63,0.0784
nuscenes_mini_subset,scene-0103_000,roll,3.0,1,0.1559,65,0.0965
nuscenes_mini_subset,scene-0103_000,roll,3.0,-1,0.1649,73,0.075
nuscenes_mini_subset,scene-0103_000,tx,0.0,1,0.285,68,0.0859
nuscenes_mini_subset,scene-0103_000,tx,2.0,1,0.2908,71,0.0859
nuscenes_mini_subset,scene-0103_000,tx,2.0,-1,0.2857,67,0.0859
nuscenes_mini_subset,scene-0103_000,tx,5.0,1,0.2668,73,0.0859
nuscenes_mini_subset,scene-0103_000,tx,5.0,-1,0.2597,65,0.086
nuscenes_mini_subset,scene-0103_000,tx,10.0,1,0.2524,74,0.086
nuscenes_mini_subset,scene-0103_000,tx,10.0,-1,0.2468,67,0.086
nuscenes_mini_subset,scene-0103_000,ty,0.0,1,0.285,68,0.0859
nuscenes_mini_subset,scene-0103_000,ty,2.0,1,0.2996,66,0.0862
nuscenes_mini_subset,scene-0103_000,ty,2.0,-1,0.273,65,0.0856
nuscenes_mini_subset,scene-0103_000,ty,5.0,1,0.3094,67,0.0866
nuscenes_mini_subset,scene-0103_000,ty,5.0,-1,0.2578,70,0.0852
nuscenes_mini_subset,scene-0103_000,ty,10.0,1,0.2955,66,0.0872
nuscenes_mini_subset,scene-0103_000,ty,10.0,-1,0.2508,72,0.0845
nuscenes_mini_subset,scene-0103_000,tz,0.0,1,0.285,68,0.0859
nuscenes_mini_subset,scene-0103_000,tz,2.0,1,0.2778,64,0.0864
nuscenes_mini_subset,scene-0103_000,tz,2.0,-1,0.276,70,0.0853
nuscenes_mini_subset,scene-0103_000,tz,5.0,1,0.3149,74,0.087
nuscenes_mini_subset,scene-0103_000,tz,5.0,-1,0.283,85,0.0843
nuscenes_mini_subset,scene-0103_000,tz,10.0,1,0.3191,75,0.09
nuscenes_mini_subset,scene-0103_000,tz,10.0,-1,0.3002,95,0.0819
nuscenes_mini_subset,scene-0103_001,yaw,0.0,1,0.2254,90,0.0878
nuscenes_mini_subset,scene-0103_001,yaw,0.5,1,0.1443,91,0.0875
nuscenes_mini_subset,scene-0103_001,yaw,0.5,-1,0.1478,93,0.088
nuscenes_mini_subset,scene-0103_001,yaw,1.0,1,0.1334,88,0.0871
nuscenes_mini_subset,scene-0103_001,yaw,1.0,-1,0.2095,96,0.0881
nuscenes_mini_subset,scene-0103_001,yaw,2.0,1,0.1346,84,0.0866
nuscenes_mini_subset,scene-0103_001,yaw,2.0,-1,0.1572,103,0.0889
nuscenes_mini_subset,scene-0103_001,yaw,3.0,1,0.1575,84,0.0863
nuscenes_mini_subset,scene-0103_001,yaw,3.0,-1,0.1878,115,0.0894
nuscenes_mini_subset,scene-0103_001,pitch,0.0,1,0.2254,90,0.0878
nuscenes_mini_subset,scene-0103_001,pitch,0.5,1,0.228,90,0.088
nuscenes_mini_subset,scene-0103_001,pitch,0.5,-1,0.2057,88,0.0877
nuscenes_mini_subset,scene-0103_001,pitch,1.0,1,0.2127,88,0.088
nuscenes_mini_subset,scene-0103_001,pitch,1.0,-1,0.2209,90,0.0877
nuscenes_mini_subset,scene-0103_001,pitch,2.0,1,0.1763,93,0.0881
nuscenes_mini_subset,scene-0103_001,pitch,2.0,-1,0.2012,90,0.0874
nuscenes_mini_subset,scene-0103_001,pitch,3.0,1,0.157,88,0.088
nuscenes_mini_subset,scene-0103_001,pitch,3.0,-1,0.2328,88,0.0867
nuscenes_mini_subset,scene-0103_001,roll,0.0,1,0.2254,90,0.0878
nuscenes_mini_subset,scene-0103_001,roll,0.5,1,0.2118,87,0.089
nuscenes_mini_subset,scene-0103_001,roll,0.5,-1,0.2026,91,0.0861
nuscenes_mini_subset,scene-0103_001,roll,1.0,1,0.1891,84,0.0917
nuscenes_mini_subset,scene-0103_001,roll,1.0,-1,0.1912,88,0.0837
nuscenes_mini_subset,scene-0103_001,roll,2.0,1,0.1872,84,0.095
nuscenes_mini_subset,scene-0103_001,roll,2.0,-1,0.2637,95,0.0803
nuscenes_mini_subset,scene-0103_001,roll,3.0,1,0.1578,85,0.0983
nuscenes_mini_subset,scene-0103_001,roll,3.0,-1,0.1962,92,0.0768
nuscenes_mini_subset,scene-0103_001,tx,0.0,1,0.2254,90,0.0878
nuscenes_mini_subset,scene-0103_001,tx,2.0,1,0.2384,92,0.0879
nuscenes_mini_subset,scene-0103_001,tx,2.0,-1,0.2216,91,0.0878
nuscenes_mini_subset,scene-0103_001,tx,5.0,1,0.2211,90,0.0879
nuscenes_mini_subset,scene-0103_001,tx,5.0,-1,0.2237,86,0.0879
nuscenes_mini_subset,scene-0103_001,tx,10.0,1,0.1983,87,0.0878
nuscenes_mini_subset,scene-0103_001,tx,10.0,-1,0.2134,95,0.0879
nuscenes_mini_subset,scene-0103_001,ty,0.0,1,0.2254,90,0.0878
nuscenes_mini_subset,scene-0103_001,ty,2.0,1,0.2432,89,0.0882
nuscenes_mini_subset,scene-0103_001,ty,2.0,-1,0.2173,91,0.0875
nuscenes_mini_subset,scene-0103_001,ty,5.0,1,0.2401,88,0.0885
nuscenes_mini_subset,scene-0103_001,ty,5.0,-1,0.2084,90,0.0872
nuscenes_mini_subset,scene-0103_001,ty,10.0,1,0.2602,82,0.0891
nuscenes_mini_subset,scene-0103_001,ty,10.0,-1,0.1959,91,0.0864
nuscenes_mini_subset,scene-0103_001,tz,0.0,1,0.2254,90,0.0878
nuscenes_mini_subset,scene-0103_001,tz,2.0,1,0.2267,85,0.0883
nuscenes_mini_subset,scene-0103_001,tz,2.0,-1,0.2241,90,0.0873
nuscenes_mini_subset,scene-0103_001,tz,5.0,1,0.2443,78,0.0889
nuscenes_mini_subset,scene-0103_001,tz,5.0,-1,0.2159,95,0.0862
nuscenes_mini_subset,scene-0103_001,tz,10.0,1,0.2803,59,0.0919
nuscenes_mini_subset,scene-0103_001,tz,10.0,-1,0.2003,103,0.0838
nuscenes_mini_subset,scene-0103_002,yaw,0.0,1,0.2621,72,0.0887
nuscenes_mini_subset,scene-0103_002,yaw,0.5,1,0.2218,72,0.0886
nuscenes_mini_subset,scene-0103_002,yaw,0.5,-1,0.2144,76,0.089
nuscenes_mini_subset,scene-0103_002,yaw,1.0,1,0.2367,69,0.0884
nuscenes_mini_subset,scene-0103_002,yaw,1.0,-1,0.2157,81,0.0889
nuscenes_mini_subset,scene-0103_002,yaw,2.0,1,0.2233,62,0.0878
nuscenes_mini_subset,scene-0103_002,yaw,2.0,-1,0.1757,76,0.0886
nuscenes_mini_subset,scene-0103_002,yaw,3.0,1,0.2691,75,0.0873
nuscenes_mini_subset,scene-0103_002,yaw,3.0,-1,0.2511,79,0.089
nuscenes_mini_subset,scene-0103_002,pitch,0.0,1,0.2621,72,0.0887
nuscenes_mini_subset,scene-0103_002,pitch,0.5,1,0.25,69,0.0891
nuscenes_mini_subset,scene-0103_002,pitch,0.5,-1,0.2351,77,0.0887
nuscenes_mini_subset,scene-0103_002,pitch,1.0,1,0.2537,75,0.0891
nuscenes_mini_subset,scene-0103_002,pitch,1.0,-1,0.2812,74,0.0885
nuscenes_mini_subset,scene-0103_002,pitch,2.0,1,0.2863,71,0.089
nuscenes_mini_subset,scene-0103_002,pitch,2.0,-1,0.264,91,0.0882
nuscenes_mini_subset,scene-0103_002,pitch,3.0,1,0.2514,70,0.0891
nuscenes_mini_subset,scene-0103_002,pitch,3.0,-1,0.284,72,0.0877
nuscenes_mini_subset,scene-0103_002,roll,0.0,1,0.2621,72,0.0887
nuscenes_mini_subset,scene-0103_002,roll,0.5,1,0.3336,71,0.0899
nuscenes_mini_subset,scene-0103_002,roll,0.5,-1,0.2214,77,0.0872
nuscenes_mini_subset,scene-0103_002,roll,1.0,1,0.2979,69,0.0928
nuscenes_mini_subset,scene-0103_002,roll,1.0,-1,0.2391,85,0.0846
nuscenes_mini_subset,scene-0103_002,roll,2.0,1,0.2471,69,0.0959
nuscenes_mini_subset,scene-0103_002,roll,2.0,-1,0.2172,77,0.081
nuscenes_mini_subset,scene-0103_002,roll,3.0,1,0.1768,66,0.0994
nuscenes_mini_subset,scene-0103_002,roll,3.0,-1,0.1722,87,0.0777
nuscenes_mini_subset,scene-0103_002,tx,0.0,1,0.2621,72,0.0887
nuscenes_mini_subset,scene-0103_002,tx,2.0,1,0.2775,71,0.0888
nuscenes_mini_subset,scene-0103_002,tx,2.0,-1,0.2497,76,0.0889
nuscenes_mini_subset,scene-0103_002,tx,5.0,1,0.2717,68,0.0887
nuscenes_mini_subset,scene-0103_002,tx,5.0,-1,0.2605,81,0.0888
nuscenes_mini_subset,scene-0103_002,tx,10.0,1,0.3001,73,0.0887
nuscenes_mini_subset,scene-0103_002,tx,10.0,-1,0.2803,78,0.0888
nuscenes_mini_subset,scene-0103_002,ty,0.0,1,0.2621,72,0.0887
nuscenes_mini_subset,scene-0103_002,ty,2.0,1,0.2538,75,0.089
nuscenes_mini_subset,scene-0103_002,ty,2.0,-1,0.2416,78,0.0886
nuscenes_mini_subset,scene-0103_002,ty,5.0,1,0.2629,74,0.0894
nuscenes_mini_subset,scene-0103_002,ty,5.0,-1,0.2602,73,0.0882
nuscenes_mini_subset,scene-0103_002,ty,10.0,1,0.2585,70,0.09
nuscenes_mini_subset,scene-0103_002,ty,10.0,-1,0.2396,75,0.0873
nuscenes_mini_subset,scene-0103_002,tz,0.0,1,0.2621,72,0.0887
nuscenes_mini_subset,scene-0103_002,tz,2.0,1,0.2926,63,0.0892
nuscenes_mini_subset,scene-0103_002,tz,2.0,-1,0.228,85,0.0882
nuscenes_mini_subset,scene-0103_002,tz,5.0,1,0.3066,55,0.0899
nuscenes_mini_subset,scene-0103_002,tz,5.0,-1,0.2113,91,0.0872
nuscenes_mini_subset,scene-0103_002,tz,10.0,1,0.3306,51,0.0928
nuscenes_mini_subset,scene-0103_002,tz,10.0,-1,0.1994,93,0.0848
nuscenes_mini_subset,scene-0103_003,yaw,0.0,1,0.3805,55,0.0893
nuscenes_mini_subset,scene-0103_003,yaw,0.5,1,0.2749,55,0.0893
nuscenes_mini_subset,scene-0103_003,yaw,0.5,-1,0.3242,55,0.089
nuscenes_mini_subset,scene-0103_003,yaw,1.0,1,0.2748,53,0.0894
nuscenes_mini_subset,scene-0103_003,yaw,1.0,-1,0.3229,51,0.0892
nuscenes_mini_subset,scene-0103_003,yaw,2.0,1,0.3121,53,0.0893
nuscenes_mini_subset,scene-0103_003,yaw,2.0,-1,0.3049,54,0.0891
nuscenes_mini_subset,scene-0103_003,yaw,3.0,1,0.3182,53,0.089
nuscenes_mini_subset,scene-0103_003,yaw,3.0,-1,0.1848,54,0.0892
nuscenes_mini_subset,scene-0103_003,pitch,0.0,1,0.3805,55,0.0893
nuscenes_mini_subset,scene-0103_003,pitch,0.5,1,0.3808,53,0.0895
nuscenes_mini_subset,scene-0103_003,pitch,0.5,-1,0.3804,53,0.0891
nuscenes_mini_subset,scene-0103_003,pitch,1.0,1,0.3474,52,0.0895
nuscenes_mini_subset,scene-0103_003,pitch,1.0,-1,0.4164,51,0.089
nuscenes_mini_subset,scene-0103_003,pitch,2.0,1,0.3112,56,0.0893
nuscenes_mini_subset,scene-0103_003,pitch,2.0,-1,0.3683,55,0.0889
nuscenes_mini_subset,scene-0103_003,pitch,3.0,1,0.2715,55,0.0893
nuscenes_mini_subset,scene-0103_003,pitch,3.0,-1,0.355,51,0.0882
nuscenes_mini_subset,scene-0103_003,roll,0.0,1,0.3805,55,0.0893
nuscenes_mini_subset,scene-0103_003,roll,0.5,1,0.3446,53,0.0904
nuscenes_mini_subset,scene-0103_003,roll,0.5,-1,0.39,55,0.0876
nuscenes_mini_subset,scene-0103_003,roll,1.0,1,0.3547,50,0.093
nuscenes_mini_subset,scene-0103_003,roll,1.0,-1,0.3662,56,0.0851
nuscenes_mini_subset,scene-0103_003,roll,2.0,1,0.2427,50,0.0963
nuscenes_mini_subset,scene-0103_003,roll,2.0,-1,0.4217,57,0.0815
nuscenes_mini_subset,scene-0103_003,roll,3.0,1,0.2079,48,0.0998
nuscenes_mini_subset,scene-0103_003,roll,3.0,-1,0.3718,58,0.0782
nuscenes_mini_subset,scene-0103_003,tx,0.0,1,0.3805,55,0.0893
nuscenes_mini_subset,scene-0103_003,tx,2.0,1,0.3843,55,0.0892
nuscenes_mini_subset,scene-0103_003,tx,2.0,-1,0.3813,55,0.0893
nuscenes_mini_subset,scene-0103_003,tx,5.0,1,0.3513,53,0.0891
nuscenes_mini_subset,scene-0103_003,tx,5.0,-1,0.3779,50,0.0892
nuscenes_mini_subset,scene-0103_003,tx,10.0,1,0.3496,51,0.0892
nuscenes_mini_subset,scene-0103_003,tx,10.0,-1,0.356,50,0.0894
nuscenes_mini_subset,scene-0103_003,ty,0.0,1,0.3805,55,0.0893
nuscenes_mini_subset,scene-0103_003,ty,2.0,1,0.3682,55,0.0895
nuscenes_mini_subset,scene-0103_003,ty,2.0,-1,0.3937,56,0.089
nuscenes_mini_subset,scene-0103_003,ty,5.0,1,0.3468,56,0.0898
nuscenes_mini_subset,scene-0103_003,ty,5.0,-1,0.4256,53,0.0885
nuscenes_mini_subset,scene-0103_003,ty,10.0,1,0.3309,55,0.0905
nuscenes_mini_subset,scene-0103_003,ty,10.0,-1,0.4041,56,0.0878
nuscenes_mini_subset,scene-0103_003,tz,0.0,1,0.3805,55,0.0893
nuscenes_mini_subset,scene-0103_003,tz,2.0,1,0.39,52,0.0898
nuscenes_mini_subset,scene-0103_003,tz,2.0,-1,0.3973,57,0.0887
nuscenes_mini_subset,scene-0103_003,tz,5.0,1,0.4136,46,0.0904
nuscenes_mini_subset,scene-0103_003,tz,5.0,-1,0.3571,68,0.0877
nuscenes_mini_subset,scene-0103_003,tz,10.0,1,0.3806,36,0.0933
nuscenes_mini_subset,scene-0103_003,tz,10.0,-1,0.3511,76,0.0853
nuscenes_mini_subset,scene-0103_004,yaw,0.0,1,0.3015,58,0.088
nuscenes_mini_subset,scene-0103_004,yaw,0.5,1,0.219,56,0.0877
nuscenes_mini_subset,scene-0103_004,yaw,0.5,-1,0.2763,61,0.088
nuscenes_mini_subset,scene-0103_004,yaw,1.0,1,0.1723,58,0.0879
nuscenes_mini_subset,scene-0103_004,yaw,1.0,-1,0.2747,47,0.0881
nuscenes_mini_subset,scene-0103_004,yaw,2.0,1,0.2219,61,0.0881
nuscenes_mini_subset,scene-0103_004,yaw,2.0,-1,0.2566,53,0.0884
nuscenes_mini_subset,scene-0103_004,yaw,3.0,1,0.2403,58,0.0883
nuscenes_mini_subset,scene-0103_004,yaw,3.0,-1,0.2018,54,0.088
nuscenes_mini_subset,scene-0103_004,pitch,0.0,1,0.3015,58,0.088
nuscenes_mini_subset,scene-0103_004,pitch,0.5,1,0.324,59,0.0881
nuscenes_mini_subset,scene-0103_004,pitch,0.5,-1,0.3319,58,0.0879
nuscenes_mini_subset,scene-0103_004,pitch,1.0,1,0.3047,59,0.0881
nuscenes_mini_subset,scene-0103_004,pitch,1.0,-1,0.3191,61,0.0878
nuscenes_mini_subset,scene-0103_004,pitch,2.0,1,0.2323,59,0.088
nuscenes_mini_subset,scene-0103_004,pitch,2.0,-1,0.3163,60,0.0875
nuscenes_mini_subset,scene-0103_004,pitch,3.0,1,0.1687,54,0.0882
nuscenes_mini_subset,scene-0103_004,pitch,3.0,-1,0.2762,60,0.0871
nuscenes_mini_subset,scene-0103_004,roll,0.0,1,0.3015,58,0.088
nuscenes_mini_subset,scene-0103_004,roll,0.5,1,0.2603,60,0.0891
nuscenes_mini_subset,scene-0103_004,roll,0.5,-1,0.3712,58,0.0863
nuscenes_mini_subset,scene-0103_004,roll,1.0,1,0.2632,59,0.0918
nuscenes_mini_subset,scene-0103_004,roll,1.0,-1,0.3104,58,0.0837
nuscenes_mini_subset,scene-0103_004,roll,2.0,1,0.2594,59,0.0949
nuscenes_mini_subset,scene-0103_004,roll,2.0,-1,0.2635,63,0.0803
nuscenes_mini_subset,scene-0103_004,roll,3.0,1,0.2539,59,0.0983
nuscenes_mini_subset,scene-0103_004,roll,3.0,-1,0.2771,59,0.0771
nuscenes_mini_subset,scene-0103_004,tx,0.0,1,0.3015,58,0.088
nuscenes_mini_subset,scene-0103_004,tx,2.0,1,0.2791,61,0.0879
nuscenes_mini_subset,scene-0103_004,tx,2.0,-1,0.3047,56,0.0879
nuscenes_mini_subset,scene-0103_004,tx,5.0,1,0.2604,59,0.0879
nuscenes_mini_subset,scene-0103_004,tx,5.0,-1,0.3055,54,0.0879
nuscenes_mini_subset,scene-0103_004,tx,10.0,1,0.2364,61,0.0878
nuscenes_mini_subset,scene-0103_004,tx,10.0,-1,0.2464,52,0.088
nuscenes_mini_subset,scene-0103_004,ty,0.0,1,0.3015,58,0.088
nuscenes_mini_subset,scene-0103_004,ty,2.0,1,0.2863,60,0.0882
nuscenes_mini_subset,scene-0103_004,ty,2.0,-1,0.3054,59,0.0877
nuscenes_mini_subset,scene-0103_004,ty,5.0,1,0.3111,57,0.0885
nuscenes_mini_subset,scene-0103_004,ty,5.0,-1,0.278,60,0.0872
nuscenes_mini_subset,scene-0103_004,ty,10.0,1,0.2822,62,0.0894
nuscenes_mini_subset,scene-0103_004,ty,10.0,-1,0.2424,53,0.0864
nuscenes_mini_subset,scene-0103_004,tz,0.0,1,0.3015,58,0.088
nuscenes_mini_subset,scene-0103_004,tz,2.0,1,0.2755,57,0.0885
nuscenes_mini_subset,scene-0103_004,tz,2.0,-1,0.2853,62,0.0875
nuscenes_mini_subset,scene-0103_004,tz,5.0,1,0.2767,66,0.0891
nuscenes_mini_subset,scene-0103_004,tz,5.0,-1,0.3313,58,0.0864
nuscenes_mini_subset,scene-0103_004,tz,10.0,1,0.3339,82,0.092
nuscenes_mini_subset,scene-0103_004,tz,10.0,-1,0.3136,74,0.084
nuscenes_mini_subset,scene-0103_005,yaw,0.0,1,0.2341,48,0.0888
nuscenes_mini_subset,scene-0103_005,yaw,0.5,1,0.179,51,0.089
nuscenes_mini_subset,scene-0103_005,yaw,0.5,-1,0.2032,52,0.0886
nuscenes_mini_subset,scene-0103_005,yaw,1.0,1,0.1862,51,0.0889
nuscenes_mini_subset,scene-0103_005,yaw,1.0,-1,0.2548,50,0.0885
nuscenes_mini_subset,scene-0103_005,yaw,2.0,1,0.2132,65,0.0895
nuscenes_mini_subset,scene-0103_005,yaw,2.0,-1,0.2518,53,0.0882
nuscenes_mini_subset,scene-0103_005,yaw,3.0,1,0.108,71,0.0899
nuscenes_mini_subset,scene-0103_005,yaw,3.0,-1,0.2639,47,0.088
nuscenes_mini_subset,scene-0103_005,pitch,0.0,1,0.2341,48,0.0888
nuscenes_mini_subset,scene-0103_005,pitch,0.5,1,0.2358,49,0.0889
nuscenes_mini_subset,scene-0103_005,pitch,0.5,-1,0.2116,51,0.0887
nuscenes_mini_subset,scene-0103_005,pitch,1.0,1,0.2214,51,0.089
nuscenes_mini_subset,scene-0103_005,pitch,1.0,-1,0.1807,52,0.0885
nuscenes_mini_subset,scene-0103_005,pitch,2.0,1,0.2196,55,0.089
nuscenes_mini_subset,scene-0103_005,pitch,2.0,-1,0.1818,49,0.0882
nuscenes_mini_subset,scene-0103_005,pitch,3.0,1,0.2149,55,0.0891
nuscenes_mini_subset,scene-0103_005,pitch,3.0,-1,0.1697,55,0.0875
nuscenes_mini_subset,scene-0103_005,roll,0.0,1,0.2341,48,0.0888
nuscenes_mini_subset,scene-0103_005,roll,0.5,1,0.2396,49,0.0897
nuscenes_mini_subset,scene-0103_005,roll,0.5,-1,0.196,52,0.0874
nuscenes_mini_subset,scene-0103_005,roll,1.0,1,0.266,49,0.0927
nuscenes_mini_subset,scene-0103_005,roll,1.0,-1,0.2699,52,0.0848
nuscenes_mini_subset,scene-0103_005,roll,2.0,1,0.2141,49,0.096
nuscenes_mini_subset,scene-0103_005,roll,2.0,-1,0.2231,59,0.0817
nuscenes_mini_subset,scene-0103_005,roll,3.0,1,0.2128,51,0.0991
nuscenes_mini_subset,scene-0103_005,roll,3.0,-1,0.2608,62,0.0783
nuscenes_mini_subset,scene-0103_005,tx,0.0,1,0.2341,48,0.0888
nuscenes_mini_subset,scene-0103_005,tx,2.0,1,0.2423,54,0.0888
nuscenes_mini_subset,scene-0103_005,tx,2.0,-1,0.2348,51,0.0889
nuscenes_mini_subset,scene-0103_005,tx,5.0,1,0.2227,57,0.0887
nuscenes_mini_subset,scene-0103_005,tx,5.0,-1,0.215,49,0.0889
nuscenes_mini_subset,scene-0103_005,tx,10.0,1,0.2024,63,0.0887
nuscenes_mini_subset,scene-0103_005,tx,10.0,-1,0.217,43,0.0889
nuscenes_mini_subset,scene-0103_005,ty,0.0,1,0.2341,48,0.0888
nuscenes_mini_subset,scene-0103_005,ty,2.0,1,0.2187,53,0.0891
nuscenes_mini_subset,scene-0103_005,ty,2.0,-1,0.2221,50,0.0886
nuscenes_mini_subset,scene-0103_005,ty,5.0,1,0.2525,54,0.0895
nuscenes_mini_subset,scene-0103_005,ty,5.0,-1,0.2278,51,0.0881
nuscenes_mini_subset,scene-0103_005,ty,10.0,1,0.2276,59,0.0902
nuscenes_mini_subset,scene-0103_005,ty,10.0,-1,0.2078,52,0.0874
nuscenes_mini_subset,scene-0103_005,tz,0.0,1,0.2341,48,0.0888
nuscenes_mini_subset,scene-0103_005,tz,2.0,1,0.2387,48,0.0893
nuscenes_mini_subset,scene-0103_005,tz,2.0,-1,0.1891,60,0.0882
nuscenes_mini_subset,scene-0103_005,tz,5.0,1,0.239,45,0.0904
nuscenes_mini_subset,scene-0103_005,tz,5.0,-1,0.1508,71,0.0872
nuscenes_mini_subset,scene-0103_005,tz,10.0,1,0.16,60,0.093
nuscenes_mini_subset,scene-0103_005,tz,10.0,-1,0.1428,70,0.0847
nuscenes_mini_subset,scene-0103_006,yaw,0.0,1,0.2992,31,0.0917
nuscenes_mini_subset,scene-0103_006,yaw,0.5,1,0.1964,26,0.0918
nuscenes_mini_subset,scene-0103_006,yaw,0.5,-1,0.1767,29,0.0916
nuscenes_mini_subset,scene-0103_006,yaw,1.0,1,0.1068,30,0.0918
nuscenes_mini_subset,scene-0103_006,yaw,1.0,-1,0.1798,31,0.0916
nuscenes_mini_subset,scene-0103_006,yaw,2.0,1,0.1018,33,0.0918
nuscenes_mini_subset,scene-0103_006,yaw,2.0,-1,0.1205,34,0.0915
nuscenes_mini_subset,scene-0103_006,yaw,3.0,1,0.1852,35,0.0918
nuscenes_mini_subset,scene-0103_006,yaw,3.0,-1,0.0982,34,0.0915
nuscenes_mini_subset,scene-0103_006,pitch,0.0,1,0.2992,31,0.0917
nuscenes_mini_subset,scene-0103_006,pitch,0.5,1,0.2711,30,0.0919
nuscenes_mini_subset,scene-0103_006,pitch,0.5,-1,0.3162,32,0.0916
nuscenes_mini_subset,scene-0103_006,pitch,1.0,1,0.253,31,0.0919
nuscenes_mini_subset,scene-0103_006,pitch,1.0,-1,0.2939,33,0.0915
nuscenes_mini_subset,scene-0103_006,pitch,2.0,1,0.2711,31,0.0917
nuscenes_mini_subset,scene-0103_006,pitch,2.0,-1,0.2809,33,0.0912
nuscenes_mini_subset,scene-0103_006,pitch,3.0,1,0.2307,30,0.0918
nuscenes_mini_subset,scene-0103_006,pitch,3.0,-1,0.2766,35,0.0909
nuscenes_mini_subset,scene-0103_006,roll,0.0,1,0.2992,31,0.0917
nuscenes_mini_subset,scene-0103_006,roll,0.5,1,0.3615,29,0.0927
nuscenes_mini_subset,scene-0103_006,roll,0.5,-1,0.3242,30,0.0902
nuscenes_mini_subset,scene-0103_006,roll,1.0,1,0.3806,28,0.0955
nuscenes_mini_subset,scene-0103_006,roll,1.0,-1,0.3497,32,0.0877
nuscenes_mini_subset,scene-0103_006,roll,2.0,1,0.3045,28,0.0989
nuscenes_mini_subset,scene-0103_006,roll,2.0,-1,0.3355,35,0.0847
nuscenes_mini_subset,scene-0103_006,roll,3.0,1,0.2695,26,0.1019
nuscenes_mini_subset,scene-0103_006,roll,3.0,-1,0.3424,34,0.0811
nuscenes_mini_subset,scene-0103_006,tx,0.0,1,0.2992,31,0.0917
nuscenes_mini_subset,scene-0103_006,tx,2.0,1,0.3238,37,0.0916
nuscenes_mini_subset,scene-0103_006,tx,2.0,-1,0.315,29,0.0918
nuscenes_mini_subset,scene-0103_006,tx,5.0,1,0.2828,40,0.0916
nuscenes_mini_subset,scene-0103_006,tx,5.0,-1,0.315,29,0.0918
nuscenes_mini_subset,scene-0103_006,tx,10.0,1,0.2606,39,0.0914
nuscenes_mini_subset,scene-0103_006,tx,10.0,-1,0.2901,34,0.0919
nuscenes_mini_subset,scene-0103_006,ty,0.0,1,0.2992,31,0.0917
nuscenes_mini_subset,scene-0103_006,ty,2.0,1,0.3021,32,0.092
nuscenes_mini_subset,scene-0103_006,ty,2.0,-1,0.3088,32,0.0914
nuscenes_mini_subset,scene-0103_006,ty,5.0,1,0.2984,29,0.0923
nuscenes_mini_subset,scene-0103_006,ty,5.0,-1,0.2777,31,0.091
nuscenes_mini_subset,scene-0103_006,ty,10.0,1,0.2795,32,0.0931
nuscenes_mini_subset,scene-0103_006,ty,10.0,-1,0.2358,29,0.0901
nuscenes_mini_subset,scene-0103_006,tz,0.0,1,0.2992,31,0.0917
nuscenes_mini_subset,scene-0103_006,tz,2.0,1,0.2757,27,0.0922
nuscenes_mini_subset,scene-0103_006,tz,2.0,-1,0.3042,31,0.0911
nuscenes_mini_subset,scene-0103_006,tz,5.0,1,0.2899,26,0.0934
nuscenes_mini_subset,scene-0103_006,tz,5.0,-1,0.2738,35,0.0902
nuscenes_mini_subset,scene-0103_006,tz,10.0,1,0.3464,21,0.0957
nuscenes_mini_subset,scene-0103_006,tz,10.0,-1,0.2593,44,0.0877
nuscenes_mini_subset,scene-0103_007,yaw,0.0,1,0.3317,35,0.0906
nuscenes_mini_subset,scene-0103_007,yaw,0.5,1,0.3863,32,0.0906
nuscenes_mini_subset,scene-0103_007,yaw,0.5,-1,0.3073,27,0.0906
nuscenes_mini_subset,scene-0103_007,yaw,1.0,1,0.3549,36,0.0905
nuscenes_mini_subset,scene-0103_007,yaw,1.0,-1,0.3435,29,0.0907
nuscenes_mini_subset,scene-0103_007,yaw,2.0,1,0.3208,37,0.0905
nuscenes_mini_subset,scene-0103_007,yaw,2.0,-1,0.3436,25,0.0905
nuscenes_mini_subset,scene-0103_007,yaw,3.0,1,0.4468,40,0.0905
nuscenes_mini_subset,scene-0103_007,yaw,3.0,-1,0.3329,25,0.0906
nuscenes_mini_subset,scene-0103_007,pitch,0.0,1,0.3317,35,0.0906
nuscenes_mini_subset,scene-0103_007,pitch,0.5,1,0.3356,33,0.0908
nuscenes_mini_subset,scene-0103_007,pitch,0.5,-1,0.3355,34,0.0905
nuscenes_mini_subset,scene-0103_007,pitch,1.0,1,0.3745,33,0.0908
nuscenes_mini_subset,scene-0103_007,pitch,1.0,-1,0.3857,35,0.0905
nuscenes_mini_subset,scene-0103_007,pitch,2.0,1,0.3492,36,0.0906
nuscenes_mini_subset,scene-0103_007,pitch,2.0,-1,0.3011,34,0.0902
nuscenes_mini_subset,scene-0103_007,pitch,3.0,1,0.3264,30,0.0907
nuscenes_mini_subset,scene-0103_007,pitch,3.0,-1,0.2613,39,0.0897
nuscenes_mini_subset,scene-0103_007,roll,0.0,1,0.3317,35,0.0906
nuscenes_mini_subset,scene-0103_007,roll,0.5,1,0.3736,29,0.0919
nuscenes_mini_subset,scene-0103_007,roll,0.5,-1,0.31,33,0.0892
nuscenes_mini_subset,scene-0103_007,roll,1.0,1,0.1916,28,0.0946
nuscenes_mini_subset,scene-0103_007,roll,1.0,-1,0.2516,34,0.0865
nuscenes_mini_subset,scene-0103_007,roll,2.0,1,0.2497,25,0.0981
nuscenes_mini_subset,scene-0103_007,roll,2.0,-1,0.2386,34,0.0834
nuscenes_mini_subset,scene-0103_007,roll,3.0,1,0.3937,25,0.101
nuscenes_mini_subset,scene-0103_007,roll,3.0,-1,0.2835,42,0.0799
nuscenes_mini_subset,scene-0103_007,tx,0.0,1,0.3317,35,0.0906
nuscenes_mini_subset,scene-0103_007,tx,2.0,1,0.2707,35,0.0906
nuscenes_mini_subset,scene-0103_007,tx,2.0,-1,0.353,39,0.0908
nuscenes_mini_subset,scene-0103_007,tx,5.0,1,0.2573,35,0.0905
nuscenes_mini_subset,scene-0103_007,tx,5.0,-1,0.4082,41,0.0907
nuscenes_mini_subset,scene-0103_007,tx,10.0,1,0.2702,36,0.0903
nuscenes_mini_subset,scene-0103_007,tx,10.0,-1,0.4299,38,0.0907
nuscenes_mini_subset,scene-0103_007,ty,0.0,1,0.3317,35,0.0906
nuscenes_mini_subset,scene-0103_007,ty,2.0,1,0.3286,35,0.0909
nuscenes_mini_subset,scene-0103_007,ty,2.0,-1,0.3619,36,0.0904
nuscenes_mini_subset,scene-0103_007,ty,5.0,1,0.3009,36,0.0913
nuscenes_mini_subset,scene-0103_007,ty,5.0,-1,0.3995,35,0.0898
nuscenes_mini_subset,scene-0103_007,ty,10.0,1,0.2552,39,0.0922
nuscenes_mini_subset,scene-0103_007,ty,10.0,-1,0.4023,33,0.0891
nuscenes_mini_subset,scene-0103_007,tz,0.0,1,0.3317,35,0.0906
nuscenes_mini_subset,scene-0103_007,tz,2.0,1,0.3863,28,0.0911
nuscenes_mini_subset,scene-0103_007,tz,2.0,-1,0.2848,38,0.0901
nuscenes_mini_subset,scene-0103_007,tz,5.0,1,0.4182,30,0.0925
nuscenes_mini_subset,scene-0103_007,tz,5.0,-1,0.204,34,0.0891
nuscenes_mini_subset,scene-0103_007,tz,10.0,1,0.4761,31,0.0948
nuscenes_mini_subset,scene-0103_007,tz,10.0,-1,0.2095,35,0.0865
nuscenes_mini_subset,scene-0103_008,yaw,0.0,1,0.4646,28,0.0855
nuscenes_mini_subset,scene-0103_008,yaw,0.5,1,0.4468,28,0.0855
nuscenes_mini_subset,scene-0103_008,yaw,0.5,-1,0.339,28,0.0856
nuscenes_mini_subset,scene-0103_008,yaw,1.0,1,0.2416,29,0.0856
nuscenes_mini_subset,scene-0103_008,yaw,1.0,-1,0.3263,29,0.0859
nuscenes_mini_subset,scene-0103_008,yaw,2.0,1,0.2891,29,0.0858
nuscenes_mini_subset,scene-0103_008,yaw,2.0,-1,0.333,29,0.0865
nuscenes_mini_subset,scene-0103_008,yaw,3.0,1,0.2993,24,0.0859
nuscenes_mini_subset,scene-0103_008,yaw,3.0,-1,0.181,29,0.0862
nuscenes_mini_subset,scene-0103_008,pitch,0.0,1,0.4646,28,0.0855
nuscenes_mini_subset,scene-0103_008,pitch,0.5,1,0.5144,28,0.0857
nuscenes_mini_subset,scene-0103_008,pitch,0.5,-1,0.4485,28,0.0853
nuscenes_mini_subset,scene-0103_008,pitch,1.0,1,0.4872,28,0.0856
nuscenes_mini_subset,scene-0103_008,pitch,1.0,-1,0.3696,28,0.0853
nuscenes_mini_subset,scene-0103_008,pitch,2.0,1,0.4338,28,0.0857
nuscenes_mini_subset,scene-0103_008,pitch,2.0,-1,0.4001,29,0.0851
nuscenes_mini_subset,scene-0103_008,pitch,3.0,1,0.41,28,0.0858
nuscenes_mini_subset,scene-0103_008,pitch,3.0,-1,0.3825,29,0.0846
nuscenes_mini_subset,scene-0103_008,roll,0.0,1,0.4646,28,0.0855
nuscenes_mini_subset,scene-0103_008,roll,0.5,1,0.4805,28,0.0865
nuscenes_mini_subset,scene-0103_008,roll,0.5,-1,0.434,28,0.084
nuscenes_mini_subset,scene-0103_008,roll,1.0,1,0.4645,28,0.0893
nuscenes_mini_subset,scene-0103_008,roll,1.0,-1,0.462,28,0.0813
nuscenes_mini_subset,scene-0103_008,roll,2.0,1,0.5277,28,0.0926
nuscenes_mini_subset,scene-0103_008,roll,2.0,-1,0.3476,28,0.0782
nuscenes_mini_subset,scene-0103_008,roll,3.0,1,0.3494,29,0.0959
nuscenes_mini_subset,scene-0103_008,roll,3.0,-1,0.3402,28,0.0749
nuscenes_mini_subset,scene-0103_008,tx,0.0,1,0.4646,28,0.0855
nuscenes_mini_subset,scene-0103_008,tx,2.0,1,0.4539,29,0.0854
nuscenes_mini_subset,scene-0103_008,tx,2.0,-1,0.4705,27,0.0855
nuscenes_mini_subset,scene-0103_008,tx,5.0,1,0.3876,31,0.0854
nuscenes_mini_subset,scene-0103_008,tx,5.0,-1,0.4685,29,0.0857
nuscenes_mini_subset,scene-0103_008,tx,10.0,1,0.3134,27,0.0855
nuscenes_mini_subset,scene-0103_008,tx,10.0,-1,0.4527,27,0.0857
nuscenes_mini_subset,scene-0103_008,ty,0.0,1,0.4646,28,0.0855
nuscenes_mini_subset,scene-0103_008,ty,2.0,1,0.4721,29,0.0858
nuscenes_mini_subset,scene-0103_008,ty,2.0,-1,0.4804,28,0.0851
nuscenes_mini_subset,scene-0103_008,ty,5.0,1,0.4479,29,0.0862
nuscenes_mini_subset,scene-0103_008,ty,5.0,-1,0.4536,27,0.0846
nuscenes_mini_subset,scene-0103_008,ty,10.0,1,0.3534,32,0.087
nuscenes_mini_subset,scene-0103_008,ty,10.0,-1,0.4526,26,0.0838
nuscenes_mini_subset,scene-0103_008,tz,0.0,1,0.4646,28,0.0855
nuscenes_mini_subset,scene-0103_008,tz,2.0,1,0.4514,25,0.0859
nuscenes_mini_subset,scene-0103_008,tz,2.0,-1,0.4473,28,0.0849
nuscenes_mini_subset,scene-0103_008,tz,5.0,1,,17,0.0864
nuscenes_mini_subset,scene-0103_008,tz,5.0,-1,0.4432,28,0.0839
nuscenes_mini_subset,scene-0103_008,tz,10.0,1,0.2836,25,0.0896
nuscenes_mini_subset,scene-0103_008,tz,10.0,-1,0.4281,23,0.0814
nuscenes_mini_subset,scene-0103_009,yaw,0.0,1,,18,0.0877
nuscenes_mini_subset,scene-0103_009,yaw,0.5,1,,18,0.0876
nuscenes_mini_subset,scene-0103_009,yaw,0.5,-1,,18,0.0877
nuscenes_mini_subset,scene-0103_009,yaw,1.0,1,,18,0.0877
nuscenes_mini_subset,scene-0103_009,yaw,1.0,-1,,17,0.0877
nuscenes_mini_subset,scene-0103_009,yaw,2.0,1,,18,0.0874
nuscenes_mini_subset,scene-0103_009,yaw,2.0,-1,,18,0.0877
nuscenes_mini_subset,scene-0103_009,yaw,3.0,1,,18,0.0874
nuscenes_mini_subset,scene-0103_009,yaw,3.0,-1,,17,0.0876
nuscenes_mini_subset,scene-0103_009,pitch,0.0,1,,18,0.0877
nuscenes_mini_subset,scene-0103_009,pitch,0.5,1,,18,0.0878
nuscenes_mini_subset,scene-0103_009,pitch,0.5,-1,,18,0.0876
nuscenes_mini_subset,scene-0103_009,pitch,1.0,1,,18,0.0878
nuscenes_mini_subset,scene-0103_009,pitch,1.0,-1,,18,0.0876
nuscenes_mini_subset,scene-0103_009,pitch,2.0,1,,18,0.0878
nuscenes_mini_subset,scene-0103_009,pitch,2.0,-1,,18,0.0874
nuscenes_mini_subset,scene-0103_009,pitch,3.0,1,,18,0.0878
nuscenes_mini_subset,scene-0103_009,pitch,3.0,-1,,18,0.0869
nuscenes_mini_subset,scene-0103_009,roll,0.0,1,,18,0.0877
nuscenes_mini_subset,scene-0103_009,roll,0.5,1,,18,0.0888
nuscenes_mini_subset,scene-0103_009,roll,0.5,-1,,17,0.0861
nuscenes_mini_subset,scene-0103_009,roll,1.0,1,,18,0.0915
nuscenes_mini_subset,scene-0103_009,roll,1.0,-1,,18,0.0835
nuscenes_mini_subset,scene-0103_009,roll,2.0,1,,18,0.0946
nuscenes_mini_subset,scene-0103_009,roll,2.0,-1,,18,0.0802
nuscenes_mini_subset,scene-0103_009,roll,3.0,1,,18,0.098
nuscenes_mini_subset,scene-0103_009,roll,3.0,-1,,17,0.0769
nuscenes_mini_subset,scene-0103_009,tx,0.0,1,,18,0.0877
nuscenes_mini_subset,scene-0103_009,tx,2.0,1,,18,0.0877
nuscenes_mini_subset,scene-0103_009,tx,2.0,-1,,18,0.0876
nuscenes_mini_subset,scene-0103_009,tx,5.0,1,,16,0.0876
nuscenes_mini_subset,scene-0103_009,tx,5.0,-1,,18,0.0877
nuscenes_mini_subset,scene-0103_009,tx,10.0,1,,16,0.0876
nuscenes_mini_subset,scene-0103_009,tx,10.0,-1,0.2142,21,0.0877
nuscenes_mini_subset,scene-0103_009,ty,0.0,1,,18,0.0877
nuscenes_mini_subset,scene-0103_009,ty,2.0,1,,18,0.0879
nuscenes_mini_subset,scene-0103_009,ty,2.0,-1,,18,0.0874
nuscenes_mini_subset,scene-0103_009,ty,5.0,1,,18,0.0884
nuscenes_mini_subset,scene-0103_009,ty,5.0,-1,,18,0.087
nuscenes_mini_subset,scene-0103_009,ty,10.0,1,0.2419,20,0.0891
nuscenes_mini_subset,scene-0103_009,ty,10.0,-1,,18,0.0862
nuscenes_mini_subset,scene-0103_009,tz,0.0,1,,18,0.0877
nuscenes_mini_subset,scene-0103_009,tz,2.0,1,,18,0.0882
nuscenes_mini_subset,scene-0103_009,tz,2.0,-1,,18,0.0872
nuscenes_mini_subset,scene-0103_009,tz,5.0,1,,18,0.0887
nuscenes_mini_subset,scene-0103_009,tz,5.0,-1,0.3,20,0.0861
nuscenes_mini_subset,scene-0103_009,tz,10.0,1,0.3057,20,0.0917
nuscenes_mini_subset,scene-0103_009,tz,10.0,-1,0.2473,37,0.0837
nuscenes_mini_subset,scene-0103_010,yaw,0.0,1,0.3996,23,0.0899
nuscenes_mini_subset,scene-0103_010,yaw,0.5,1,0.252,20,0.09
nuscenes_mini_subset,scene-0103_010,yaw,0.5,-1,,19,0.0899
nuscenes_mini_subset,scene-0103_010,yaw,1.0,1,0.2009,23,0.09
nuscenes_mini_subset,scene-0103_010,yaw,1.0,-1,0.2242,23,0.0897
nuscenes_mini_subset,scene-0103_010,yaw,2.0,1,0.1516,22,0.09
nuscenes_mini_subset,scene-0103_010,yaw,2.0,-1,0.1625,22,0.0895
nuscenes_mini_subset,scene-0103_010,yaw,3.0,1,0.2416,24,0.0902
nuscenes_mini_subset,scene-0103_010,yaw,3.0,-1,,19,0.089
nuscenes_mini_subset,scene-0103_010,pitch,0.0,1,0.3996,23,0.0899
nuscenes_mini_subset,scene-0103_010,pitch,0.5,1,0.3792,23,0.0901
nuscenes_mini_subset,scene-0103_010,pitch,0.5,-1,0.3607,22,0.0897
nuscenes_mini_subset,scene-0103_010,pitch,1.0,1,0.3742,22,0.0902
nuscenes_mini_subset,scene-0103_010,pitch,1.0,-1,0.3388,22,0.0898
nuscenes_mini_subset,scene-0103_010,pitch,2.0,1,0.3497,23,0.09
nuscenes_mini_subset,scene-0103_010,pitch,2.0,-1,0.4496,20,0.0894
nuscenes_mini_subset,scene-0103_010,pitch,3.0,1,0.3221,22,0.09
nuscenes_mini_subset,scene-0103_010,pitch,3.0,-1,0.3297,23,0.0891
nuscenes_mini_subset,scene-0103_010,roll,0.0,1,0.3996,23,0.0899
nuscenes_mini_subset,scene-0103_010,roll,0.5,1,0.286,23,0.091
nuscenes_mini_subset,scene-0103_010,roll,0.5,-1,0.4474,22,0.0882
nuscenes_mini_subset,scene-0103_010,roll,1.0,1,0.2919,24,0.0938
nuscenes_mini_subset,scene-0103_010,roll,1.0,-1,0.3655,23,0.0858
nuscenes_mini_subset,scene-0103_010,roll,2.0,1,0.168,22,0.0971
nuscenes_mini_subset,scene-0103_010,roll,2.0,-1,0.5218,21,0.0824
nuscenes_mini_subset,scene-0103_010,roll,3.0,1,,19,0.1002
nuscenes_mini_subset,scene-0103_010,roll,3.0,-1,,19,0.0792
nuscenes_mini_subset,scene-0103_010,tx,0.0,1,0.3996,23,0.0899
nuscenes_mini_subset,scene-0103_010,tx,2.0,1,0.4168,20,0.0899
nuscenes_mini_subset,scene-0103_010,tx,2.0,-1,0.381,22,0.0899
nuscenes_mini_subset,scene-0103_010,tx,5.0,1,0.3713,20,0.0897
nuscenes_mini_subset,scene-0103_010,tx,5.0,-1,0.342,24,0.09
nuscenes_mini_subset,scene-0103_010,tx,10.0,1,0.3501,22,0.0897
nuscenes_mini_subset,scene-0103_010,tx,10.0,-1,0.3079,27,0.0901
nuscenes_mini_subset,scene-0103_010,ty,0.0,1,0.3996,23,0.0899
nuscenes_mini_subset,scene-0103_010,ty,2.0,1,0.3956,23,0.0901
nuscenes_mini_subset,scene-0103_010,ty,2.0,-1,0.4198,21,0.0896
nuscenes_mini_subset,scene-0103_010,ty,5.0,1,0.4045,22,0.0906
nuscenes_mini_subset,scene-0103_010,ty,5.0,-1,0.381,21,0.0893
nuscenes_mini_subset,scene-0103_010,ty,10.0,1,0.3765,24,0.0913
nuscenes_mini_subset,scene-0103_010,ty,10.0,-1,0.3736,21,0.0885
nuscenes_mini_subset,scene-0103_010,tz,0.0,1,0.3996,23,0.0899
nuscenes_mini_subset,scene-0103_010,tz,2.0,1,0.3675,21,0.0904
nuscenes_mini_subset,scene-0103_010,tz,2.0,-1,0.3922,23,0.0893
nuscenes_mini_subset,scene-0103_010,tz,5.0,1,0.3556,21,0.091
nuscenes_mini_subset,scene-0103_010,tz,5.0,-1,0.388,23,0.0883
nuscenes_mini_subset,scene-0103_010,tz,10.0,1,,18,0.094
nuscenes_mini_subset,scene-0103_010,tz,10.0,-1,0.3739,23,0.0859
nuscenes_mini_subset,scene-0103_011,yaw,0.0,1,0.3612,31,0.0893
nuscenes_mini_subset,scene-0103_011,yaw,0.5,1,0.2951,31,0.0893
nuscenes_mini_subset,scene-0103_011,yaw,0.5,-1,0.2465,31,0.0893
nuscenes_mini_subset,scene-0103_011,yaw,1.0,1,0.1808,29,0.0893
nuscenes_mini_subset,scene-0103_011,yaw,1.0,-1,0.1923,31,0.0892
nuscenes_mini_subset,scene-0103_011,yaw,2.0,1,0.1944,28,0.0895
nuscenes_mini_subset,scene-0103_011,yaw,2.0,-1,0.1404,31,0.0893
nuscenes_mini_subset,scene-0103_011,yaw,3.0,1,0.1676,30,0.0895
nuscenes_mini_subset,scene-0103_011,yaw,3.0,-1,0.2024,28,0.0893
nuscenes_mini_subset,scene-0103_011,pitch,0.0,1,0.3612,31,0.0893
nuscenes_mini_subset,scene-0103_011,pitch,0.5,1,0.3799,33,0.0894
nuscenes_mini_subset,scene-0103_011,pitch,0.5,-1,0.3677,31,0.0893
nuscenes_mini_subset,scene-0103_011,pitch,1.0,1,0.4026,30,0.0895
nuscenes_mini_subset,scene-0103_011,pitch,1.0,-1,0.3925,33,0.0891
nuscenes_mini_subset,scene-0103_011,pitch,2.0,1,0.3759,31,0.0893
nuscenes_mini_subset,scene-0103_011,pitch,2.0,-1,0.384,31,0.0888
nuscenes_mini_subset,scene-0103_011,pitch,3.0,1,0.2788,27,0.0894
nuscenes_mini_subset,scene-0103_011,pitch,3.0,-1,0.3874,31,0.0884
nuscenes_mini_subset,scene-0103_011,roll,0.0,1,0.3612,31,0.0893
nuscenes_mini_subset,scene-0103_011,roll,0.5,1,0.3702,29,0.0903
nuscenes_mini_subset,scene-0103_011,roll,0.5,-1,0.3656,31,0.0877
nuscenes_mini_subset,scene-0103_011,roll,1.0,1,0.4017,29,0.0931
nuscenes_mini_subset,scene-0103_011,roll,1.0,-1,0.3938,33,0.0852
nuscenes_mini_subset,scene-0103_011,roll,2.0,1,0.2778,27,0.0964
nuscenes_mini_subset,scene-0103_011,roll,2.0,-1,0.3745,33,0.0818
nuscenes_mini_subset,scene-0103_011,roll,3.0,1,0.1819,25,0.0997
nuscenes_mini_subset,scene-0103_011,roll,3.0,-1,0.2947,35,0.0786
nuscenes_mini_subset,scene-0103_011,tx,0.0,1,0.3612,31,0.0893
nuscenes_mini_subset,scene-0103_011,tx,2.0,1,0.3546,34,0.0892
nuscenes_mini_subset,scene-0103_011,tx,2.0,-1,0.3423,28,0.0893
nuscenes_mini_subset,scene-0103_011,tx,5.0,1,0.3352,33,0.0892
nuscenes_mini_subset,scene-0103_011,tx,5.0,-1,0.3426,22,0.0894
nuscenes_mini_subset,scene-0103_011,tx,10.0,1,0.2589,33,0.0891
nuscenes_mini_subset,scene-0103_011,tx,10.0,-1,0.2366,24,0.0895
nuscenes_mini_subset,scene-0103_011,ty,0.0,1,0.3612,31,0.0893
nuscenes_mini_subset,scene-0103_011,ty,2.0,1,0.3625,31,0.0895
nuscenes_mini_subset,scene-0103_011,ty,2.0,-1,0.3649,31,0.089
nuscenes_mini_subset,scene-0103_011,ty,5.0,1,0.337,32,0.09
nuscenes_mini_subset,scene-0103_011,ty,5.0,-1,0.3055,31,0.0884
nuscenes_mini_subset,scene-0103_011,ty,10.0,1,0.3055,32,0.0908
nuscenes_mini_subset,scene-0103_011,ty,10.0,-1,0.3416,30,0.0878
nuscenes_mini_subset,scene-0103_011,tz,0.0,1,0.3612,31,0.0893
nuscenes_mini_subset,scene-0103_011,tz,2.0,1,0.3131,25,0.0898
nuscenes_mini_subset,scene-0103_011,tz,2.0,-1,0.3773,33,0.0887
nuscenes_mini_subset,scene-0103_011,tz,5.0,1,,19,0.0904
nuscenes_mini_subset,scene-0103_011,tz,5.0,-1,0.382,33,0.0876
nuscenes_mini_subset,scene-0103_011,tz,10.0,1,,15,0.0934
nuscenes_mini_subset,scene-0103_011,tz,10.0,-1,0.3872,33,0.0853
nuscenes_mini_subset,scene-0103_012,yaw,0.0,1,0.2478,22,0.0871
nuscenes_mini_subset,scene-0103_012,yaw,0.5,1,0.1834,26,0.0869
nuscenes_mini_subset,scene-0103_012,yaw,0.5,-1,0.209,23,0.0871
nuscenes_mini_subset,scene-0103_012,yaw,1.0,1,0.181,23,0.0871
nuscenes_mini_subset,scene-0103_012,yaw,1.0,-1,0.1831,24,0.0874
nuscenes_mini_subset,scene-0103_012,yaw,2.0,1,0.0959,29,0.087
nuscenes_mini_subset,scene-0103_012,yaw,2.0,-1,0.1358,23,0.0873
nuscenes_mini_subset,scene-0103_012,yaw,3.0,1,0.134,30,0.0869
nuscenes_mini_subset,scene-0103_012,yaw,3.0,-1,0.1878,26,0.0874
nuscenes_mini_subset,scene-0103_012,pitch,0.0,1,0.2478,22,0.0871
nuscenes_mini_subset,scene-0103_012,pitch,0.5,1,0.1869,28,0.0873
nuscenes_mini_subset,scene-0103_012,pitch,0.5,-1,0.2399,23,0.0869
nuscenes_mini_subset,scene-0103_012,pitch,1.0,1,0.1801,23,0.0873
nuscenes_mini_subset,scene-0103_012,pitch,1.0,-1,0.2312,25,0.0869
nuscenes_mini_subset,scene-0103_012,pitch,2.0,1,0.1323,26,0.0873
nuscenes_mini_subset,scene-0103_012,pitch,2.0,-1,0.2134,26,0.0869
nuscenes_mini_subset,scene-0103_012,pitch,3.0,1,0.218,25,0.0872
nuscenes_mini_subset,scene-0103_012,pitch,3.0,-1,0.2192,31,0.0861
nuscenes_mini_subset,scene-0103_012,roll,0.0,1,0.2478,22,0.0871
nuscenes_mini_subset,scene-0103_012,roll,0.5,1,0.3045,23,0.0882
nuscenes_mini_subset,scene-0103_012,roll,0.5,-1,0.2144,29,0.0854
nuscenes_mini_subset,scene-0103_012,roll,1.0,1,0.2344,22,0.091
nuscenes_mini_subset,scene-0103_012,roll,1.0,-1,0.1846,26,0.0829
nuscenes_mini_subset,scene-0103_012,roll,2.0,1,0.1953,28,0.0944
nuscenes_mini_subset,scene-0103_012,roll,2.0,-1,0.1604,34,0.0794
nuscenes_mini_subset,scene-0103_012,roll,3.0,1,0.0503,22,0.0976
nuscenes_mini_subset,scene-0103_012,roll,3.0,-1,0.243,32,0.0762
nuscenes_mini_subset,scene-0103_012,tx,0.0,1,0.2478,22,0.0871
nuscenes_mini_subset,scene-0103_012,tx,2.0,1,0.1896,23,0.0871
nuscenes_mini_subset,scene-0103_012,tx,2.0,-1,,19,0.0871
nuscenes_mini_subset,scene-0103_012,tx,5.0,1,0.1516,25,0.0871
nuscenes_mini_subset,scene-0103_012,tx,5.0,-1,0.2876,23,0.0871
nuscenes_mini_subset,scene-0103_012,tx,10.0,1,0.1935,27,0.087
nuscenes_mini_subset,scene-0103_012,tx,10.0,-1,0.3056,24,0.0873
nuscenes_mini_subset,scene-0103_012,ty,0.0,1,0.2478,22,0.0871
nuscenes_mini_subset,scene-0103_012,ty,2.0,1,0.2335,24,0.0875
nuscenes_mini_subset,scene-0103_012,ty,2.0,-1,0.1768,20,0.0868
nuscenes_mini_subset,scene-0103_012,ty,5.0,1,0.2023,24,0.0878
nuscenes_mini_subset,scene-0103_012,ty,5.0,-1,,19,0.0864
nuscenes_mini_subset,scene-0103_012,ty,10.0,1,0.2181,28,0.0884
nuscenes_mini_subset,scene-0103_012,ty,10.0,-1,0.1793,20,0.0855
nuscenes_mini_subset,scene-0103_012,tz,0.0,1,0.2478,22,0.0871
nuscenes_mini_subset,scene-0103_012,tz,2.0,1,0.2654,22,0.0877
nuscenes_mini_subset,scene-0103_012,tz,2.0,-1,0.2159,30,0.0865
nuscenes_mini_subset,scene-0103_012,tz,5.0,1,0.2705,23,0.0882
nuscenes_mini_subset,scene-0103_012,tz,5.0,-1,0.189,38,0.0855
nuscenes_mini_subset,scene-0103_012,tz,10.0,1,0.3539,25,0.0913
nuscenes_mini_subset,scene-0103_012,tz,10.0,-1,0.2241,50,0.0831
nuscenes_mini_subset,scene-0103_013,yaw,0.0,1,0.2116,34,0.0872
nuscenes_mini_subset,scene-0103_013,yaw,0.5,1,0.2782,35,0.087
nuscenes_mini_subset,scene-0103_013,yaw,0.5,-1,0.1527,31,0.0872
nuscenes_mini_subset,scene-0103_013,yaw,1.0,1,0.3027,35,0.0869
nuscenes_mini_subset,scene-0103_013,yaw,1.0,-1,0.1609,33,0.0873
nuscenes_mini_subset,scene-0103_013,yaw,2.0,1,0.3224,33,0.0869
nuscenes_mini_subset,scene-0103_013,yaw,2.0,-1,0.1857,33,0.0874
nuscenes_mini_subset,scene-0103_013,yaw,3.0,1,0.2562,31,0.0867
nuscenes_mini_subset,scene-0103_013,yaw,3.0,-1,0.1881,35,0.0879
nuscenes_mini_subset,scene-0103_013,pitch,0.0,1,0.2116,34,0.0872
nuscenes_mini_subset,scene-0103_013,pitch,0.5,1,0.2694,32,0.0873
nuscenes_mini_subset,scene-0103_013,pitch,0.5,-1,0.2324,36,0.0871
nuscenes_mini_subset,scene-0103_013,pitch,1.0,1,0.3223,33,0.0872
nuscenes_mini_subset,scene-0103_013,pitch,1.0,-1,0.2475,36,0.087
nuscenes_mini_subset,scene-0103_013,pitch,2.0,1,0.4155,35,0.0872
nuscenes_mini_subset,scene-0103_013,pitch,2.0,-1,0.2941,36,0.0869
nuscenes_mini_subset,scene-0103_013,pitch,3.0,1,0.4757,34,0.0872
nuscenes_mini_subset,scene-0103_013,pitch,3.0,-1,0.3374,31,0.0863
nuscenes_mini_subset,scene-0103_013,roll,0.0,1,0.2116,34,0.0872
nuscenes_mini_subset,scene-0103_013,roll,0.5,1,0.2744,29,0.0883
nuscenes_mini_subset,scene-0103_013,roll,0.5,-1,0.3578,33,0.0854
nuscenes_mini_subset,scene-0103_013,roll,1.0,1,0.2995,33,0.0912
nuscenes_mini_subset,scene-0103_013,roll,1.0,-1,0.3751,33,0.0829
nuscenes_mini_subset,scene-0103_013,roll,2.0,1,0.3904,34,0.0944
nuscenes_mini_subset,scene-0103_013,roll,2.0,-1,0.2517,28,0.0794
nuscenes_mini_subset,scene-0103_013,roll,3.0,1,0.3095,39,0.0975
nuscenes_mini_subset,scene-0103_013,roll,3.0,-1,0.305,34,0.0762
nuscenes_mini_subset,scene-0103_013,tx,0.0,1,0.2116,34,0.0872
nuscenes_mini_subset,scene-0103_013,tx,2.0,1,0.1918,31,0.0871
nuscenes_mini_subset,scene-0103_013,tx,2.0,-1,0.2278,35,0.0871
nuscenes_mini_subset,scene-0103_013,tx,5.0,1,0.1736,35,0.0871
nuscenes_mini_subset,scene-0103_013,tx,5.0,-1,0.2314,35,0.0872
nuscenes_mini_subset,scene-0103_013,tx,10.0,1,0.1679,39,0.087
nuscenes_mini_subset,scene-0103_013,tx,10.0,-1,0.2766,43,0.0873
nuscenes_mini_subset,scene-0103_013,ty,0.0,1,0.2116,34,0.0872
nuscenes_mini_subset,scene-0103_013,ty,2.0,1,0.196,29,0.0875
nuscenes_mini_subset,scene-0103_013,ty,2.0,-1,0.2373,35,0.0868
nuscenes_mini_subset,scene-0103_013,ty,5.0,1,0.2224,33,0.0878
nuscenes_mini_subset,scene-0103_013,ty,5.0,-1,0.2264,33,0.0864
nuscenes_mini_subset,scene-0103_013,ty,10.0,1,0.2139,38,0.0885
nuscenes_mini_subset,scene-0103_013,ty,10.0,-1,0.206,29,0.0856
nuscenes_mini_subset,scene-0103_013,tz,0.0,1,0.2116,34,0.0872
nuscenes_mini_subset,scene-0103_013,tz,2.0,1,0.2478,35,0.0877
nuscenes_mini_subset,scene-0103_013,tz,2.0,-1,0.2133,34,0.0866
nuscenes_mini_subset,scene-0103_013,tz,5.0,1,0.2512,35,0.0883
nuscenes_mini_subset,scene-0103_013,tz,5.0,-1,0.1943,33,0.0855
nuscenes_mini_subset,scene-0103_013,tz,10.0,1,0.2475,36,0.0913
nuscenes_mini_subset,scene-0103_013,tz,10.0,-1,0.1857,41,0.0831
nuscenes_mini_subset,scene-0103_014,yaw,0.0,1,0.2279,44,0.0868
nuscenes_mini_subset,scene-0103_014,yaw,0.5,1,0.237,43,0.0868
nuscenes_mini_subset,scene-0103_014,yaw,0.5,-1,0.1583,41,0.087
nuscenes_mini_subset,scene-0103_014,yaw,1.0,1,0.2033,48,0.0866
nuscenes_mini_subset,scene-0103_014,yaw,1.0,-1,0.2189,41,0.087
nuscenes_mini_subset,scene-0103_014,yaw,2.0,1,0.2368,45,0.0863
nuscenes_mini_subset,scene-0103_014,yaw,2.0,-1,0.2152,44,0.087
nuscenes_mini_subset,scene-0103_014,yaw,3.0,1,0.2497,51,0.0863
nuscenes_mini_subset,scene-0103_014,yaw,3.0,-1,0.1841,47,0.0872
nuscenes_mini_subset,scene-0103_014,pitch,0.0,1,0.2279,44,0.0868
nuscenes_mini_subset,scene-0103_014,pitch,0.5,1,0.2519,47,0.087
nuscenes_mini_subset,scene-0103_014,pitch,0.5,-1,0.2204,46,0.0866
nuscenes_mini_subset,scene-0103_014,pitch,1.0,1,0.2293,41,0.087
nuscenes_mini_subset,scene-0103_014,pitch,1.0,-1,0.2248,42,0.0867
nuscenes_mini_subset,scene-0103_014,pitch,2.0,1,0.1943,45,0.087
nuscenes_mini_subset,scene-0103_014,pitch,2.0,-1,0.1604,47,0.0864
nuscenes_mini_subset,scene-0103_014,pitch,3.0,1,0.156,44,0.087
nuscenes_mini_subset,scene-0103_014,pitch,3.0,-1,0.2181,48,0.0859
nuscenes_mini_subset,scene-0103_014,roll,0.0,1,0.2279,44,0.0868
nuscenes_mini_subset,scene-0103_014,roll,0.5,1,0.2209,43,0.0878
nuscenes_mini_subset,scene-0103_014,roll,0.5,-1,0.273,42,0.0852
nuscenes_mini_subset,scene-0103_014,roll,1.0,1,0.2213,43,0.0908
nuscenes_mini_subset,scene-0103_014,roll,1.0,-1,0.278,48,0.0827
nuscenes_mini_subset,scene-0103_014,roll,2.0,1,0.2995,45,0.0943
nuscenes_mini_subset,scene-0103_014,roll,2.0,-1,0.1237,49,0.0789
nuscenes_mini_subset,scene-0103_014,roll,3.0,1,0.2293,45,0.0975
nuscenes_mini_subset,scene-0103_014,roll,3.0,-1,0.2191,38,0.0758
nuscenes_mini_subset,scene-0103_014,tx,0.0,1,0.2279,44,0.0868
nuscenes_mini_subset,scene-0103_014,tx,2.0,1,0.2012,48,0.0868
nuscenes_mini_subset,scene-0103_014,tx,2.0,-1,0.1985,42,0.0868
nuscenes_mini_subset,scene-0103_014,tx,5.0,1,0.2237,49,0.0867
nuscenes_mini_subset,scene-0103_014,tx,5.0,-1,0.1958,43,0.0868
nuscenes_mini_subset,scene-0103_014,tx,10.0,1,0.2191,51,0.0867
nuscenes_mini_subset,scene-0103_014,tx,10.0,-1,0.1995,44,0.0869
nuscenes_mini_subset,scene-0103_014,ty,0.0,1,0.2279,44,0.0868
nuscenes_mini_subset,scene-0103_014,ty,2.0,1,0.1986,43,0.0871
nuscenes_mini_subset,scene-0103_014,ty,2.0,-1,0.2317,44,0.0865
nuscenes_mini_subset,scene-0103_014,ty,5.0,1,0.18,41,0.0876
nuscenes_mini_subset,scene-0103_014,ty,5.0,-1,0.2094,48,0.0861
nuscenes_mini_subset,scene-0103_014,ty,10.0,1,0.1925,43,0.0883
nuscenes_mini_subset,scene-0103_014,ty,10.0,-1,0.2151,49,0.0853
nuscenes_mini_subset,scene-0103_014,tz,0.0,1,0.2279,44,0.0868
nuscenes_mini_subset,scene-0103_014,tz,2.0,1,0.2179,43,0.0873
nuscenes_mini_subset,scene-0103_014,tz,2.0,-1,0.2555,45,0.0862
nuscenes_mini_subset,scene-0103_014,tz,5.0,1,0.2033,42,0.0879
nuscenes_mini_subset,scene-0103_014,tz,5.0,-1,0.2257,40,0.0851
nuscenes_mini_subset,scene-0103_014,tz,10.0,1,0.3402,81,0.0909
nuscenes_mini_subset,scene-0103_014,tz,10.0,-1,0.1994,45,0.0827
nuscenes_mini_subset,scene-0103_015,yaw,0.0,1,0.2298,96,0.0846
nuscenes_mini_subset,scene-0103_015,yaw,0.5,1,0.2044,96,0.0848
nuscenes_mini_subset,scene-0103_015,yaw,0.5,-1,0.2667,94,0.0847
nuscenes_mini_subset,scene-0103_015,yaw,1.0,1,0.2246,95,0.0848
nuscenes_mini_subset,scene-0103_015,yaw,1.0,-1,0.2705,95,0.0848
nuscenes_mini_subset,scene-0103_015,yaw,2.0,1,0.3,94,0.0848
nuscenes_mini_subset,scene-0103_015,yaw,2.0,-1,0.2252,94,0.0855
nuscenes_mini_subset,scene-0103_015,yaw,3.0,1,0.2314,93,0.0848
nuscenes_mini_subset,scene-0103_015,yaw,3.0,-1,0.2249,80,0.0855
nuscenes_mini_subset,scene-0103_015,pitch,0.0,1,0.2298,96,0.0846
nuscenes_mini_subset,scene-0103_015,pitch,0.5,1,0.2203,92,0.0848
nuscenes_mini_subset,scene-0103_015,pitch,0.5,-1,0.2523,96,0.0846
nuscenes_mini_subset,scene-0103_015,pitch,1.0,1,0.2401,95,0.0849
nuscenes_mini_subset,scene-0103_015,pitch,1.0,-1,0.2569,94,0.0845
nuscenes_mini_subset,scene-0103_015,pitch,2.0,1,0.1914,92,0.0846
nuscenes_mini_subset,scene-0103_015,pitch,2.0,-1,0.2833,95,0.0843
nuscenes_mini_subset,scene-0103_015,pitch,3.0,1,0.2665,91,0.0847
nuscenes_mini_subset,scene-0103_015,pitch,3.0,-1,0.278,94,0.0838
nuscenes_mini_subset,scene-0103_015,roll,0.0,1,0.2298,96,0.0846
nuscenes_mini_subset,scene-0103_015,roll,0.5,1,0.205,93,0.0857
nuscenes_mini_subset,scene-0103_015,roll,0.5,-1,0.2643,93,0.083
nuscenes_mini_subset,scene-0103_015,roll,1.0,1,0.2062,96,0.0886
nuscenes_mini_subset,scene-0103_015,roll,1.0,-1,0.2354,82,0.0805
nuscenes_mini_subset,scene-0103_015,roll,2.0,1,0.1214,93,0.0921
nuscenes_mini_subset,scene-0103_015,roll,2.0,-1,0.2434,79,0.0764
nuscenes_mini_subset,scene-0103_015,roll,3.0,1,0.0934,100,0.0954
nuscenes_mini_subset,scene-0103_015,roll,3.0,-1,0.2606,74,0.0736
nuscenes_mini_subset,scene-0103_015,tx,0.0,1,0.2298,96,0.0846
nuscenes_mini_subset,scene-0103_015,tx,2.0,1,0.2317,92,0.0847
nuscenes_mini_subset,scene-0103_015,tx,2.0,-1,0.2146,91,0.0847
nuscenes_mini_subset,scene-0103_015,tx,5.0,1,0.251,94,0.0846
nuscenes_mini_subset,scene-0103_015,tx,5.0,-1,0.2283,87,0.0848
nuscenes_mini_subset,scene-0103_015,tx,10.0,1,0.2631,97,0.0843
nuscenes_mini_subset,scene-0103_015,tx,10.0,-1,0.2127,90,0.0849
nuscenes_mini_subset,scene-0103_015,ty,0.0,1,0.2298,96,0.0846
nuscenes_mini_subset,scene-0103_015,ty,2.0,1,0.2303,96,0.0849
nuscenes_mini_subset,scene-0103_015,ty,2.0,-1,0.2317,93,0.0844
nuscenes_mini_subset,scene-0103_015,ty,5.0,1,0.2254,93,0.0853
nuscenes_mini_subset,scene-0103_015,ty,5.0,-1,0.2381,91,0.0839
nuscenes_mini_subset,scene-0103_015,ty,10.0,1,0.2436,88,0.0863
nuscenes_mini_subset,scene-0103_015,ty,10.0,-1,0.2358,94,0.0831
nuscenes_mini_subset,scene-0103_015,tz,0.0,1,0.2298,96,0.0846
nuscenes_mini_subset,scene-0103_015,tz,2.0,1,0.2311,97,0.0851
nuscenes_mini_subset,scene-0103_015,tz,2.0,-1,0.2211,81,0.084
nuscenes_mini_subset,scene-0103_015,tz,5.0,1,0.2085,101,0.0857
nuscenes_mini_subset,scene-0103_015,tz,5.0,-1,0.1782,73,0.0829
nuscenes_mini_subset,scene-0103_015,tz,10.0,1,0.1986,107,0.0887
nuscenes_mini_subset,scene-0103_015,tz,10.0,-1,0.1491,56,0.0806
nuscenes_mini_subset,scene-0103_016,yaw,0.0,1,0.2059,116,0.085
nuscenes_mini_subset,scene-0103_016,yaw,0.5,1,0.2499,111,0.0847
nuscenes_mini_subset,scene-0103_016,yaw,0.5,-1,0.2155,112,0.0853
nuscenes_mini_subset,scene-0103_016,yaw,1.0,1,0.2013,112,0.0847
nuscenes_mini_subset,scene-0103_016,yaw,1.0,-1,0.2149,116,0.0854
nuscenes_mini_subset,scene-0103_016,yaw,2.0,1,0.1739,127,0.0846
nuscenes_mini_subset,scene-0103_016,yaw,2.0,-1,0.2762,114,0.0855
nuscenes_mini_subset,scene-0103_016,yaw,3.0,1,0.1891,125,0.0845
nuscenes_mini_subset,scene-0103_016,yaw,3.0,-1,0.3229,94,0.0857
nuscenes_mini_subset,scene-0103_016,pitch,0.0,1,0.2059,116,0.085
nuscenes_mini_subset,scene-0103_016,pitch,0.5,1,0.2142,113,0.0851
nuscenes_mini_subset,scene-0103_016,pitch,0.5,-1,0.2769,115,0.0848
nuscenes_mini_subset,scene-0103_016,pitch,1.0,1,0.1876,114,0.0852
nuscenes_mini_subset,scene-0103_016,pitch,1.0,-1,0.3346,117,0.0848
nuscenes_mini_subset,scene-0103_016,pitch,2.0,1,0.1822,113,0.0851
nuscenes_mini_subset,scene-0103_016,pitch,2.0,-1,0.3699,120,0.0845
nuscenes_mini_subset,scene-0103_016,pitch,3.0,1,0.1783,117,0.0852
nuscenes_mini_subset,scene-0103_016,pitch,3.0,-1,0.3397,125,0.084
nuscenes_mini_subset,scene-0103_016,roll,0.0,1,0.2059,116,0.085
nuscenes_mini_subset,scene-0103_016,roll,0.5,1,0.1752,120,0.0861
nuscenes_mini_subset,scene-0103_016,roll,0.5,-1,0.3277,118,0.0832
nuscenes_mini_subset,scene-0103_016,roll,1.0,1,0.157,122,0.0891
nuscenes_mini_subset,scene-0103_016,roll,1.0,-1,0.3337,115,0.0807
nuscenes_mini_subset,scene-0103_016,roll,2.0,1,0.0968,128,0.0926
nuscenes_mini_subset,scene-0103_016,roll,2.0,-1,0.3975,119,0.0766
nuscenes_mini_subset,scene-0103_016,roll,3.0,1,0.114,135,0.0957
nuscenes_mini_subset,scene-0103_016,roll,3.0,-1,0.2424,115,0.0737
nuscenes_mini_subset,scene-0103_016,tx,0.0,1,0.2059,116,0.085
nuscenes_mini_subset,scene-0103_016,tx,2.0,1,0.2072,116,0.085
nuscenes_mini_subset,scene-0103_016,tx,2.0,-1,0.2289,118,0.0851
nuscenes_mini_subset,scene-0103_016,tx,5.0,1,0.2147,115,0.085
nuscenes_mini_subset,scene-0103_016,tx,5.0,-1,0.2349,116,0.085
nuscenes_mini_subset,scene-0103_016,tx,10.0,1,0.2138,118,0.085
nuscenes_mini_subset,scene-0103_016,tx,10.0,-1,0.2623,115,0.0851
nuscenes_mini_subset,scene-0103_016,ty,0.0,1,0.2059,116,0.085
nuscenes_mini_subset,scene-0103_016,ty,2.0,1,0.2212,116,0.0853
nuscenes_mini_subset,scene-0103_016,ty,2.0,-1,0.2109,116,0.0847
nuscenes_mini_subset,scene-0103_016,ty,5.0,1,0.2387,122,0.0857
nuscenes_mini_subset,scene-0103_016,ty,5.0,-1,0.2156,111,0.0842
nuscenes_mini_subset,scene-0103_016,ty,10.0,1,0.2332,117,0.0863
nuscenes_mini_subset,scene-0103_016,ty,10.0,-1,0.2283,119,0.0836
nuscenes_mini_subset,scene-0103_016,tz,0.0,1,0.2059,116,0.085
nuscenes_mini_subset,scene-0103_016,tz,2.0,1,0.2158,125,0.0855
nuscenes_mini_subset,scene-0103_016,tz,2.0,-1,0.25,118,0.0844
nuscenes_mini_subset,scene-0103_016,tz,5.0,1,0.2023,137,0.086
nuscenes_mini_subset,scene-0103_016,tz,5.0,-1,0.2118,80,0.0834
nuscenes_mini_subset,scene-0103_016,tz,10.0,1,0.2032,139,0.0891
nuscenes_mini_subset,scene-0103_016,tz,10.0,-1,0.1552,65,0.0809
nuscenes_mini_subset,scene-0103_017,yaw,0.0,1,0.3486,161,0.0847
nuscenes_mini_subset,scene-0103_017,yaw,0.5,1,0.357,162,0.0849
nuscenes_mini_subset,scene-0103_017,yaw,0.5,-1,0.3028,156,0.085
nuscenes_mini_subset,scene-0103_017,yaw,1.0,1,0.347,162,0.0843
nuscenes_mini_subset,scene-0103_017,yaw,1.0,-1,0.3052,155,0.0849
nuscenes_mini_subset,scene-0103_017,yaw,2.0,1,0.3473,166,0.0836
nuscenes_mini_subset,scene-0103_017,yaw,2.0,-1,0.3927,130,0.0847
nuscenes_mini_subset,scene-0103_017,yaw,3.0,1,0.3295,174,0.0836
nuscenes_mini_subset,scene-0103_017,yaw,3.0,-1,0.3465,122,0.085
nuscenes_mini_subset,scene-0103_017,pitch,0.0,1,0.3486,161,0.0847
nuscenes_mini_subset,scene-0103_017,pitch,0.5,1,0.3583,159,0.0849
nuscenes_mini_subset,scene-0103_017,pitch,0.5,-1,0.3186,158,0.0846
nuscenes_mini_subset,scene-0103_017,pitch,1.0,1,0.3,154,0.0851
nuscenes_mini_subset,scene-0103_017,pitch,1.0,-1,0.2803,155,0.0846
nuscenes_mini_subset,scene-0103_017,pitch,2.0,1,0.2565,156,0.0848
nuscenes_mini_subset,scene-0103_017,pitch,2.0,-1,0.2653,156,0.0844
nuscenes_mini_subset,scene-0103_017,pitch,3.0,1,0.2742,157,0.0849
nuscenes_mini_subset,scene-0103_017,pitch,3.0,-1,0.2437,159,0.084
nuscenes_mini_subset,scene-0103_017,roll,0.0,1,0.3486,161,0.0847
nuscenes_mini_subset,scene-0103_017,roll,0.5,1,0.2776,161,0.0858
nuscenes_mini_subset,scene-0103_017,roll,0.5,-1,0.2301,160,0.083
nuscenes_mini_subset,scene-0103_017,roll,1.0,1,0.2412,153,0.0887
nuscenes_mini_subset,scene-0103_017,roll,1.0,-1,0.1837,153,0.0805
nuscenes_mini_subset,scene-0103_017,roll,2.0,1,0.2677,154,0.0924
nuscenes_mini_subset,scene-0103_017,roll,2.0,-1,0.153,149,0.0764
nuscenes_mini_subset,scene-0103_017,roll,3.0,1,0.1259,152,0.0953
nuscenes_mini_subset,scene-0103_017,roll,3.0,-1,0.2221,130,0.0734
nuscenes_mini_subset,scene-0103_017,tx,0.0,1,0.3486,161,0.0847
nuscenes_mini_subset,scene-0103_017,tx,2.0,1,0.3425,157,0.0847
nuscenes_mini_subset,scene-0103_017,tx,2.0,-1,0.3448,156,0.0847
nuscenes_mini_subset,scene-0103_017,tx,5.0,1,0.335,157,0.0847
nuscenes_mini_subset,scene-0103_017,tx,5.0,-1,0.3389,160,0.0847
nuscenes_mini_subset,scene-0103_017,tx,10.0,1,0.3169,160,0.0847
nuscenes_mini_subset,scene-0103_017,tx,10.0,-1,0.3472,156,0.0848
nuscenes_mini_subset,scene-0103_017,ty,0.0,1,0.3486,161,0.0847
nuscenes_mini_subset,scene-0103_017,ty,2.0,1,0.3455,153,0.085
nuscenes_mini_subset,scene-0103_017,ty,2.0,-1,0.3495,157,0.0844
nuscenes_mini_subset,scene-0103_017,ty,5.0,1,0.3389,158,0.0855
nuscenes_mini_subset,scene-0103_017,ty,5.0,-1,0.3401,157,0.0839
nuscenes_mini_subset,scene-0103_017,ty,10.0,1,0.3427,166,0.0863
nuscenes_mini_subset,scene-0103_017,ty,10.0,-1,0.3522,157,0.0832
nuscenes_mini_subset,scene-0103_017,tz,0.0,1,0.3486,161,0.0847
nuscenes_mini_subset,scene-0103_017,tz,2.0,1,0.3613,155,0.0852
nuscenes_mini_subset,scene-0103_017,tz,2.0,-1,0.3366,152,0.0841
nuscenes_mini_subset,scene-0103_017,tz,5.0,1,0.3607,154,0.0857
nuscenes_mini_subset,scene-0103_017,tz,5.0,-1,0.2639,125,0.0831
nuscenes_mini_subset,scene-0103_017,tz,10.0,1,0.3276,135,0.0888
nuscenes_mini_subset,scene-0103_017,tz,10.0,-1,0.2512,97,0.0806
nuscenes_mini_subset,scene-0103_018,yaw,0.0,1,0.2377,135,0.0845
nuscenes_mini_subset,scene-0103_018,yaw,0.5,1,0.2582,141,0.0841
nuscenes_mini_subset,scene-0103_018,yaw,0.5,-1,0.2093,135,0.0845
nuscenes_mini_subset,scene-0103_018,yaw,1.0,1,0.2966,140,0.0843
nuscenes_mini_subset,scene-0103_018,yaw,1.0,-1,0.1966,124,0.0848
nuscenes_mini_subset,scene-0103_018,yaw,2.0,1,0.2848,147,0.0841
nuscenes_mini_subset,scene-0103_018,yaw,2.0,-1,0.1734,118,0.0851
nuscenes_mini_subset,scene-0103_018,yaw,3.0,1,0.2723,147,0.0833
nuscenes_mini_subset,scene-0103_018,yaw,3.0,-1,0.2141,113,0.0852
nuscenes_mini_subset,scene-0103_018,pitch,0.0,1,0.2377,135,0.0845
nuscenes_mini_subset,scene-0103_018,pitch,0.5,1,0.2722,135,0.0845
nuscenes_mini_subset,scene-0103_018,pitch,0.5,-1,0.2394,136,0.0843
nuscenes_mini_subset,scene-0103_018,pitch,1.0,1,0.2831,138,0.0846
nuscenes_mini_subset,scene-0103_018,pitch,1.0,-1,0.2933,141,0.0842
nuscenes_mini_subset,scene-0103_018,pitch,2.0,1,0.2668,133,0.0845
nuscenes_mini_subset,scene-0103_018,pitch,2.0,-1,0.2975,142,0.084
nuscenes_mini_subset,scene-0103_018,pitch,3.0,1,0.2892,131,0.0846
nuscenes_mini_subset,scene-0103_018,pitch,3.0,-1,0.2125,137,0.0835
nuscenes_mini_subset,scene-0103_018,roll,0.0,1,0.2377,135,0.0845
nuscenes_mini_subset,scene-0103_018,roll,0.5,1,0.3565,135,0.0854
nuscenes_mini_subset,scene-0103_018,roll,0.5,-1,0.2636,140,0.0827
nuscenes_mini_subset,scene-0103_018,roll,1.0,1,0.3215,135,0.0884
nuscenes_mini_subset,scene-0103_018,roll,1.0,-1,0.1755,139,0.0801
nuscenes_mini_subset,scene-0103_018,roll,2.0,1,0.3495,127,0.092
nuscenes_mini_subset,scene-0103_018,roll,2.0,-1,0.2433,141,0.0761
nuscenes_mini_subset,scene-0103_018,roll,3.0,1,0.2728,125,0.0951
nuscenes_mini_subset,scene-0103_018,roll,3.0,-1,0.1998,142,0.073
nuscenes_mini_subset,scene-0103_018,tx,0.0,1,0.2377,135,0.0845
nuscenes_mini_subset,scene-0103_018,tx,2.0,1,0.2302,138,0.0843
nuscenes_mini_subset,scene-0103_018,tx,2.0,-1,0.2532,131,0.0844
nuscenes_mini_subset,scene-0103_018,tx,5.0,1,0.2288,132,0.0844
nuscenes_mini_subset,scene-0103_018,tx,5.0,-1,0.25,136,0.0845
nuscenes_mini_subset,scene-0103_018,tx,10.0,1,0.2083,128,0.0843
nuscenes_mini_subset,scene-0103_018,tx,10.0,-1,0.2509,132,0.0845
nuscenes_mini_subset,scene-0103_018,ty,0.0,1,0.2377,135,0.0845
nuscenes_mini_subset,scene-0103_018,ty,2.0,1,0.2457,133,0.0847
nuscenes_mini_subset,scene-0103_018,ty,2.0,-1,0.2356,137,0.0842
nuscenes_mini_subset,scene-0103_018,ty,5.0,1,0.2424,136,0.085
nuscenes_mini_subset,scene-0103_018,ty,5.0,-1,0.2351,137,0.0836
nuscenes_mini_subset,scene-0103_018,ty,10.0,1,0.2341,140,0.0857
nuscenes_mini_subset,scene-0103_018,ty,10.0,-1,0.2368,139,0.083
nuscenes_mini_subset,scene-0103_018,tz,0.0,1,0.2377,135,0.0845
nuscenes_mini_subset,scene-0103_018,tz,2.0,1,0.2396,136,0.0849
nuscenes_mini_subset,scene-0103_018,tz,2.0,-1,0.2299,141,0.0839
nuscenes_mini_subset,scene-0103_018,tz,5.0,1,0.2781,124,0.0855
nuscenes_mini_subset,scene-0103_018,tz,5.0,-1,0.2348,141,0.0828
nuscenes_mini_subset,scene-0103_018,tz,10.0,1,0.3241,113,0.0885
nuscenes_mini_subset,scene-0103_018,tz,10.0,-1,0.2153,98,0.0803
nuscenes_mini_subset,scene-0103_019,yaw,0.0,1,0.249,98,0.085
nuscenes_mini_subset,scene-0103_019,yaw,0.5,1,0.2421,105,0.0848
nuscenes_mini_subset,scene-0103_019,yaw,0.5,-1,0.18,89,0.085
nuscenes_mini_subset,scene-0103_019,yaw,1.0,1,0.2197,108,0.0847
nuscenes_mini_subset,scene-0103_019,yaw,1.0,-1,0.1239,87,0.0853
nuscenes_mini_subset,scene-0103_019,yaw,2.0,1,0.1725,114,0.0846
nuscenes_mini_subset,scene-0103_019,yaw,2.0,-1,0.2465,93,0.0857
nuscenes_mini_subset,scene-0103_019,yaw,3.0,1,0.1677,118,0.0843
nuscenes_mini_subset,scene-0103_019,yaw,3.0,-1,0.2385,93,0.0861
nuscenes_mini_subset,scene-0103_019,pitch,0.0,1,0.249,98,0.085
nuscenes_mini_subset,scene-0103_019,pitch,0.5,1,0.2116,95,0.0852
nuscenes_mini_subset,scene-0103_019,pitch,0.5,-1,0.2782,98,0.0848
nuscenes_mini_subset,scene-0103_019,pitch,1.0,1,0.1842,95,0.0851
nuscenes_mini_subset,scene-0103_019,pitch,1.0,-1,0.2962,104,0.0848
nuscenes_mini_subset,scene-0103_019,pitch,2.0,1,0.207,92,0.0849
nuscenes_mini_subset,scene-0103_019,pitch,2.0,-1,0.2551,102,0.0846
nuscenes_mini_subset,scene-0103_019,pitch,3.0,1,0.2164,94,0.0849
nuscenes_mini_subset,scene-0103_019,pitch,3.0,-1,0.2758,101,0.0839
nuscenes_mini_subset,scene-0103_019,roll,0.0,1,0.249,98,0.085
nuscenes_mini_subset,scene-0103_019,roll,0.5,1,0.3249,100,0.0861
nuscenes_mini_subset,scene-0103_019,roll,0.5,-1,0.1937,97,0.0833
nuscenes_mini_subset,scene-0103_019,roll,1.0,1,0.3102,98,0.0891
nuscenes_mini_subset,scene-0103_019,roll,1.0,-1,0.2405,93,0.0807
nuscenes_mini_subset,scene-0103_019,roll,2.0,1,0.223,95,0.0927
nuscenes_mini_subset,scene-0103_019,roll,2.0,-1,0.2007,91,0.0766
nuscenes_mini_subset,scene-0103_019,roll,3.0,1,0.2206,93,0.0957
nuscenes_mini_subset,scene-0103_019,roll,3.0,-1,0.2192,94,0.0735
nuscenes_mini_subset,scene-0103_019,tx,0.0,1,0.249,98,0.085
nuscenes_mini_subset,scene-0103_019,tx,2.0,1,0.2428,93,0.0849
nuscenes_mini_subset,scene-0103_019,tx,2.0,-1,0.2467,97,0.085
nuscenes_mini_subset,scene-0103_019,tx,5.0,1,0.2427,94,0.0849
nuscenes_mini_subset,scene-0103_019,tx,5.0,-1,0.2089,95,0.0851
nuscenes_mini_subset,scene-0103_019,tx,10.0,1,0.2268,103,0.0848
nuscenes_mini_subset,scene-0103_019,tx,10.0,-1,0.2224,99,0.085
nuscenes_mini_subset,scene-0103_019,ty,0.0,1,0.249,98,0.085
nuscenes_mini_subset,scene-0103_019,ty,2.0,1,0.2552,99,0.0854
nuscenes_mini_subset,scene-0103_019,ty,2.0,-1,0.2353,95,0.0847
nuscenes_mini_subset,scene-0103_019,ty,5.0,1,0.2519,98,0.0856
nuscenes_mini_subset,scene-0103_019,ty,5.0,-1,0.2387,91,0.0841
nuscenes_mini_subset,scene-0103_019,ty,10.0,1,0.23,97,0.0864
nuscenes_mini_subset,scene-0103_019,ty,10.0,-1,0.2334,92,0.0834
nuscenes_mini_subset,scene-0103_019,tz,0.0,1,0.249,98,0.085
nuscenes_mini_subset,scene-0103_019,tz,2.0,1,0.272,96,0.0855
nuscenes_mini_subset,scene-0103_019,tz,2.0,-1,0.2315,95,0.0844
nuscenes_mini_subset,scene-0103_019,tz,5.0,1,0.2738,90,0.086
nuscenes_mini_subset,scene-0103_019,tz,5.0,-1,0.2187,101,0.0835
nuscenes_mini_subset,scene-0103_019,tz,10.0,1,0.2817,79,0.0891
nuscenes_mini_subset,scene-0103_019,tz,10.0,-1,0.2264,100,0.0809
nuscenes_mini_subset,scene-0103_020,yaw,0.0,1,0.1954,90,0.086
nuscenes_mini_subset,scene-0103_020,yaw,0.5,1,0.1888,87,0.0858
nuscenes_mini_subset,scene-0103_020,yaw,0.5,-1,0.1348,91,0.0864
nuscenes_mini_subset,scene-0103_020,yaw,1.0,1,0.2193,86,0.0855
nuscenes_mini_subset,scene-0103_020,yaw,1.0,-1,0.1178,93,0.0864
nuscenes_mini_subset,scene-0103_020,yaw,2.0,1,0.1695,97,0.0853
nuscenes_mini_subset,scene-0103_020,yaw,2.0,-1,0.1515,94,0.0866
nuscenes_mini_subset,scene-0103_020,yaw,3.0,1,0.1122,110,0.0852
nuscenes_mini_subset,scene-0103_020,yaw,3.0,-1,0.1323,92,0.0869
nuscenes_mini_subset,scene-0103_020,pitch,0.0,1,0.1954,90,0.086
nuscenes_mini_subset,scene-0103_020,pitch,0.5,1,0.1974,91,0.0863
nuscenes_mini_subset,scene-0103_020,pitch,0.5,-1,0.1837,87,0.086
nuscenes_mini_subset,scene-0103_020,pitch,1.0,1,0.1958,88,0.0863
nuscenes_mini_subset,scene-0103_020,pitch,1.0,-1,0.215,90,0.0859
nuscenes_mini_subset,scene-0103_020,pitch,2.0,1,0.2221,89,0.0861
nuscenes_mini_subset,scene-0103_020,pitch,2.0,-1,0.1985,91,0.0857
nuscenes_mini_subset,scene-0103_020,pitch,3.0,1,0.2756,90,0.0861
nuscenes_mini_subset,scene-0103_020,pitch,3.0,-1,0.2039,95,0.0851
nuscenes_mini_subset,scene-0103_020,roll,0.0,1,0.1954,90,0.086
nuscenes_mini_subset,scene-0103_020,roll,0.5,1,0.2018,94,0.0872
nuscenes_mini_subset,scene-0103_020,roll,0.5,-1,0.1615,83,0.0844
nuscenes_mini_subset,scene-0103_020,roll,1.0,1,0.2131,91,0.0903
nuscenes_mini_subset,scene-0103_020,roll,1.0,-1,0.2236,86,0.0818
nuscenes_mini_subset,scene-0103_020,roll,2.0,1,0.1929,93,0.0939
nuscenes_mini_subset,scene-0103_020,roll,2.0,-1,0.2801,81,0.0782
nuscenes_mini_subset,scene-0103_020,roll,3.0,1,0.2009,90,0.0969
nuscenes_mini_subset,scene-0103_020,roll,3.0,-1,0.1806,82,0.0748
nuscenes_mini_subset,scene-0103_020,tx,0.0,1,0.1954,90,0.086
nuscenes_mini_subset,scene-0103_020,tx,2.0,1,0.1993,98,0.0861
nuscenes_mini_subset,scene-0103_020,tx,2.0,-1,0.1975,89,0.0862
nuscenes_mini_subset,scene-0103_020,tx,5.0,1,0.1907,96,0.0861
nuscenes_mini_subset,scene-0103_020,tx,5.0,-1,0.1738,90,0.0862
nuscenes_mini_subset,scene-0103_020,tx,10.0,1,0.1448,95,0.0862
nuscenes_mini_subset,scene-0103_020,tx,10.0,-1,0.1578,87,0.0861
nuscenes_mini_subset,scene-0103_020,ty,0.0,1,0.1954,90,0.086
nuscenes_mini_subset,scene-0103_020,ty,2.0,1,0.1946,87,0.0864
nuscenes_mini_subset,scene-0103_020,ty,2.0,-1,0.1872,88,0.0858
nuscenes_mini_subset,scene-0103_020,ty,5.0,1,0.1977,86,0.0867
nuscenes_mini_subset,scene-0103_020,ty,5.0,-1,0.203,97,0.0855
nuscenes_mini_subset,scene-0103_020,ty,10.0,1,0.182,94,0.0875
nuscenes_mini_subset,scene-0103_020,ty,10.0,-1,0.1936,88,0.0847
nuscenes_mini_subset,scene-0103_020,tz,0.0,1,0.1954,90,0.086
nuscenes_mini_subset,scene-0103_020,tz,2.0,1,0.2137,89,0.0866
nuscenes_mini_subset,scene-0103_020,tz,2.0,-1,0.1814,83,0.0855
nuscenes_mini_subset,scene-0103_020,tz,5.0,1,0.2295,92,0.0871
nuscenes_mini_subset,scene-0103_020,tz,5.0,-1,0.1717,81,0.0845
nuscenes_mini_subset,scene-0103_020,tz,10.0,1,0.2865,85,0.0903
nuscenes_mini_subset,scene-0103_020,tz,10.0,-1,0.1783,88,0.0819
nuscenes_mini_subset,scene-0103_021,yaw,0.0,1,0.1727,78,0.0862
nuscenes_mini_subset,scene-0103_021,yaw,0.5,1,0.104,80,0.0863
nuscenes_mini_subset,scene-0103_021,yaw,0.5,-1,0.1575,75,0.0864
nuscenes_mini_subset,scene-0103_021,yaw,1.0,1,0.0584,84,0.086
nuscenes_mini_subset,scene-0103_021,yaw,1.0,-1,0.2013,74,0.0864
nuscenes_mini_subset,scene-0103_021,yaw,2.0,1,0.0995,90,0.0855
nuscenes_mini_subset,scene-0103_021,yaw,2.0,-1,0.1607,65,0.0866
nuscenes_mini_subset,scene-0103_021,yaw,3.0,1,0.1399,86,0.0852
nuscenes_mini_subset,scene-0103_021,yaw,3.0,-1,0.2202,57,0.0866
nuscenes_mini_subset,scene-0103_021,pitch,0.0,1,0.1727,78,0.0862
nuscenes_mini_subset,scene-0103_021,pitch,0.5,1,0.1525,78,0.0864
nuscenes_mini_subset,scene-0103_021,pitch,0.5,-1,0.1575,79,0.0861
nuscenes_mini_subset,scene-0103_021,pitch,1.0,1,0.1471,76,0.0865
nuscenes_mini_subset,scene-0103_021,pitch,1.0,-1,0.2041,79,0.0861
nuscenes_mini_subset,scene-0103_021,pitch,2.0,1,0.1509,78,0.0863
nuscenes_mini_subset,scene-0103_021,pitch,2.0,-1,0.1808,76,0.086
nuscenes_mini_subset,scene-0103_021,pitch,3.0,1,0.1542,80,0.0863
nuscenes_mini_subset,scene-0103_021,pitch,3.0,-1,0.1849,79,0.0853
nuscenes_mini_subset,scene-0103_021,roll,0.0,1,0.1727,78,0.0862
nuscenes_mini_subset,scene-0103_021,roll,0.5,1,0.1822,78,0.0874
nuscenes_mini_subset,scene-0103_021,roll,0.5,-1,0.1946,78,0.0845
nuscenes_mini_subset,scene-0103_021,roll,1.0,1,0.1593,87,0.0904
nuscenes_mini_subset,scene-0103_021,roll,1.0,-1,0.1375,80,0.082
nuscenes_mini_subset,scene-0103_021,roll,2.0,1,0.1815,85,0.094
nuscenes_mini_subset,scene-0103_021,roll,2.0,-1,0.1926,81,0.0782
nuscenes_mini_subset,scene-0103_021,roll,3.0,1,0.1499,89,0.0971
nuscenes_mini_subset,scene-0103_021,roll,3.0,-1,0.137,83,0.075
nuscenes_mini_subset,scene-0103_021,tx,0.0,1,0.1727,78,0.0862
nuscenes_mini_subset,scene-0103_021,tx,2.0,1,0.1624,79,0.0862
nuscenes_mini_subset,scene-0103_021,tx,2.0,-1,0.1596,80,0.0864
nuscenes_mini_subset,scene-0103_021,tx,5.0,1,0.181,83,0.0862
nuscenes_mini_subset,scene-0103_021,tx,5.0,-1,0.1649,79,0.0863
nuscenes_mini_subset,scene-0103_021,tx,10.0,1,0.1818,98,0.0864
nuscenes_mini_subset,scene-0103_021,tx,10.0,-1,0.1434,83,0.0863
nuscenes_mini_subset,scene-0103_021,ty,0.0,1,0.1727,78,0.0862
nuscenes_mini_subset,scene-0103_021,ty,2.0,1,0.1506,79,0.0866
nuscenes_mini_subset,scene-0103_021,ty,2.0,-1,0.1704,79,0.086
nuscenes_mini_subset,scene-0103_021,ty,5.0,1,0.1438,80,0.087
nuscenes_mini_subset,scene-0103_021,ty,5.0,-1,0.176,82,0.0856
nuscenes_mini_subset,scene-0103_021,ty,10.0,1,0.1268,80,0.0876
nuscenes_mini_subset,scene-0103_021,ty,10.0,-1,0.1585,81,0.0849
nuscenes_mini_subset,scene-0103_021,tz,0.0,1,0.1727,78,0.0862
nuscenes_mini_subset,scene-0103_021,tz,2.0,1,0.1803,82,0.0867
nuscenes_mini_subset,scene-0103_021,tz,2.0,-1,0.1662,78,0.0856
nuscenes_mini_subset,scene-0103_021,tz,5.0,1,0.2233,89,0.0873
nuscenes_mini_subset,scene-0103_021,tz,5.0,-1,0.1739,88,0.0847
nuscenes_mini_subset,scene-0103_021,tz,10.0,1,0.2471,86,0.0904
nuscenes_mini_subset,scene-0103_021,tz,10.0,-1,0.1908,93,0.0821
nuscenes_mini_subset,scene-0103_022,yaw,0.0,1,0.1772,49,0.0847
nuscenes_mini_subset,scene-0103_022,yaw,0.5,1,0.1261,47,0.0845
nuscenes_mini_subset,scene-0103_022,yaw,0.5,-1,0.1371,48,0.085
nuscenes_mini_subset,scene-0103_022,yaw,1.0,1,0.1268,44,0.0842
nuscenes_mini_subset,scene-0103_022,yaw,1.0,-1,0.1074,46,0.0853
nuscenes_mini_subset,scene-0103_022,yaw,2.0,1,0.1223,51,0.0843
nuscenes_mini_subset,scene-0103_022,yaw,2.0,-1,0.1552,48,0.0857
nuscenes_mini_subset,scene-0103_022,yaw,3.0,1,0.1263,67,0.0847
nuscenes_mini_subset,scene-0103_022,yaw,3.0,-1,0.1655,48,0.0858
nuscenes_mini_subset,scene-0103_022,pitch,0.0,1,0.1772,49,0.0847
nuscenes_mini_subset,scene-0103_022,pitch,0.5,1,0.1528,44,0.0849
nuscenes_mini_subset,scene-0103_022,pitch,0.5,-1,0.1675,48,0.0845
nuscenes_mini_subset,scene-0103_022,pitch,1.0,1,0.1763,43,0.0849
nuscenes_mini_subset,scene-0103_022,pitch,1.0,-1,0.1816,47,0.0845
nuscenes_mini_subset,scene-0103_022,pitch,2.0,1,0.2117,46,0.0848
nuscenes_mini_subset,scene-0103_022,pitch,2.0,-1,0.1566,48,0.0844
nuscenes_mini_subset,scene-0103_022,pitch,3.0,1,0.1932,47,0.0849
nuscenes_mini_subset,scene-0103_022,pitch,3.0,-1,0.187,46,0.0838
nuscenes_mini_subset,scene-0103_022,roll,0.0,1,0.1772,49,0.0847
nuscenes_mini_subset,scene-0103_022,roll,0.5,1,0.1471,46,0.0858
nuscenes_mini_subset,scene-0103_022,roll,0.5,-1,0.1648,47,0.083
nuscenes_mini_subset,scene-0103_022,roll,1.0,1,0.2274,52,0.0889
nuscenes_mini_subset,scene-0103_022,roll,1.0,-1,0.2356,47,0.0803
nuscenes_mini_subset,scene-0103_022,roll,2.0,1,0.1454,54,0.0926
nuscenes_mini_subset,scene-0103_022,roll,2.0,-1,0.174,50,0.0767
nuscenes_mini_subset,scene-0103_022,roll,3.0,1,0.093,55,0.0956
nuscenes_mini_subset,scene-0103_022,roll,3.0,-1,0.1191,50,0.0733
nuscenes_mini_subset,scene-0103_022,tx,0.0,1,0.1772,49,0.0847
nuscenes_mini_subset,scene-0103_022,tx,2.0,1,0.1802,48,0.0847
nuscenes_mini_subset,scene-0103_022,tx,2.0,-1,0.1509,46,0.0847
nuscenes_mini_subset,scene-0103_022,tx,5.0,1,0.174,49,0.0847
nuscenes_mini_subset,scene-0103_022,tx,5.0,-1,0.1454,45,0.0846
nuscenes_mini_subset,scene-0103_022,tx,10.0,1,0.1533,55,0.0847
nuscenes_mini_subset,scene-0103_022,tx,10.0,-1,0.1267,42,0.0847
nuscenes_mini_subset,scene-0103_022,ty,0.0,1,0.1772,49,0.0847
nuscenes_mini_subset,scene-0103_022,ty,2.0,1,0.1592,46,0.085
nuscenes_mini_subset,scene-0103_022,ty,2.0,-1,0.1733,45,0.0844
nuscenes_mini_subset,scene-0103_022,ty,5.0,1,0.1777,45,0.0853
nuscenes_mini_subset,scene-0103_022,ty,5.0,-1,0.1728,46,0.0841
nuscenes_mini_subset,scene-0103_022,ty,10.0,1,0.1568,46,0.086
nuscenes_mini_subset,scene-0103_022,ty,10.0,-1,0.1482,46,0.0834
nuscenes_mini_subset,scene-0103_022,tz,0.0,1,0.1772,49,0.0847
nuscenes_mini_subset,scene-0103_022,tz,2.0,1,0.205,53,0.0851
nuscenes_mini_subset,scene-0103_022,tz,2.0,-1,0.176,50,0.0841
nuscenes_mini_subset,scene-0103_022,tz,5.0,1,0.227,55,0.0857
nuscenes_mini_subset,scene-0103_022,tz,5.0,-1,0.2061,52,0.0831
nuscenes_mini_subset,scene-0103_022,tz,10.0,1,0.2402,66,0.0888
nuscenes_mini_subset,scene-0103_022,tz,10.0,-1,0.1781,50,0.0806
nuscenes_mini_subset,scene-0103_023,yaw,0.0,1,0.2795,99,0.0862
nuscenes_mini_subset,scene-0103_023,yaw,0.5,1,0.2613,94,0.086
nuscenes_mini_subset,scene-0103_023,yaw,0.5,-1,0.2591,99,0.0861
nuscenes_mini_subset,scene-0103_023,yaw,1.0,1,0.2204,91,0.0861
nuscenes_mini_subset,scene-0103_023,yaw,1.0,-1,0.2356,100,0.0861
nuscenes_mini_subset,scene-0103_023,yaw,2.0,1,0.2228,87,0.086
nuscenes_mini_subset,scene-0103_023,yaw,2.0,-1,0.2591,97,0.086
nuscenes_mini_subset,scene-0103_023,yaw,3.0,1,0.2575,78,0.0858
nuscenes_mini_subset,scene-0103_023,yaw,3.0,-1,0.3022,98,0.086
nuscenes_mini_subset,scene-0103_023,pitch,0.0,1,0.2795,99,0.0862
nuscenes_mini_subset,scene-0103_023,pitch,0.5,1,0.2943,98,0.0863
nuscenes_mini_subset,scene-0103_023,pitch,0.5,-1,0.1867,99,0.086
nuscenes_mini_subset,scene-0103_023,pitch,1.0,1,0.2677,96,0.0863
nuscenes_mini_subset,scene-0103_023,pitch,1.0,-1,0.1075,93,0.0858
nuscenes_mini_subset,scene-0103_023,pitch,2.0,1,0.1325,94,0.0861
nuscenes_mini_subset,scene-0103_023,pitch,2.0,-1,0.0743,93,0.0857
nuscenes_mini_subset,scene-0103_023,pitch,3.0,1,0.0891,94,0.0861
nuscenes_mini_subset,scene-0103_023,pitch,3.0,-1,0.1536,93,0.0854
nuscenes_mini_subset,scene-0103_023,roll,0.0,1,0.2795,99,0.0862
nuscenes_mini_subset,scene-0103_023,roll,0.5,1,0.2885,95,0.0872
nuscenes_mini_subset,scene-0103_023,roll,0.5,-1,0.0911,87,0.0845
nuscenes_mini_subset,scene-0103_023,roll,1.0,1,0.1286,91,0.0901
nuscenes_mini_subset,scene-0103_023,roll,1.0,-1,0.1019,89,0.0819
nuscenes_mini_subset,scene-0103_023,roll,2.0,1,0.1048,92,0.0937
nuscenes_mini_subset,scene-0103_023,roll,2.0,-1,0.2313,59,0.0781
nuscenes_mini_subset,scene-0103_023,roll,3.0,1,0.0575,99,0.0968
nuscenes_mini_subset,scene-0103_023,roll,3.0,-1,0.1992,60,0.0748
nuscenes_mini_subset,scene-0103_023,tx,0.0,1,0.2795,99,0.0862
nuscenes_mini_subset,scene-0103_023,tx,2.0,1,0.2836,97,0.0861
nuscenes_mini_subset,scene-0103_023,tx,2.0,-1,0.2694,94,0.086
nuscenes_mini_subset,scene-0103_023,tx,5.0,1,0.2896,98,0.0862
nuscenes_mini_subset,scene-0103_023,tx,5.0,-1,0.2688,89,0.086
nuscenes_mini_subset,scene-0103_023,tx,10.0,1,0.2742,105,0.0861
nuscenes_mini_subset,scene-0103_023,tx,10.0,-1,0.2712,89,0.086
nuscenes_mini_subset,scene-0103_023,ty,0.0,1,0.2795,99,0.0862
nuscenes_mini_subset,scene-0103_023,ty,2.0,1,0.2863,97,0.0864
nuscenes_mini_subset,scene-0103_023,ty,2.0,-1,0.2698,96,0.0859
nuscenes_mini_subset,scene-0103_023,ty,5.0,1,0.2937,97,0.0868
nuscenes_mini_subset,scene-0103_023,ty,5.0,-1,0.2706,90,0.0853
nuscenes_mini_subset,scene-0103_023,ty,10.0,1,0.3122,97,0.0875
nuscenes_mini_subset,scene-0103_023,ty,10.0,-1,0.2512,97,0.0846
nuscenes_mini_subset,scene-0103_023,tz,0.0,1,0.2795,99,0.0862
nuscenes_mini_subset,scene-0103_023,tz,2.0,1,0.315,100,0.0866
nuscenes_mini_subset,scene-0103_023,tz,2.0,-1,0.1775,68,0.0856
nuscenes_mini_subset,scene-0103_023,tz,5.0,1,0.2976,108,0.0872
nuscenes_mini_subset,scene-0103_023,tz,5.0,-1,0.1366,59,0.0846
nuscenes_mini_subset,scene-0103_023,tz,10.0,1,0.247,123,0.0903
nuscenes_mini_subset,scene-0103_023,tz,10.0,-1,0.134,64,0.0821
nuscenes_mini_subset,scene-0103_024,yaw,0.0,1,0.1336,57,0.0851
nuscenes_mini_subset,scene-0103_024,yaw,0.5,1,0.1335,56,0.085
nuscenes_mini_subset,scene-0103_024,yaw,0.5,-1,0.0922,58,0.0852
nuscenes_mini_subset,scene-0103_024,yaw,1.0,1,0.119,59,0.0851
nuscenes_mini_subset,scene-0103_024,yaw,1.0,-1,0.0718,58,0.0852
nuscenes_mini_subset,scene-0103_024,yaw,2.0,1,0.129,52,0.0853
nuscenes_mini_subset,scene-0103_024,yaw,2.0,-1,0.1174,59,0.0852
nuscenes_mini_subset,scene-0103_024,yaw,3.0,1,0.1799,50,0.0852
nuscenes_mini_subset,scene-0103_024,yaw,3.0,-1,0.117,54,0.0852
nuscenes_mini_subset,scene-0103_024,pitch,0.0,1,0.1336,57,0.0851
nuscenes_mini_subset,scene-0103_024,pitch,0.5,1,0.1407,54,0.0853
nuscenes_mini_subset,scene-0103_024,pitch,0.5,-1,0.147,52,0.085
nuscenes_mini_subset,scene-0103_024,pitch,1.0,1,0.1563,53,0.0854
nuscenes_mini_subset,scene-0103_024,pitch,1.0,-1,0.155,56,0.0849
nuscenes_mini_subset,scene-0103_024,pitch,2.0,1,0.1834,54,0.0852
nuscenes_mini_subset,scene-0103_024,pitch,2.0,-1,0.1441,57,0.0848
nuscenes_mini_subset,scene-0103_024,pitch,3.0,1,0.199,58,0.0852
nuscenes_mini_subset,scene-0103_024,pitch,3.0,-1,0.1758,57,0.0842
nuscenes_mini_subset,scene-0103_024,roll,0.0,1,0.1336,57,0.0851
nuscenes_mini_subset,scene-0103_024,roll,0.5,1,0.1641,53,0.0862
nuscenes_mini_subset,scene-0103_024,roll,0.5,-1,0.1504,52,0.0835
nuscenes_mini_subset,scene-0103_024,roll,1.0,1,0.1701,54,0.0891
nuscenes_mini_subset,scene-0103_024,roll,1.0,-1,0.133,54,0.0808
nuscenes_mini_subset,scene-0103_024,roll,2.0,1,0.0703,50,0.0928
nuscenes_mini_subset,scene-0103_024,roll,2.0,-1,0.2163,52,0.0771
nuscenes_mini_subset,scene-0103_024,roll,3.0,1,0.1259,59,0.0959
nuscenes_mini_subset,scene-0103_024,roll,3.0,-1,0.1146,55,0.0737
nuscenes_mini_subset,scene-0103_024,tx,0.0,1,0.1336,57,0.0851
nuscenes_mini_subset,scene-0103_024,tx,2.0,1,0.1538,57,0.085
nuscenes_mini_subset,scene-0103_024,tx,2.0,-1,0.1218,56,0.0851
nuscenes_mini_subset,scene-0103_024,tx,5.0,1,0.1448,59,0.0853
nuscenes_mini_subset,scene-0103_024,tx,5.0,-1,0.1131,53,0.085
nuscenes_mini_subset,scene-0103_024,tx,10.0,1,0.1484,63,0.0852
nuscenes_mini_subset,scene-0103_024,tx,10.0,-1,0.0973,57,0.085
nuscenes_mini_subset,scene-0103_024,ty,0.0,1,0.1336,57,0.0851
nuscenes_mini_subset,scene-0103_024,ty,2.0,1,0.1581,52,0.0854
nuscenes_mini_subset,scene-0103_024,ty,2.0,-1,0.1638,56,0.0849
nuscenes_mini_subset,scene-0103_024,ty,5.0,1,0.1613,56,0.0858
nuscenes_mini_subset,scene-0103_024,ty,5.0,-1,0.1481,58,0.0844
nuscenes_mini_subset,scene-0103_024,ty,10.0,1,0.1513,56,0.0865
nuscenes_mini_subset,scene-0103_024,ty,10.0,-1,0.1136,59,0.0836
nuscenes_mini_subset,scene-0103_024,tz,0.0,1,0.1336,57,0.0851
nuscenes_mini_subset,scene-0103_024,tz,2.0,1,0.1128,49,0.0856
nuscenes_mini_subset,scene-0103_024,tz,2.0,-1,0.1376,55,0.0845
nuscenes_mini_subset,scene-0103_024,tz,5.0,1,0.1265,56,0.0861
nuscenes_mini_subset,scene-0103_024,tz,5.0,-1,0.1378,56,0.0835
nuscenes_mini_subset,scene-0103_024,tz,10.0,1,0.2191,66,0.0892
nuscenes_mini_subset,scene-0103_024,tz,10.0,-1,0.1379,57,0.081
nuscenes_mini_subset,scene-0103_025,yaw,0.0,1,0.1018,62,0.0848
nuscenes_mini_subset,scene-0103_025,yaw,0.5,1,0.105,64,0.0852
nuscenes_mini_subset,scene-0103_025,yaw,0.5,-1,0.0721,53,0.0849
nuscenes_mini_subset,scene-0103_025,yaw,1.0,1,0.1367,65,0.0852
nuscenes_mini_subset,scene-0103_025,yaw,1.0,-1,0.0507,43,0.0845
nuscenes_mini_subset,scene-0103_025,yaw,2.0,1,0.1699,66,0.0849
nuscenes_mini_subset,scene-0103_025,yaw,2.0,-1,0.0912,40,0.0846
nuscenes_mini_subset,scene-0103_025,yaw,3.0,1,0.1545,67,0.0849
nuscenes_mini_subset,scene-0103_025,yaw,3.0,-1,0.1159,47,0.0848
nuscenes_mini_subset,scene-0103_025,pitch,0.0,1,0.1018,62,0.0848
nuscenes_mini_subset,scene-0103_025,pitch,0.5,1,0.1274,61,0.0849
nuscenes_mini_subset,scene-0103_025,pitch,0.5,-1,0.0916,63,0.0848
nuscenes_mini_subset,scene-0103_025,pitch,1.0,1,0.1509,65,0.085
nuscenes_mini_subset,scene-0103_025,pitch,1.0,-1,0.1481,64,0.0847
nuscenes_mini_subset,scene-0103_025,pitch,2.0,1,0.1555,60,0.0849
nuscenes_mini_subset,scene-0103_025,pitch,2.0,-1,0.1452,65,0.0844
nuscenes_mini_subset,scene-0103_025,pitch,3.0,1,0.1239,60,0.0851
nuscenes_mini_subset,scene-0103_025,pitch,3.0,-1,0.0952,65,0.0839
nuscenes_mini_subset,scene-0103_025,roll,0.0,1,0.1018,62,0.0848
nuscenes_mini_subset,scene-0103_025,roll,0.5,1,0.1251,63,0.0859
nuscenes_mini_subset,scene-0103_025,roll,0.5,-1,0.1574,64,0.0831
nuscenes_mini_subset,scene-0103_025,roll,1.0,1,0.137,61,0.0889
nuscenes_mini_subset,scene-0103_025,roll,1.0,-1,0.1782,58,0.0805
nuscenes_mini_subset,scene-0103_025,roll,2.0,1,0.048,58,0.0924
nuscenes_mini_subset,scene-0103_025,roll,2.0,-1,0.1731,58,0.077
nuscenes_mini_subset,scene-0103_025,roll,3.0,1,0.0802,54,0.0956
nuscenes_mini_subset,scene-0103_025,roll,3.0,-1,0.1708,61,0.0737
nuscenes_mini_subset,scene-0103_025,tx,0.0,1,0.1018,62,0.0848
nuscenes_mini_subset,scene-0103_025,tx,2.0,1,0.1024,71,0.0848
nuscenes_mini_subset,scene-0103_025,tx,2.0,-1,0.0963,60,0.0848
nuscenes_mini_subset,scene-0103_025,tx,5.0,1,0.1026,69,0.0848
nuscenes_mini_subset,scene-0103_025,tx,5.0,-1,0.0997,59,0.0848
nuscenes_mini_subset,scene-0103_025,tx,10.0,1,0.1019,72,0.0847
nuscenes_mini_subset,scene-0103_025,tx,10.0,-1,0.1107,62,0.085
nuscenes_mini_subset,scene-0103_025,ty,0.0,1,0.1018,62,0.0848
nuscenes_mini_subset,scene-0103_025,ty,2.0,1,0.1133,61,0.0851
nuscenes_mini_subset,scene-0103_025,ty,2.0,-1,0.1106,61,0.0845
nuscenes_mini_subset,scene-0103_025,ty,5.0,1,0.1315,61,0.0855
nuscenes_mini_subset,scene-0103_025,ty,5.0,-1,0.1035,58,0.0842
nuscenes_mini_subset,scene-0103_025,ty,10.0,1,0.1245,62,0.0862
nuscenes_mini_subset,scene-0103_025,ty,10.0,-1,0.1066,61,0.0835
nuscenes_mini_subset,scene-0103_025,tz,0.0,1,0.1018,62,0.0848
nuscenes_mini_subset,scene-0103_025,tz,2.0,1,0.0973,57,0.0853
nuscenes_mini_subset,scene-0103_025,tz,2.0,-1,0.1228,59,0.0843
nuscenes_mini_subset,scene-0103_025,tz,5.0,1,0.1013,56,0.0858
nuscenes_mini_subset,scene-0103_025,tz,5.0,-1,0.0968,64,0.0833
nuscenes_mini_subset,scene-0103_025,tz,10.0,1,0.1077,52,0.0889
nuscenes_mini_subset,scene-0103_025,tz,10.0,-1,0.1199,59,0.0808
nuscenes_mini_subset,scene-0103_026,yaw,0.0,1,0.1132,63,0.0831
nuscenes_mini_subset,scene-0103_026,yaw,0.5,1,0.102,59,0.0833
nuscenes_mini_subset,scene-0103_026,yaw,0.5,-1,0.0856,63,0.0831
nuscenes_mini_subset,scene-0103_026,yaw,1.0,1,0.1021,58,0.0832
nuscenes_mini_subset,scene-0103_026,yaw,1.0,-1,0.1032,64,0.0831
nuscenes_mini_subset,scene-0103_026,yaw,2.0,1,0.0735,61,0.0832
nuscenes_mini_subset,scene-0103_026,yaw,2.0,-1,0.0482,62,0.0834
nuscenes_mini_subset,scene-0103_026,yaw,3.0,1,0.093,55,0.0831
nuscenes_mini_subset,scene-0103_026,yaw,3.0,-1,0.0769,56,0.0832
nuscenes_mini_subset,scene-0103_026,pitch,0.0,1,0.1132,63,0.0831
nuscenes_mini_subset,scene-0103_026,pitch,0.5,1,0.1098,62,0.0833
nuscenes_mini_subset,scene-0103_026,pitch,0.5,-1,0.1449,58,0.083
nuscenes_mini_subset,scene-0103_026,pitch,1.0,1,0.1198,56,0.0834
nuscenes_mini_subset,scene-0103_026,pitch,1.0,-1,0.1396,61,0.0831
nuscenes_mini_subset,scene-0103_026,pitch,2.0,1,0.138,60,0.0832
nuscenes_mini_subset,scene-0103_026,pitch,2.0,-1,0.117,61,0.0828
nuscenes_mini_subset,scene-0103_026,pitch,3.0,1,0.1518,61,0.0832
nuscenes_mini_subset,scene-0103_026,pitch,3.0,-1,0.0889,63,0.0822
nuscenes_mini_subset,scene-0103_026,roll,0.0,1,0.1132,63,0.0831
nuscenes_mini_subset,scene-0103_026,roll,0.5,1,0.1233,60,0.0842
nuscenes_mini_subset,scene-0103_026,roll,0.5,-1,0.1123,62,0.0814
nuscenes_mini_subset,scene-0103_026,roll,1.0,1,0.0753,64,0.0871
nuscenes_mini_subset,scene-0103_026,roll,1.0,-1,0.1603,59,0.0789
nuscenes_mini_subset,scene-0103_026,roll,2.0,1,0.0573,62,0.0905
nuscenes_mini_subset,scene-0103_026,roll,2.0,-1,0.1049,58,0.0752
nuscenes_mini_subset,scene-0103_026,roll,3.0,1,0.078,63,0.0938
nuscenes_mini_subset,scene-0103_026,roll,3.0,-1,0.1268,59,0.0721
nuscenes_mini_subset,scene-0103_026,tx,0.0,1,0.1132,63,0.0831
nuscenes_mini_subset,scene-0103_026,tx,2.0,1,0.1109,65,0.083
nuscenes_mini_subset,scene-0103_026,tx,2.0,-1,0.1094,64,0.0831
nuscenes_mini_subset,scene-0103_026,tx,5.0,1,0.1326,59,0.083
nuscenes_mini_subset,scene-0103_026,tx,5.0,-1,0.1099,66,0.0831
nuscenes_mini_subset,scene-0103_026,tx,10.0,1,0.1534,64,0.0831
nuscenes_mini_subset,scene-0103_026,tx,10.0,-1,0.0896,70,0.0833
nuscenes_mini_subset,scene-0103_026,ty,0.0,1,0.1132,63,0.0831
nuscenes_mini_subset,scene-0103_026,ty,2.0,1,0.1288,59,0.0834
nuscenes_mini_subset,scene-0103_026,ty,2.0,-1,0.1172,60,0.0828
nuscenes_mini_subset,scene-0103_026,ty,5.0,1,0.1321,54,0.0838
nuscenes_mini_subset,scene-0103_026,ty,5.0,-1,0.1011,68,0.0824
nuscenes_mini_subset,scene-0103_026,ty,10.0,1,0.1537,58,0.0844
nuscenes_mini_subset,scene-0103_026,ty,10.0,-1,0.0959,66,0.0816
nuscenes_mini_subset,scene-0103_026,tz,0.0,1,0.1132,63,0.0831
nuscenes_mini_subset,scene-0103_026,tz,2.0,1,0.1091,66,0.0836
nuscenes_mini_subset,scene-0103_026,tz,2.0,-1,0.1205,60,0.0826
nuscenes_mini_subset,scene-0103_026,tz,5.0,1,0.1055,73,0.0842
nuscenes_mini_subset,scene-0103_026,tz,5.0,-1,0.1244,56,0.0814
nuscenes_mini_subset,scene-0103_026,tz,10.0,1,0.1297,59,0.0872
nuscenes_mini_subset,scene-0103_026,tz,10.0,-1,0.1404,60,0.079
nuscenes_mini_subset,scene-0103_027,yaw,0.0,1,0.1553,50,0.0817
nuscenes_mini_subset,scene-0103_027,yaw,0.5,1,0.1316,55,0.0814
nuscenes_mini_subset,scene-0103_027,yaw,0.5,-1,0.1134,60,0.0816
nuscenes_mini_subset,scene-0103_027,yaw,1.0,1,0.091,58,0.0817
nuscenes_mini_subset,scene-0103_027,yaw,1.0,-1,0.0687,63,0.0817
nuscenes_mini_subset,scene-0103_027,yaw,2.0,1,0.0527,79,0.0824
nuscenes_mini_subset,scene-0103_027,yaw,2.0,-1,0.0891,61,0.0813
nuscenes_mini_subset,scene-0103_027,yaw,3.0,1,0.0809,80,0.0827
nuscenes_mini_subset,scene-0103_027,yaw,3.0,-1,0.0898,54,0.0812
nuscenes_mini_subset,scene-0103_027,pitch,0.0,1,0.1553,50,0.0817
nuscenes_mini_subset,scene-0103_027,pitch,0.5,1,0.1778,55,0.0818
nuscenes_mini_subset,scene-0103_027,pitch,0.5,-1,0.1441,58,0.0816
nuscenes_mini_subset,scene-0103_027,pitch,1.0,1,0.1765,62,0.0819
nuscenes_mini_subset,scene-0103_027,pitch,1.0,-1,0.1428,60,0.0814
nuscenes_mini_subset,scene-0103_027,pitch,2.0,1,0.1494,54,0.0818
nuscenes_mini_subset,scene-0103_027,pitch,2.0,-1,0.1058,53,0.0812
nuscenes_mini_subset,scene-0103_027,pitch,3.0,1,0.1125,60,0.082
nuscenes_mini_subset,scene-0103_027,pitch,3.0,-1,0.0961,54,0.0805
nuscenes_mini_subset,scene-0103_027,roll,0.0,1,0.1553,50,0.0817
nuscenes_mini_subset,scene-0103_027,roll,0.5,1,0.1826,52,0.0828
nuscenes_mini_subset,scene-0103_027,roll,0.5,-1,0.1343,60,0.08
nuscenes_mini_subset,scene-0103_027,roll,1.0,1,0.0969,46,0.0857
nuscenes_mini_subset,scene-0103_027,roll,1.0,-1,0.1304,60,0.0775
nuscenes_mini_subset,scene-0103_027,roll,2.0,1,0.0285,41,0.0891
nuscenes_mini_subset,scene-0103_027,roll,2.0,-1,0.1644,63,0.0739
nuscenes_mini_subset,scene-0103_027,roll,3.0,1,0.057,41,0.0923
nuscenes_mini_subset,scene-0103_027,roll,3.0,-1,0.1033,63,0.0707
nuscenes_mini_subset,scene-0103_027,tx,0.0,1,0.1553,50,0.0817
nuscenes_mini_subset,scene-0103_027,tx,2.0,1,0.1798,48,0.0817
nuscenes_mini_subset,scene-0103_027,tx,2.0,-1,0.1777,51,0.0817
nuscenes_mini_subset,scene-0103_027,tx,5.0,1,0.2012,48,0.0817
nuscenes_mini_subset,scene-0103_027,tx,5.0,-1,0.1992,45,0.0817
nuscenes_mini_subset,scene-0103_027,tx,10.0,1,0.2094,54,0.0817
nuscenes_mini_subset,scene-0103_027,tx,10.0,-1,0.1993,45,0.0816
nuscenes_mini_subset,scene-0103_027,ty,0.0,1,0.1553,50,0.0817
nuscenes_mini_subset,scene-0103_027,ty,2.0,1,0.1455,57,0.0819
nuscenes_mini_subset,scene-0103_027,ty,2.0,-1,0.1532,54,0.0815
nuscenes_mini_subset,scene-0103_027,ty,5.0,1,0.1517,64,0.0822
nuscenes_mini_subset,scene-0103_027,ty,5.0,-1,0.1642,52,0.0809
nuscenes_mini_subset,scene-0103_027,ty,10.0,1,0.1552,59,0.0829
nuscenes_mini_subset,scene-0103_027,ty,10.0,-1,0.2018,47,0.0804
nuscenes_mini_subset,scene-0103_027,tz,0.0,1,0.1553,50,0.0817
nuscenes_mini_subset,scene-0103_027,tz,2.0,1,0.1899,43,0.0821
nuscenes_mini_subset,scene-0103_027,tz,2.0,-1,0.1336,64,0.0811
nuscenes_mini_subset,scene-0103_027,tz,5.0,1,0.2283,32,0.0827
nuscenes_mini_subset,scene-0103_027,tz,5.0,-1,0.1146,72,0.0801
nuscenes_mini_subset,scene-0103_027,tz,10.0,1,0.2203,27,0.0857
nuscenes_mini_subset,scene-0103_027,tz,10.0,-1,0.1059,73,0.0777
nuscenes_mini_subset,scene-0103_028,yaw,0.0,1,0.1227,35,0.0804
nuscenes_mini_subset,scene-0103_028,yaw,0.5,1,0.1474,37,0.0805
nuscenes_mini_subset,scene-0103_028,yaw,0.5,-1,0.1625,36,0.0804
nuscenes_mini_subset,scene-0103_028,yaw,1.0,1,0.1097,36,0.0807
nuscenes_mini_subset,scene-0103_028,yaw,1.0,-1,0.1183,38,0.0802
nuscenes_mini_subset,scene-0103_028,yaw,2.0,1,0.0445,36,0.0808
nuscenes_mini_subset,scene-0103_028,yaw,2.0,-1,0.1833,36,0.0802
nuscenes_mini_subset,scene-0103_028,yaw,3.0,1,0.0929,40,0.0812
nuscenes_mini_subset,scene-0103_028,yaw,3.0,-1,0.1382,37,0.08
nuscenes_mini_subset,scene-0103_028,pitch,0.0,1,0.1227,35,0.0804
nuscenes_mini_subset,scene-0103_028,pitch,0.5,1,0.1391,37,0.0804
nuscenes_mini_subset,scene-0103_028,pitch,0.5,-1,0.0886,36,0.0803
nuscenes_mini_subset,scene-0103_028,pitch,1.0,1,0.1247,35,0.0806
nuscenes_mini_subset,scene-0103_028,pitch,1.0,-1,0.0556,37,0.0802
nuscenes_mini_subset,scene-0103_028,pitch,2.0,1,0.1476,33,0.0805
nuscenes_mini_subset,scene-0103_028,pitch,2.0,-1,0.0672,37,0.08
nuscenes_mini_subset,scene-0103_028,pitch,3.0,1,0.2192,37,0.0804
nuscenes_mini_subset,scene-0103_028,pitch,3.0,-1,0.0517,35,0.0795
nuscenes_mini_subset,scene-0103_028,roll,0.0,1,0.1227,35,0.0804
nuscenes_mini_subset,scene-0103_028,roll,0.5,1,0.0833,36,0.0814
nuscenes_mini_subset,scene-0103_028,roll,0.5,-1,0.1764,35,0.0787
nuscenes_mini_subset,scene-0103_028,roll,1.0,1,0.0662,35,0.0843
nuscenes_mini_subset,scene-0103_028,roll,1.0,-1,0.1564,33,0.0763
nuscenes_mini_subset,scene-0103_028,roll,2.0,1,0.0906,35,0.0875
nuscenes_mini_subset,scene-0103_028,roll,2.0,-1,0.2077,33,0.0725
nuscenes_mini_subset,scene-0103_028,roll,3.0,1,0.0809,31,0.0908
nuscenes_mini_subset,scene-0103_028,roll,3.0,-1,0.166,37,0.0694
nuscenes_mini_subset,scene-0103_028,tx,0.0,1,0.1227,35,0.0804
nuscenes_mini_subset,scene-0103_028,tx,2.0,1,0.1223,33,0.0804
nuscenes_mini_subset,scene-0103_028,tx,2.0,-1,0.1183,39,0.0803
nuscenes_mini_subset,scene-0103_028,tx,5.0,1,0.1181,35,0.0803
nuscenes_mini_subset,scene-0103_028,tx,5.0,-1,0.1656,44,0.0804
nuscenes_mini_subset,scene-0103_028,tx,10.0,1,0.1322,38,0.0802
nuscenes_mini_subset,scene-0103_028,tx,10.0,-1,0.1604,47,0.0805
nuscenes_mini_subset,scene-0103_028,ty,0.0,1,0.1227,35,0.0804
nuscenes_mini_subset,scene-0103_028,ty,2.0,1,0.1289,34,0.0806
nuscenes_mini_subset,scene-0103_028,ty,2.0,-1,0.1224,36,0.0801
nuscenes_mini_subset,scene-0103_028,ty,5.0,1,0.1172,35,0.081
nuscenes_mini_subset,scene-0103_028,ty,5.0,-1,0.1371,36,0.0796
nuscenes_mini_subset,scene-0103_028,ty,10.0,1,0.1052,35,0.0817
nuscenes_mini_subset,scene-0103_028,ty,10.0,-1,0.1289,38,0.0789
nuscenes_mini_subset,scene-0103_028,tz,0.0,1,0.1227,35,0.0804
nuscenes_mini_subset,scene-0103_028,tz,2.0,1,0.1394,33,0.0808
nuscenes_mini_subset,scene-0103_028,tz,2.0,-1,0.1268,35,0.0798
nuscenes_mini_subset,scene-0103_028,tz,5.0,1,0.1266,34,0.0814
nuscenes_mini_subset,scene-0103_028,tz,5.0,-1,0.114,38,0.0788
nuscenes_mini_subset,scene-0103_028,tz,10.0,1,0.1362,22,0.0844
nuscenes_mini_subset,scene-0103_028,tz,10.0,-1,0.1062,44,0.0764
nuscenes_mini_subset,scene-0103_029,yaw,0.0,1,0.1807,35,0.0802
nuscenes_mini_subset,scene-0103_029,yaw,0.5,1,0.2576,30,0.0804
nuscenes_mini_subset,scene-0103_029,yaw,0.5,-1,0.1745,35,0.0802
nuscenes_mini_subset,scene-0103_029,yaw,1.0,1,0.2117,32,0.0806
nuscenes_mini_subset,scene-0103_029,yaw,1.0,-1,0.1681,32,0.0799
nuscenes_mini_subset,scene-0103_029,yaw,2.0,1,0.2065,31,0.0808
nuscenes_mini_subset,scene-0103_029,yaw,2.0,-1,0.1826,28,0.0797
nuscenes_mini_subset,scene-0103_029,yaw,3.0,1,0.1883,30,0.081
nuscenes_mini_subset,scene-0103_029,yaw,3.0,-1,0.2061,31,0.0795
nuscenes_mini_subset,scene-0103_029,pitch,0.0,1,0.1807,35,0.0802
nuscenes_mini_subset,scene-0103_029,pitch,0.5,1,0.1622,34,0.0804
nuscenes_mini_subset,scene-0103_029,pitch,0.5,-1,0.2151,34,0.0802
nuscenes_mini_subset,scene-0103_029,pitch,1.0,1,0.1635,35,0.0804
nuscenes_mini_subset,scene-0103_029,pitch,1.0,-1,0.2254,34,0.0802
nuscenes_mini_subset,scene-0103_029,pitch,2.0,1,0.156,32,0.0803
nuscenes_mini_subset,scene-0103_029,pitch,2.0,-1,0.1672,35,0.0799
nuscenes_mini_subset,scene-0103_029,pitch,3.0,1,0.144,33,0.0803
nuscenes_mini_subset,scene-0103_029,pitch,3.0,-1,0.1606,34,0.0794
nuscenes_mini_subset,scene-0103_029,roll,0.0,1,0.1807,35,0.0802
nuscenes_mini_subset,scene-0103_029,roll,0.5,1,0.2606,31,0.0813
nuscenes_mini_subset,scene-0103_029,roll,0.5,-1,0.1752,33,0.0786
nuscenes_mini_subset,scene-0103_029,roll,1.0,1,0.1933,34,0.0841
nuscenes_mini_subset,scene-0103_029,roll,1.0,-1,0.1074,35,0.0762
nuscenes_mini_subset,scene-0103_029,roll,2.0,1,0.2231,30,0.0875
nuscenes_mini_subset,scene-0103_029,roll,2.0,-1,0.0813,34,0.0722
nuscenes_mini_subset,scene-0103_029,roll,3.0,1,0.1458,31,0.0909
nuscenes_mini_subset,scene-0103_029,roll,3.0,-1,0.0862,38,0.0692
nuscenes_mini_subset,scene-0103_029,tx,0.0,1,0.1807,35,0.0802
nuscenes_mini_subset,scene-0103_029,tx,2.0,1,0.2027,34,0.0802
nuscenes_mini_subset,scene-0103_029,tx,2.0,-1,0.1922,34,0.0804
nuscenes_mini_subset,scene-0103_029,tx,5.0,1,0.1808,34,0.0802
nuscenes_mini_subset,scene-0103_029,tx,5.0,-1,0.1693,37,0.0804
nuscenes_mini_subset,scene-0103_029,tx,10.0,1,0.1849,32,0.0801
nuscenes_mini_subset,scene-0103_029,tx,10.0,-1,0.2157,34,0.0803
nuscenes_mini_subset,scene-0103_029,ty,0.0,1,0.1807,35,0.0802
nuscenes_mini_subset,scene-0103_029,ty,2.0,1,0.1875,34,0.0804
nuscenes_mini_subset,scene-0103_029,ty,2.0,-1,0.1962,33,0.08
nuscenes_mini_subset,scene-0103_029,ty,5.0,1,0.1764,33,0.0809
nuscenes_mini_subset,scene-0103_029,ty,5.0,-1,0.199,33,0.0796
nuscenes_mini_subset,scene-0103_029,ty,10.0,1,0.1667,33,0.0815
nuscenes_mini_subset,scene-0103_029,ty,10.0,-1,0.2003,37,0.0789
nuscenes_mini_subset,scene-0103_029,tz,0.0,1,0.1807,35,0.0802
nuscenes_mini_subset,scene-0103_029,tz,2.0,1,0.1874,31,0.0807
nuscenes_mini_subset,scene-0103_029,tz,2.0,-1,0.192,35,0.0797
nuscenes_mini_subset,scene-0103_029,tz,5.0,1,0.1945,23,0.0813
nuscenes_mini_subset,scene-0103_029,tz,5.0,-1,0.1652,43,0.0787
nuscenes_mini_subset,scene-0103_029,tz,10.0,1,,11,0.0842
nuscenes_mini_subset,scene-0103_029,tz,10.0,-1,0.1981,43,0.0763
nuscenes_mini_subset,scene-0103_030,yaw,0.0,1,0.2566,22,0.0815
nuscenes_mini_subset,scene-0103_030,yaw,0.5,1,0.223,22,0.0815
nuscenes_mini_subset,scene-0103_030,yaw,0.5,-1,0.2083,22,0.0813
nuscenes_mini_subset,scene-0103_030,yaw,1.0,1,0.2005,21,0.0817
nuscenes_mini_subset,scene-0103_030,yaw,1.0,-1,0.2085,22,0.0812
nuscenes_mini_subset,scene-0103_030,yaw,2.0,1,0.2161,21,0.0818
nuscenes_mini_subset,scene-0103_030,yaw,2.0,-1,0.179,25,0.0812
nuscenes_mini_subset,scene-0103_030,yaw,3.0,1,0.1642,22,0.0819
nuscenes_mini_subset,scene-0103_030,yaw,3.0,-1,0.3028,26,0.0808
nuscenes_mini_subset,scene-0103_030,pitch,0.0,1,0.2566,22,0.0815
nuscenes_mini_subset,scene-0103_030,pitch,0.5,1,0.2674,22,0.0816
nuscenes_mini_subset,scene-0103_030,pitch,0.5,-1,0.2755,24,0.0812
nuscenes_mini_subset,scene-0103_030,pitch,1.0,1,0.3036,23,0.0816
nuscenes_mini_subset,scene-0103_030,pitch,1.0,-1,0.2509,24,0.0812
nuscenes_mini_subset,scene-0103_030,pitch,2.0,1,0.2687,22,0.0814
nuscenes_mini_subset,scene-0103_030,pitch,2.0,-1,0.2519,22,0.0811
nuscenes_mini_subset,scene-0103_030,pitch,3.0,1,0.2293,24,0.0815
nuscenes_mini_subset,scene-0103_030,pitch,3.0,-1,0.2394,24,0.0805
nuscenes_mini_subset,scene-0103_030,roll,0.0,1,0.2566,22,0.0815
nuscenes_mini_subset,scene-0103_030,roll,0.5,1,0.2294,22,0.0825
nuscenes_mini_subset,scene-0103_030,roll,0.5,-1,0.3195,22,0.0796
nuscenes_mini_subset,scene-0103_030,roll,1.0,1,0.2333,22,0.0853
nuscenes_mini_subset,scene-0103_030,roll,1.0,-1,0.3198,22,0.0771
nuscenes_mini_subset,scene-0103_030,roll,2.0,1,0.2784,23,0.0885
nuscenes_mini_subset,scene-0103_030,roll,2.0,-1,0.3051,26,0.0736
nuscenes_mini_subset,scene-0103_030,roll,3.0,1,0.3336,22,0.0919
nuscenes_mini_subset,scene-0103_030,roll,3.0,-1,0.1548,30,0.0704
nuscenes_mini_subset,scene-0103_030,tx,0.0,1,0.2566,22,0.0815
nuscenes_mini_subset,scene-0103_030,tx,2.0,1,0.245,22,0.0813
nuscenes_mini_subset,scene-0103_030,tx,2.0,-1,0.259,25,0.0814
nuscenes_mini_subset,scene-0103_030,tx,5.0,1,0.2256,21,0.0814
nuscenes_mini_subset,scene-0103_030,tx,5.0,-1,0.2396,27,0.0815
nuscenes_mini_subset,scene-0103_030,tx,10.0,1,0.2298,21,0.0812
nuscenes_mini_subset,scene-0103_030,tx,10.0,-1,0.197,26,0.0815
nuscenes_mini_subset,scene-0103_030,ty,0.0,1,0.2566,22,0.0815
nuscenes_mini_subset,scene-0103_030,ty,2.0,1,0.224,21,0.0817
nuscenes_mini_subset,scene-0103_030,ty,2.0,-1,0.2525,23,0.0811
nuscenes_mini_subset,scene-0103_030,ty,5.0,1,0.2277,21,0.082
nuscenes_mini_subset,scene-0103_030,ty,5.0,-1,0.2536,24,0.0807
nuscenes_mini_subset,scene-0103_030,ty,10.0,1,0.2133,20,0.0827
nuscenes_mini_subset,scene-0103_030,ty,10.0,-1,0.2458,25,0.08
nuscenes_mini_subset,scene-0103_030,tz,0.0,1,0.2566,22,0.0815
nuscenes_mini_subset,scene-0103_030,tz,2.0,1,0.2492,22,0.082
nuscenes_mini_subset,scene-0103_030,tz,2.0,-1,0.364,29,0.0808
nuscenes_mini_subset,scene-0103_030,tz,5.0,1,0.2279,22,0.0825
nuscenes_mini_subset,scene-0103_030,tz,5.0,-1,0.3615,34,0.0798
nuscenes_mini_subset,scene-0103_030,tz,10.0,1,0.3255,23,0.0855
nuscenes_mini_subset,scene-0103_030,tz,10.0,-1,0.3427,35,0.0774
nuscenes_mini_subset,scene-0103_031,yaw,0.0,1,0.1661,34,0.0813
nuscenes_mini_subset,scene-0103_031,yaw,0.5,1,0.242,36,0.0816
nuscenes_mini_subset,scene-0103_031,yaw,0.5,-1,0.2317,37,0.0814
nuscenes_mini_subset,scene-0103_031,yaw,1.0,1,0.2376,35,0.0816
nuscenes_mini_subset,scene-0103_031,yaw,1.0,-1,0.3265,33,0.0812
nuscenes_mini_subset,scene-0103_031,yaw,2.0,1,0.3218,39,0.0817
nuscenes_mini_subset,scene-0103_031,yaw,2.0,-1,0.4184,27,0.081
nuscenes_mini_subset,scene-0103_031,yaw,3.0,1,0.2136,37,0.0818
nuscenes_mini_subset,scene-0103_031,yaw,3.0,-1,0.3642,27,0.081
nuscenes_mini_subset,scene-0103_031,pitch,0.0,1,0.1661,34,0.0813
nuscenes_mini_subset,scene-0103_031,pitch,0.5,1,0.2054,35,0.0815
nuscenes_mini_subset,scene-0103_031,pitch,0.5,-1,0.2019,34,0.0813
nuscenes_mini_subset,scene-0103_031,pitch,1.0,1,0.1593,35,0.0815
nuscenes_mini_subset,scene-0103_031,pitch,1.0,-1,0.1853,36,0.0813
nuscenes_mini_subset,scene-0103_031,pitch,2.0,1,0.203,36,0.0814
nuscenes_mini_subset,scene-0103_031,pitch,2.0,-1,0.081,37,0.081
nuscenes_mini_subset,scene-0103_031,pitch,3.0,1,0.2101,37,0.0814
nuscenes_mini_subset,scene-0103_031,pitch,3.0,-1,0.0725,37,0.0805
nuscenes_mini_subset,scene-0103_031,roll,0.0,1,0.1661,34,0.0813
nuscenes_mini_subset,scene-0103_031,roll,0.5,1,0.1898,36,0.0824
nuscenes_mini_subset,scene-0103_031,roll,0.5,-1,0.1732,37,0.0797
nuscenes_mini_subset,scene-0103_031,roll,1.0,1,0.115,36,0.0852
nuscenes_mini_subset,scene-0103_031,roll,1.0,-1,0.1844,33,0.0773
nuscenes_mini_subset,scene-0103_031,roll,2.0,1,0.0668,37,0.0882
nuscenes_mini_subset,scene-0103_031,roll,2.0,-1,0.1721,28,0.0733
nuscenes_mini_subset,scene-0103_031,roll,3.0,1,0.0449,36,0.0918
nuscenes_mini_subset,scene-0103_031,roll,3.0,-1,0.1826,31,0.0703
nuscenes_mini_subset,scene-0103_031,tx,0.0,1,0.1661,34,0.0813
nuscenes_mini_subset,scene-0103_031,tx,2.0,1,0.2357,38,0.0813
nuscenes_mini_subset,scene-0103_031,tx,2.0,-1,0.161,33,0.0814
nuscenes_mini_subset,scene-0103_031,tx,5.0,1,0.2662,34,0.0812
nuscenes_mini_subset,scene-0103_031,tx,5.0,-1,0.1734,31,0.0814
nuscenes_mini_subset,scene-0103_031,tx,10.0,1,0.2593,31,0.0812
nuscenes_mini_subset,scene-0103_031,tx,10.0,-1,0.2479,36,0.0815
nuscenes_mini_subset,scene-0103_031,ty,0.0,1,0.1661,34,0.0813
nuscenes_mini_subset,scene-0103_031,ty,2.0,1,0.1789,33,0.0816
nuscenes_mini_subset,scene-0103_031,ty,2.0,-1,0.1878,37,0.0811
nuscenes_mini_subset,scene-0103_031,ty,5.0,1,0.1901,33,0.082
nuscenes_mini_subset,scene-0103_031,ty,5.0,-1,0.1801,37,0.0808
nuscenes_mini_subset,scene-0103_031,ty,10.0,1,0.2855,36,0.0827
nuscenes_mini_subset,scene-0103_031,ty,10.0,-1,0.1665,37,0.0799
nuscenes_mini_subset,scene-0103_031,tz,0.0,1,0.1661,34,0.0813
nuscenes_mini_subset,scene-0103_031,tz,2.0,1,0.2405,37,0.0818
nuscenes_mini_subset,scene-0103_031,tz,2.0,-1,0.1101,28,0.0808
nuscenes_mini_subset,scene-0103_031,tz,5.0,1,0.2654,40,0.0824
nuscenes_mini_subset,scene-0103_031,tz,5.0,-1,0.1112,30,0.0797
nuscenes_mini_subset,scene-0103_031,tz,10.0,1,0.3439,46,0.0852
nuscenes_mini_subset,scene-0103_031,tz,10.0,-1,0.096,35,0.0774
nuscenes_mini_subset,scene-0103_032,yaw,0.0,1,0.2301,28,0.0816
nuscenes_mini_subset,scene-0103_032,yaw,0.5,1,0.2302,26,0.0817
nuscenes_mini_subset,scene-0103_032,yaw,0.5,-1,0.2545,26,0.0819
nuscenes_mini_subset,scene-0103_032,yaw,1.0,1,0.2687,29,0.0815
nuscenes_mini_subset,scene-0103_032,yaw,1.0,-1,0.2176,28,0.0818
nuscenes_mini_subset,scene-0103_032,yaw,2.0,1,0.2535,35,0.0812
nuscenes_mini_subset,scene-0103_032,yaw,2.0,-1,0.1537,25,0.0817
nuscenes_mini_subset,scene-0103_032,yaw,3.0,1,0.2731,34,0.0812
nuscenes_mini_subset,scene-0103_032,yaw,3.0,-1,0.2667,26,0.0818
nuscenes_mini_subset,scene-0103_032,pitch,0.0,1,0.2301,28,0.0816
nuscenes_mini_subset,scene-0103_032,pitch,0.5,1,0.2682,27,0.0819
nuscenes_mini_subset,scene-0103_032,pitch,0.5,-1,0.2534,27,0.0816
nuscenes_mini_subset,scene-0103_032,pitch,1.0,1,0.252,26,0.082
nuscenes_mini_subset,scene-0103_032,pitch,1.0,-1,0.2079,27,0.0816
nuscenes_mini_subset,scene-0103_032,pitch,2.0,1,0.3552,27,0.0818
nuscenes_mini_subset,scene-0103_032,pitch,2.0,-1,0.2886,25,0.0813
nuscenes_mini_subset,scene-0103_032,pitch,3.0,1,0.2491,26,0.0818
nuscenes_mini_subset,scene-0103_032,pitch,3.0,-1,0.2423,27,0.0809
nuscenes_mini_subset,scene-0103_032,roll,0.0,1,0.2301,28,0.0816
nuscenes_mini_subset,scene-0103_032,roll,0.5,1,0.2514,27,0.0829
nuscenes_mini_subset,scene-0103_032,roll,0.5,-1,0.2204,26,0.08
nuscenes_mini_subset,scene-0103_032,roll,1.0,1,0.2773,31,0.0858
nuscenes_mini_subset,scene-0103_032,roll,1.0,-1,0.3495,26,0.0777
nuscenes_mini_subset,scene-0103_032,roll,2.0,1,0.228,27,0.0886
nuscenes_mini_subset,scene-0103_032,roll,2.0,-1,0.215,28,0.0738
nuscenes_mini_subset,scene-0103_032,roll,3.0,1,0.1074,27,0.0922
nuscenes_mini_subset,scene-0103_032,roll,3.0,-1,0.2707,27,0.0709
nuscenes_mini_subset,scene-0103_032,tx,0.0,1,0.2301,28,0.0816
nuscenes_mini_subset,scene-0103_032,tx,2.0,1,0.2591,26,0.0818
nuscenes_mini_subset,scene-0103_032,tx,2.0,-1,0.2267,29,0.0818
nuscenes_mini_subset,scene-0103_032,tx,5.0,1,0.2359,24,0.0817
nuscenes_mini_subset,scene-0103_032,tx,5.0,-1,0.2658,31,0.0817
nuscenes_mini_subset,scene-0103_032,tx,10.0,1,0.3003,20,0.0817
nuscenes_mini_subset,scene-0103_032,tx,10.0,-1,0.2718,33,0.0818
nuscenes_mini_subset,scene-0103_032,ty,0.0,1,0.2301,28,0.0816
nuscenes_mini_subset,scene-0103_032,ty,2.0,1,0.2287,26,0.0821
nuscenes_mini_subset,scene-0103_032,ty,2.0,-1,0.2165,29,0.0814
nuscenes_mini_subset,scene-0103_032,ty,5.0,1,0.2472,24,0.0825
nuscenes_mini_subset,scene-0103_032,ty,5.0,-1,0.2206,27,0.0811
nuscenes_mini_subset,scene-0103_032,ty,10.0,1,0.2291,23,0.083
nuscenes_mini_subset,scene-0103_032,ty,10.0,-1,0.2557,28,0.0803
nuscenes_mini_subset,scene-0103_032,tz,0.0,1,0.2301,28,0.0816
nuscenes_mini_subset,scene-0103_032,tz,2.0,1,0.2459,28,0.0822
nuscenes_mini_subset,scene-0103_032,tz,2.0,-1,0.2475,28,0.0811
nuscenes_mini_subset,scene-0103_032,tz,5.0,1,0.2613,35,0.0828
nuscenes_mini_subset,scene-0103_032,tz,5.0,-1,0.2467,28,0.0801
nuscenes_mini_subset,scene-0103_032,tz,10.0,1,0.3162,31,0.0857
nuscenes_mini_subset,scene-0103_032,tz,10.0,-1,0.2613,36,0.0778
nuscenes_mini_subset,scene-0103_033,yaw,0.0,1,0.1894,33,0.082
nuscenes_mini_subset,scene-0103_033,yaw,0.5,1,0.1782,29,0.0818
nuscenes_mini_subset,scene-0103_033,yaw,0.5,-1,0.1657,29,0.082
nuscenes_mini_subset,scene-0103_033,yaw,1.0,1,0.1559,31,0.0819
nuscenes_mini_subset,scene-0103_033,yaw,1.0,-1,0.1989,26,0.0821
nuscenes_mini_subset,scene-0103_033,yaw,2.0,1,0.1908,33,0.0818
nuscenes_mini_subset,scene-0103_033,yaw,2.0,-1,0.3107,30,0.0821
nuscenes_mini_subset,scene-0103_033,yaw,3.0,1,0.2095,34,0.0816
nuscenes_mini_subset,scene-0103_033,yaw,3.0,-1,0.1815,30,0.0821
nuscenes_mini_subset,scene-0103_033,pitch,0.0,1,0.1894,33,0.082
nuscenes_mini_subset,scene-0103_033,pitch,0.5,1,0.228,30,0.0822
nuscenes_mini_subset,scene-0103_033,pitch,0.5,-1,0.2186,32,0.0818
nuscenes_mini_subset,scene-0103_033,pitch,1.0,1,0.1978,31,0.0821
nuscenes_mini_subset,scene-0103_033,pitch,1.0,-1,0.1485,34,0.0818
nuscenes_mini_subset,scene-0103_033,pitch,2.0,1,0.2145,31,0.0819
nuscenes_mini_subset,scene-0103_033,pitch,2.0,-1,0.1925,32,0.0817
nuscenes_mini_subset,scene-0103_033,pitch,3.0,1,0.3352,30,0.082
nuscenes_mini_subset,scene-0103_033,pitch,3.0,-1,0.1979,30,0.0811
nuscenes_mini_subset,scene-0103_033,roll,0.0,1,0.1894,33,0.082
nuscenes_mini_subset,scene-0103_033,roll,0.5,1,0.1728,30,0.0831
nuscenes_mini_subset,scene-0103_033,roll,0.5,-1,0.2606,31,0.0803
nuscenes_mini_subset,scene-0103_033,roll,1.0,1,0.1683,30,0.0859
nuscenes_mini_subset,scene-0103_033,roll,1.0,-1,0.2878,32,0.0778
nuscenes_mini_subset,scene-0103_033,roll,2.0,1,0.1147,29,0.089
nuscenes_mini_subset,scene-0103_033,roll,2.0,-1,0.2501,36,0.0743
nuscenes_mini_subset,scene-0103_033,roll,3.0,1,0.156,30,0.0923
nuscenes_mini_subset,scene-0103_033,roll,3.0,-1,0.1258,33,0.0711
nuscenes_mini_subset,scene-0103_033,tx,0.0,1,0.1894,33,0.082
nuscenes_mini_subset,scene-0103_033,tx,2.0,1,0.1931,32,0.082
nuscenes_mini_subset,scene-0103_033,tx,2.0,-1,0.188,28,0.0819
nuscenes_mini_subset,scene-0103_033,tx,5.0,1,0.2057,31,0.0821
nuscenes_mini_subset,scene-0103_033,tx,5.0,-1,0.2485,25,0.082
nuscenes_mini_subset,scene-0103_033,tx,10.0,1,0.2124,32,0.0819
nuscenes_mini_subset,scene-0103_033,tx,10.0,-1,0.2293,25,0.082
nuscenes_mini_subset,scene-0103_033,ty,0.0,1,0.1894,33,0.082
nuscenes_mini_subset,scene-0103_033,ty,2.0,1,0.1863,28,0.0823
nuscenes_mini_subset,scene-0103_033,ty,2.0,-1,0.1929,29,0.0817
nuscenes_mini_subset,scene-0103_033,ty,5.0,1,0.1549,28,0.0826
nuscenes_mini_subset,scene-0103_033,ty,5.0,-1,0.209,33,0.0812
nuscenes_mini_subset,scene-0103_033,ty,10.0,1,0.1698,30,0.0834
nuscenes_mini_subset,scene-0103_033,ty,10.0,-1,0.2337,35,0.0805
nuscenes_mini_subset,scene-0103_033,tz,0.0,1,0.1894,33,0.082
nuscenes_mini_subset,scene-0103_033,tz,2.0,1,0.1712,31,0.0825
nuscenes_mini_subset,scene-0103_033,tz,2.0,-1,0.2002,35,0.0814
nuscenes_mini_subset,scene-0103_033,tz,5.0,1,0.1948,38,0.0831
nuscenes_mini_subset,scene-0103_033,tz,5.0,-1,0.2095,36,0.0804
nuscenes_mini_subset,scene-0103_033,tz,10.0,1,0.1972,31,0.0861
nuscenes_mini_subset,scene-0103_033,tz,10.0,-1,0.2257,37,0.078
nuscenes_mini_subset,scene-0103_034,yaw,0.0,1,,19,0.082
nuscenes_mini_subset,scene-0103_034,yaw,0.5,1,,18,0.0818
nuscenes_mini_subset,scene-0103_034,yaw,0.5,-1,0.1753,21,0.0821
nuscenes_mini_subset,scene-0103_034,yaw,1.0,1,0.267,21,0.0818
nuscenes_mini_subset,scene-0103_034,yaw,1.0,-1,0.154,21,0.0823
nuscenes_mini_subset,scene-0103_034,yaw,2.0,1,0.2636,20,0.0816
nuscenes_mini_subset,scene-0103_034,yaw,2.0,-1,0.2238,21,0.0824
nuscenes_mini_subset,scene-0103_034,yaw,3.0,1,,17,0.0814
nuscenes_mini_subset,scene-0103_034,yaw,3.0,-1,0.242,21,0.0826
nuscenes_mini_subset,scene-0103_034,pitch,0.0,1,,19,0.082
nuscenes_mini_subset,scene-0103_034,pitch,0.5,1,0.1655,20,0.0821
nuscenes_mini_subset,scene-0103_034,pitch,0.5,-1,,18,0.0818
nuscenes_mini_subset,scene-0103_034,pitch,1.0,1,0.1923,20,0.0822
nuscenes_mini_subset,scene-0103_034,pitch,1.0,-1,0.1535,22,0.0818
nuscenes_mini_subset,scene-0103_034,pitch,2.0,1,0.2726,21,0.0821
nuscenes_mini_subset,scene-0103_034,pitch,2.0,-1,0.1471,20,0.0816
nuscenes_mini_subset,scene-0103_034,pitch,3.0,1,,17,0.0821
nuscenes_mini_subset,scene-0103_034,pitch,3.0,-1,0.1509,20,0.0811
nuscenes_mini_subset,scene-0103_034,roll,0.0,1,,19,0.082
nuscenes_mini_subset,scene-0103_034,roll,0.5,1,0.1452,21,0.083
nuscenes_mini_subset,scene-0103_034,roll,0.5,-1,,18,0.0803
nuscenes_mini_subset,scene-0103_034,roll,1.0,1,,18,0.0858
nuscenes_mini_subset,scene-0103_034,roll,1.0,-1,0.3213,22,0.0778
nuscenes_mini_subset,scene-0103_034,roll,2.0,1,,18,0.089
nuscenes_mini_subset,scene-0103_034,roll,2.0,-1,0.4148,21,0.0744
nuscenes_mini_subset,scene-0103_034,roll,3.0,1,,16,0.0925
nuscenes_mini_subset,scene-0103_034,roll,3.0,-1,0.0544,22,0.0712
nuscenes_mini_subset,scene-0103_034,tx,0.0,1,,19,0.082
nuscenes_mini_subset,scene-0103_034,tx,2.0,1,,18,0.0819
nuscenes_mini_subset,scene-0103_034,tx,2.0,-1,0.1549,21,0.0821
nuscenes_mini_subset,scene-0103_034,tx,5.0,1,0.252,21,0.082
nuscenes_mini_subset,scene-0103_034,tx,5.0,-1,0.181,21,0.0821
nuscenes_mini_subset,scene-0103_034,tx,10.0,1,0.2348,22,0.082
nuscenes_mini_subset,scene-0103_034,tx,10.0,-1,,19,0.0821
nuscenes_mini_subset,scene-0103_034,ty,0.0,1,,19,0.082
nuscenes_mini_subset,scene-0103_034,ty,2.0,1,0.1445,21,0.0823
nuscenes_mini_subset,scene-0103_034,ty,2.0,-1,0.1691,22,0.0816
nuscenes_mini_subset,scene-0103_034,ty,5.0,1,0.1222,20,0.0827
nuscenes_mini_subset,scene-0103_034,ty,5.0,-1,0.146,21,0.0813
nuscenes_mini_subset,scene-0103_034,ty,10.0,1,0.1621,21,0.0834
nuscenes_mini_subset,scene-0103_034,ty,10.0,-1,0.2012,20,0.0805
nuscenes_mini_subset,scene-0103_034,tz,0.0,1,,19,0.082
nuscenes_mini_subset,scene-0103_034,tz,2.0,1,,14,0.0825
nuscenes_mini_subset,scene-0103_034,tz,2.0,-1,,19,0.0814
nuscenes_mini_subset,scene-0103_034,tz,5.0,1,0.3121,23,0.0831
nuscenes_mini_subset,scene-0103_034,tz,5.0,-1,,19,0.0804
nuscenes_mini_subset,scene-0103_034,tz,10.0,1,0.2873,23,0.086
nuscenes_mini_subset,scene-0103_034,tz,10.0,-1,,19,0.0779
nuscenes_mini_subset,scene-0103_035,yaw,0.0,1,,13,0.0809
nuscenes_mini_subset,scene-0103_035,yaw,0.5,1,,13,0.0805
nuscenes_mini_subset,scene-0103_035,yaw,0.5,-1,,10,0.0809
nuscenes_mini_subset,scene-0103_035,yaw,1.0,1,,14,0.0802
nuscenes_mini_subset,scene-0103_035,yaw,1.0,-1,,12,0.0813
nuscenes_mini_subset,scene-0103_035,yaw,2.0,1,,15,0.0801
nuscenes_mini_subset,scene-0103_035,yaw,2.0,-1,,10,0.0818
nuscenes_mini_subset,scene-0103_035,yaw,3.0,1,,17,0.08
nuscenes_mini_subset,scene-0103_035,yaw,3.0,-1,,10,0.0822
nuscenes_mini_subset,scene-0103_035,pitch,0.0,1,,13,0.0809
nuscenes_mini_subset,scene-0103_035,pitch,0.5,1,,12,0.0811
nuscenes_mini_subset,scene-0103_035,pitch,0.5,-1,,13,0.0808
nuscenes_mini_subset,scene-0103_035,pitch,1.0,1,,13,0.0811
nuscenes_mini_subset,scene-0103_035,pitch,1.0,-1,,13,0.0806
nuscenes_mini_subset,scene-0103_035,pitch,2.0,1,,11,0.081
nuscenes_mini_subset,scene-0103_035,pitch,2.0,-1,,13,0.0805
nuscenes_mini_subset,scene-0103_035,pitch,3.0,1,,10,0.081
nuscenes_mini_subset,scene-0103_035,pitch,3.0,-1,,12,0.0797
nuscenes_mini_subset,scene-0103_035,roll,0.0,1,,13,0.0809
nuscenes_mini_subset,scene-0103_035,roll,0.5,1,,13,0.0819
nuscenes_mini_subset,scene-0103_035,roll,0.5,-1,,11,0.0793
nuscenes_mini_subset,scene-0103_035,roll,1.0,1,,12,0.0847
nuscenes_mini_subset,scene-0103_035,roll,1.0,-1,,11,0.0767
nuscenes_mini_subset,scene-0103_035,roll,2.0,1,,14,0.0878
nuscenes_mini_subset,scene-0103_035,roll,2.0,-1,,10,0.0733
nuscenes_mini_subset,scene-0103_035,roll,3.0,1,,14,0.0912
nuscenes_mini_subset,scene-0103_035,roll,3.0,-1,,10,0.07
nuscenes_mini_subset,scene-0103_035,tx,0.0,1,,13,0.0809
nuscenes_mini_subset,scene-0103_035,tx,2.0,1,,12,0.0808
nuscenes_mini_subset,scene-0103_035,tx,2.0,-1,,13,0.0808
nuscenes_mini_subset,scene-0103_035,tx,5.0,1,,10,0.0809
nuscenes_mini_subset,scene-0103_035,tx,5.0,-1,,17,0.0808
nuscenes_mini_subset,scene-0103_035,tx,10.0,1,,8,0.0808
nuscenes_mini_subset,scene-0103_035,tx,10.0,-1,0.1713,21,0.0808
nuscenes_mini_subset,scene-0103_035,ty,0.0,1,,13,0.0809
nuscenes_mini_subset,scene-0103_035,ty,2.0,1,,12,0.0812
nuscenes_mini_subset,scene-0103_035,ty,2.0,-1,,14,0.0806
nuscenes_mini_subset,scene-0103_035,ty,5.0,1,,13,0.0815
nuscenes_mini_subset,scene-0103_035,ty,5.0,-1,,13,0.08
nuscenes_mini_subset,scene-0103_035,ty,10.0,1,,16,0.0824
nuscenes_mini_subset,scene-0103_035,ty,10.0,-1,,11,0.0793
nuscenes_mini_subset,scene-0103_035,tz,0.0,1,,13,0.0809
nuscenes_mini_subset,scene-0103_035,tz,2.0,1,,14,0.0814
nuscenes_mini_subset,scene-0103_035,tz,2.0,-1,,11,0.0804
nuscenes_mini_subset,scene-0103_035,tz,5.0,1,,19,0.082
nuscenes_mini_subset,scene-0103_035,tz,5.0,-1,,11,0.0793
nuscenes_mini_subset,scene-0103_035,tz,10.0,1,0.3575,42,0.0849
nuscenes_mini_subset,scene-0103_035,tz,10.0,-1,,13,0.0769
nuscenes_mini_subset,scene-0103_036,yaw,0.0,1,0.2147,28,0.0804
nuscenes_mini_subset,scene-0103_036,yaw,0.5,1,0.2036,32,0.0807
nuscenes_mini_subset,scene-0103_036,yaw,0.5,-1,0.1851,23,0.0804
nuscenes_mini_subset,scene-0103_036,yaw,1.0,1,0.2238,33,0.0804
nuscenes_mini_subset,scene-0103_036,yaw,1.0,-1,0.1586,21,0.0804
nuscenes_mini_subset,scene-0103_036,yaw,2.0,1,0.3486,37,0.0804
nuscenes_mini_subset,scene-0103_036,yaw,2.0,-1,0.1706,22,0.0805
nuscenes_mini_subset,scene-0103_036,yaw,3.0,1,0.2919,43,0.0802
nuscenes_mini_subset,scene-0103_036,yaw,3.0,-1,,19,0.0807
nuscenes_mini_subset,scene-0103_036,pitch,0.0,1,0.2147,28,0.0804
nuscenes_mini_subset,scene-0103_036,pitch,0.5,1,0.1583,26,0.0807
nuscenes_mini_subset,scene-0103_036,pitch,0.5,-1,0.1919,26,0.0804
nuscenes_mini_subset,scene-0103_036,pitch,1.0,1,0.1824,27,0.0808
nuscenes_mini_subset,scene-0103_036,pitch,1.0,-1,0.1285,26,0.0805
nuscenes_mini_subset,scene-0103_036,pitch,2.0,1,0.2278,26,0.0805
nuscenes_mini_subset,scene-0103_036,pitch,2.0,-1,0.0875,30,0.0802
nuscenes_mini_subset,scene-0103_036,pitch,3.0,1,0.2562,24,0.0806
nuscenes_mini_subset,scene-0103_036,pitch,3.0,-1,0.0928,28,0.0796
nuscenes_mini_subset,scene-0103_036,roll,0.0,1,0.2147,28,0.0804
nuscenes_mini_subset,scene-0103_036,roll,0.5,1,0.1685,29,0.0817
nuscenes_mini_subset,scene-0103_036,roll,0.5,-1,0.1992,26,0.0788
nuscenes_mini_subset,scene-0103_036,roll,1.0,1,0.1841,32,0.0846
nuscenes_mini_subset,scene-0103_036,roll,1.0,-1,0.1437,24,0.0764
nuscenes_mini_subset,scene-0103_036,roll,2.0,1,0.1098,35,0.0877
nuscenes_mini_subset,scene-0103_036,roll,2.0,-1,0.348,20,0.073
nuscenes_mini_subset,scene-0103_036,roll,3.0,1,0.0776,39,0.0909
nuscenes_mini_subset,scene-0103_036,roll,3.0,-1,,19,0.0697
nuscenes_mini_subset,scene-0103_036,tx,0.0,1,0.2147,28,0.0804
nuscenes_mini_subset,scene-0103_036,tx,2.0,1,0.235,25,0.0804
nuscenes_mini_subset,scene-0103_036,tx,2.0,-1,0.232,30,0.0807
nuscenes_mini_subset,scene-0103_036,tx,5.0,1,0.1823,21,0.0803
nuscenes_mini_subset,scene-0103_036,tx,5.0,-1,0.2466,31,0.0807
nuscenes_mini_subset,scene-0103_036,tx,10.0,1,,14,0.0803
nuscenes_mini_subset,scene-0103_036,tx,10.0,-1,0.1941,39,0.0809
nuscenes_mini_subset,scene-0103_036,ty,0.0,1,0.2147,28,0.0804
nuscenes_mini_subset,scene-0103_036,ty,2.0,1,0.2285,28,0.0809
nuscenes_mini_subset,scene-0103_036,ty,2.0,-1,0.2186,29,0.0802
nuscenes_mini_subset,scene-0103_036,ty,5.0,1,0.2327,27,0.0813
nuscenes_mini_subset,scene-0103_036,ty,5.0,-1,0.169,24,0.0799
nuscenes_mini_subset,scene-0103_036,ty,10.0,1,0.2492,32,0.0818
nuscenes_mini_subset,scene-0103_036,ty,10.0,-1,0.1923,25,0.079
nuscenes_mini_subset,scene-0103_036,tz,0.0,1,0.2147,28,0.0804
nuscenes_mini_subset,scene-0103_036,tz,2.0,1,0.252,35,0.081
nuscenes_mini_subset,scene-0103_036,tz,2.0,-1,0.1698,22,0.0799
nuscenes_mini_subset,scene-0103_036,tz,5.0,1,0.3086,38,0.0815
nuscenes_mini_subset,scene-0103_036,tz,5.0,-1,0.1715,22,0.0789
nuscenes_mini_subset,scene-0103_036,tz,10.0,1,0.1693,40,0.0847
nuscenes_mini_subset,scene-0103_036,tz,10.0,-1,0.214,24,0.0765
nuscenes_mini_subset,scene-0103_037,yaw,0.0,1,0.3038,25,0.0784
nuscenes_mini_subset,scene-0103_037,yaw,0.5,1,0.2427,25,0.0782
nuscenes_mini_subset,scene-0103_037,yaw,0.5,-1,0.3402,23,0.0783
nuscenes_mini_subset,scene-0103_037,yaw,1.0,1,0.2939,25,0.0781
nuscenes_mini_subset,scene-0103_037,yaw,1.0,-1,0.2964,25,0.0784
nuscenes_mini_subset,scene-0103_037,yaw,2.0,1,0.3387,25,0.078
nuscenes_mini_subset,scene-0103_037,yaw,2.0,-1,0.3238,21,0.0786
nuscenes_mini_subset,scene-0103_037,yaw,3.0,1,0.2119,28,0.078
nuscenes_mini_subset,scene-0103_037,yaw,3.0,-1,0.3297,23,0.0786
nuscenes_mini_subset,scene-0103_037,pitch,0.0,1,0.3038,25,0.0784
nuscenes_mini_subset,scene-0103_037,pitch,0.5,1,0.3914,23,0.0785
nuscenes_mini_subset,scene-0103_037,pitch,0.5,-1,0.3015,25,0.0782
nuscenes_mini_subset,scene-0103_037,pitch,1.0,1,0.5183,21,0.0785
nuscenes_mini_subset,scene-0103_037,pitch,1.0,-1,0.2755,25,0.0781
nuscenes_mini_subset,scene-0103_037,pitch,2.0,1,0.4854,23,0.0784
nuscenes_mini_subset,scene-0103_037,pitch,2.0,-1,0.2411,25,0.078
nuscenes_mini_subset,scene-0103_037,pitch,3.0,1,0.4717,21,0.0785
nuscenes_mini_subset,scene-0103_037,pitch,3.0,-1,0.3167,23,0.0774
nuscenes_mini_subset,scene-0103_037,roll,0.0,1,0.3038,25,0.0784
nuscenes_mini_subset,scene-0103_037,roll,0.5,1,0.4008,25,0.0794
nuscenes_mini_subset,scene-0103_037,roll,0.5,-1,0.3151,23,0.0767
nuscenes_mini_subset,scene-0103_037,roll,1.0,1,0.2495,25,0.0822
nuscenes_mini_subset,scene-0103_037,roll,1.0,-1,0.3886,25,0.0742
nuscenes_mini_subset,scene-0103_037,roll,2.0,1,0.1138,25,0.0852
nuscenes_mini_subset,scene-0103_037,roll,2.0,-1,0.4978,25,0.0707
nuscenes_mini_subset,scene-0103_037,roll,3.0,1,0.1586,30,0.0888
nuscenes_mini_subset,scene-0103_037,roll,3.0,-1,0.3599,21,0.0675
nuscenes_mini_subset,scene-0103_037,tx,0.0,1,0.3038,25,0.0784
nuscenes_mini_subset,scene-0103_037,tx,2.0,1,0.3335,23,0.0783
nuscenes_mini_subset,scene-0103_037,tx,2.0,-1,0.3239,25,0.0783
nuscenes_mini_subset,scene-0103_037,tx,5.0,1,0.3914,23,0.0783
nuscenes_mini_subset,scene-0103_037,tx,5.0,-1,0.33,26,0.0784
nuscenes_mini_subset,scene-0103_037,tx,10.0,1,0.3454,23,0.0782
nuscenes_mini_subset,scene-0103_037,tx,10.0,-1,0.291,28,0.0783
nuscenes_mini_subset,scene-0103_037,ty,0.0,1,0.3038,25,0.0784
nuscenes_mini_subset,scene-0103_037,ty,2.0,1,0.2929,25,0.0786
nuscenes_mini_subset,scene-0103_037,ty,2.0,-1,0.321,23,0.0781
nuscenes_mini_subset,scene-0103_037,ty,5.0,1,0.3307,23,0.079
nuscenes_mini_subset,scene-0103_037,ty,5.0,-1,0.3205,25,0.0775
nuscenes_mini_subset,scene-0103_037,ty,10.0,1,0.3211,32,0.0797
nuscenes_mini_subset,scene-0103_037,ty,10.0,-1,0.3553,24,0.0769
nuscenes_mini_subset,scene-0103_037,tz,0.0,1,0.3038,25,0.0784
nuscenes_mini_subset,scene-0103_037,tz,2.0,1,0.3218,25,0.0788
nuscenes_mini_subset,scene-0103_037,tz,2.0,-1,0.3039,25,0.0778
nuscenes_mini_subset,scene-0103_037,tz,5.0,1,0.3515,51,0.0794
nuscenes_mini_subset,scene-0103_037,tz,5.0,-1,0.3174,23,0.0768
nuscenes_mini_subset,scene-0103_037,tz,10.0,1,0.3574,70,0.0824
nuscenes_mini_subset,scene-0103_037,tz,10.0,-1,,14,0.0744
nuscenes_mini_subset,scene-0103_038,yaw,0.0,1,0.2295,34,0.0787
nuscenes_mini_subset,scene-0103_038,yaw,0.5,1,0.3087,35,0.0788
nuscenes_mini_subset,scene-0103_038,yaw,0.5,-1,0.2572,33,0.0786
nuscenes_mini_subset,scene-0103_038,yaw,1.0,1,0.2556,35,0.0787
nuscenes_mini_subset,scene-0103_038,yaw,1.0,-1,0.2475,31,0.0785
nuscenes_mini_subset,scene-0103_038,yaw,2.0,1,0.141,36,0.0789
nuscenes_mini_subset,scene-0103_038,yaw,2.0,-1,0.1913,30,0.0786
nuscenes_mini_subset,scene-0103_038,yaw,3.0,1,0.1364,38,0.0792
nuscenes_mini_subset,scene-0103_038,yaw,3.0,-1,0.1061,30,0.0784
nuscenes_mini_subset,scene-0103_038,pitch,0.0,1,0.2295,34,0.0787
nuscenes_mini_subset,scene-0103_038,pitch,0.5,1,0.2356,34,0.0787
nuscenes_mini_subset,scene-0103_038,pitch,0.5,-1,0.2323,33,0.0785
nuscenes_mini_subset,scene-0103_038,pitch,1.0,1,0.3133,34,0.0787
nuscenes_mini_subset,scene-0103_038,pitch,1.0,-1,0.2536,33,0.0784
nuscenes_mini_subset,scene-0103_038,pitch,2.0,1,0.2074,35,0.0787
nuscenes_mini_subset,scene-0103_038,pitch,2.0,-1,0.2576,32,0.0782
nuscenes_mini_subset,scene-0103_038,pitch,3.0,1,0.1142,33,0.0787
nuscenes_mini_subset,scene-0103_038,pitch,3.0,-1,0.2196,37,0.0778
nuscenes_mini_subset,scene-0103_038,roll,0.0,1,0.2295,34,0.0787
nuscenes_mini_subset,scene-0103_038,roll,0.5,1,0.3389,32,0.0795
nuscenes_mini_subset,scene-0103_038,roll,0.5,-1,0.2472,35,0.0771
nuscenes_mini_subset,scene-0103_038,roll,1.0,1,0.1289,32,0.0825
nuscenes_mini_subset,scene-0103_038,roll,1.0,-1,0.1995,37,0.0745
nuscenes_mini_subset,scene-0103_038,roll,2.0,1,0.0337,51,0.0859
nuscenes_mini_subset,scene-0103_038,roll,2.0,-1,0.2861,38,0.0716
nuscenes_mini_subset,scene-0103_038,roll,3.0,1,0.021,56,0.0888
nuscenes_mini_subset,scene-0103_038,roll,3.0,-1,0.313,42,0.0683
nuscenes_mini_subset,scene-0103_038,tx,0.0,1,0.2295,34,0.0787
nuscenes_mini_subset,scene-0103_038,tx,2.0,1,0.2307,35,0.0786
nuscenes_mini_subset,scene-0103_038,tx,2.0,-1,0.2786,33,0.0787
nuscenes_mini_subset,scene-0103_038,tx,5.0,1,0.1987,37,0.0788
nuscenes_mini_subset,scene-0103_038,tx,5.0,-1,0.2778,31,0.0787
nuscenes_mini_subset,scene-0103_038,tx,10.0,1,0.2198,37,0.0787
nuscenes_mini_subset,scene-0103_038,tx,10.0,-1,0.2779,31,0.0788
nuscenes_mini_subset,scene-0103_038,ty,0.0,1,0.2295,34,0.0787
nuscenes_mini_subset,scene-0103_038,ty,2.0,1,0.2119,34,0.079
nuscenes_mini_subset,scene-0103_038,ty,2.0,-1,0.2293,36,0.0784
nuscenes_mini_subset,scene-0103_038,ty,5.0,1,0.2176,33,0.0795
nuscenes_mini_subset,scene-0103_038,ty,5.0,-1,0.2634,34,0.0778
nuscenes_mini_subset,scene-0103_038,ty,10.0,1,0.1839,35,0.0803
nuscenes_mini_subset,scene-0103_038,ty,10.0,-1,0.2562,34,0.077
nuscenes_mini_subset,scene-0103_038,tz,0.0,1,0.2295,34,0.0787
nuscenes_mini_subset,scene-0103_038,tz,2.0,1,0.3213,53,0.0791
nuscenes_mini_subset,scene-0103_038,tz,2.0,-1,0.2099,38,0.0781
nuscenes_mini_subset,scene-0103_038,tz,5.0,1,0.3055,56,0.0801
nuscenes_mini_subset,scene-0103_038,tz,5.0,-1,0.163,48,0.0771
nuscenes_mini_subset,scene-0103_038,tz,10.0,1,0.2776,57,0.0827
nuscenes_mini_subset,scene-0103_038,tz,10.0,-1,0.134,63,0.0745
nuscenes_mini_subset,scene-0103_039,yaw,0.0,1,,12,0.0776
nuscenes_mini_subset,scene-0103_039,yaw,0.5,1,,12,0.0778
nuscenes_mini_subset,scene-0103_039,yaw,0.5,-1,,13,0.0774
nuscenes_mini_subset,scene-0103_039,yaw,1.0,1,,12,0.0783
nuscenes_mini_subset,scene-0103_039,yaw,1.0,-1,,13,0.0779
nuscenes_mini_subset,scene-0103_039,yaw,2.0,1,,12,0.0789
nuscenes_mini_subset,scene-0103_039,yaw,2.0,-1,,15,0.0779
nuscenes_mini_subset,scene-0103_039,yaw,3.0,1,,12,0.0793
nuscenes_mini_subset,scene-0103_039,yaw,3.0,-1,,10,0.0779
nuscenes_mini_subset,scene-0103_039,pitch,0.0,1,,12,0.0776
nuscenes_mini_subset,scene-0103_039,pitch,0.5,1,,14,0.0776
nuscenes_mini_subset,scene-0103_039,pitch,0.5,-1,,14,0.0775
nuscenes_mini_subset,scene-0103_039,pitch,1.0,1,,12,0.0777
nuscenes_mini_subset,scene-0103_039,pitch,1.0,-1,,16,0.0774
nuscenes_mini_subset,scene-0103_039,pitch,2.0,1,,13,0.0776
nuscenes_mini_subset,scene-0103_039,pitch,2.0,-1,,14,0.0772
nuscenes_mini_subset,scene-0103_039,pitch,3.0,1,,11,0.0776
nuscenes_mini_subset,scene-0103_039,pitch,3.0,-1,,16,0.0767
nuscenes_mini_subset,scene-0103_039,roll,0.0,1,,12,0.0776
nuscenes_mini_subset,scene-0103_039,roll,0.5,1,,12,0.0787
nuscenes_mini_subset,scene-0103_039,roll,0.5,-1,,14,0.076
nuscenes_mini_subset,scene-0103_039,roll,1.0,1,,9,0.0813
nuscenes_mini_subset,scene-0103_039,roll,1.0,-1,,17,0.0734
nuscenes_mini_subset,scene-0103_039,roll,2.0,1,,11,0.0846
nuscenes_mini_subset,scene-0103_039,roll,2.0,-1,,18,0.0699
nuscenes_mini_subset,scene-0103_039,roll,3.0,1,,14,0.0881
nuscenes_mini_subset,scene-0103_039,roll,3.0,-1,,14,0.0667
nuscenes_mini_subset,scene-0103_039,tx,0.0,1,,12,0.0776
nuscenes_mini_subset,scene-0103_039,tx,2.0,1,,14,0.0775
nuscenes_mini_subset,scene-0103_039,tx,2.0,-1,,12,0.0775
nuscenes_mini_subset,scene-0103_039,tx,5.0,1,,16,0.0775
nuscenes_mini_subset,scene-0103_039,tx,5.0,-1,,12,0.0777
nuscenes_mini_subset,scene-0103_039,tx,10.0,1,,19,0.0773
nuscenes_mini_subset,scene-0103_039,tx,10.0,-1,,14,0.0778
nuscenes_mini_subset,scene-0103_039,ty,0.0,1,,12,0.0776
nuscenes_mini_subset,scene-0103_039,ty,2.0,1,,12,0.0778
nuscenes_mini_subset,scene-0103_039,ty,2.0,-1,,15,0.0774
nuscenes_mini_subset,scene-0103_039,ty,5.0,1,,11,0.0782
nuscenes_mini_subset,scene-0103_039,ty,5.0,-1,,15,0.0767
nuscenes_mini_subset,scene-0103_039,ty,10.0,1,,15,0.0789
nuscenes_mini_subset,scene-0103_039,ty,10.0,-1,,15,0.0761
nuscenes_mini_subset,scene-0103_039,tz,0.0,1,,12,0.0776
nuscenes_mini_subset,scene-0103_039,tz,2.0,1,,9,0.0781
nuscenes_mini_subset,scene-0103_039,tz,2.0,-1,,16,0.077
nuscenes_mini_subset,scene-0103_039,tz,5.0,1,,7,0.0787
nuscenes_mini_subset,scene-0103_039,tz,5.0,-1,,18,0.076
nuscenes_mini_subset,scene-0103_039,tz,10.0,1,,7,0.0817
nuscenes_mini_subset,scene-0103_039,tz,10.0,-1,0.1532,22,0.0736
nuscenes_mini_subset,scene-1094_000,yaw,0.0,1,0.1804,229,0.1032
nuscenes_mini_subset,scene-1094_000,yaw,0.5,1,0.1748,234,0.1035
nuscenes_mini_subset,scene-1094_000,yaw,0.5,-1,0.1778,239,0.1031
nuscenes_mini_subset,scene-1094_000,yaw,1.0,1,0.1786,237,0.1038
nuscenes_mini_subset,scene-1094_000,yaw,1.0,-1,0.1642,250,0.1027
nuscenes_mini_subset,scene-1094_000,yaw,2.0,1,0.2254,235,0.1043
nuscenes_mini_subset,scene-1094_000,yaw,2.0,-1,0.252,263,0.1022
nuscenes_mini_subset,scene-1094_000,yaw,3.0,1,0.291,226,0.1046
nuscenes_mini_subset,scene-1094_000,yaw,3.0,-1,0.2903,257,0.1015
nuscenes_mini_subset,scene-1094_000,pitch,0.0,1,0.1804,229,0.1032
nuscenes_mini_subset,scene-1094_000,pitch,0.5,1,0.1793,232,0.1032
nuscenes_mini_subset,scene-1094_000,pitch,0.5,-1,0.185,231,0.1031
nuscenes_mini_subset,scene-1094_000,pitch,1.0,1,0.1846,235,0.1031
nuscenes_mini_subset,scene-1094_000,pitch,1.0,-1,0.1849,230,0.1031
nuscenes_mini_subset,scene-1094_000,pitch,2.0,1,0.2067,236,0.1032
nuscenes_mini_subset,scene-1094_000,pitch,2.0,-1,0.1698,237,0.1033
nuscenes_mini_subset,scene-1094_000,pitch,3.0,1,0.2107,239,0.1033
nuscenes_mini_subset,scene-1094_000,pitch,3.0,-1,0.1594,232,0.1033
nuscenes_mini_subset,scene-1094_000,roll,0.0,1,0.1804,229,0.1032
nuscenes_mini_subset,scene-1094_000,roll,0.5,1,0.2443,243,0.105
nuscenes_mini_subset,scene-1094_000,roll,0.5,-1,0.1021,223,0.1006
nuscenes_mini_subset,scene-1094_000,roll,1.0,1,0.2152,255,0.106
nuscenes_mini_subset,scene-1094_000,roll,1.0,-1,0.1116,214,0.0993
nuscenes_mini_subset,scene-1094_000,roll,2.0,1,0.3195,287,0.1102
nuscenes_mini_subset,scene-1094_000,roll,2.0,-1,0.2509,183,0.0952
nuscenes_mini_subset,scene-1094_000,roll,3.0,1,0.3046,273,0.1145
nuscenes_mini_subset,scene-1094_000,roll,3.0,-1,0.1384,126,0.0909
nuscenes_mini_subset,scene-1094_000,tx,0.0,1,0.1804,229,0.1032
nuscenes_mini_subset,scene-1094_000,tx,2.0,1,0.1876,233,0.1032
nuscenes_mini_subset,scene-1094_000,tx,2.0,-1,0.1738,233,0.1031
nuscenes_mini_subset,scene-1094_000,tx,5.0,1,0.1813,229,0.1033
nuscenes_mini_subset,scene-1094_000,tx,5.0,-1,0.18,231,0.1032
nuscenes_mini_subset,scene-1094_000,tx,10.0,1,0.1918,220,0.1034
nuscenes_mini_subset,scene-1094_000,tx,10.0,-1,0.1682,234,0.1031
nuscenes_mini_subset,scene-1094_000,ty,0.0,1,0.1804,229,0.1032
nuscenes_mini_subset,scene-1094_000,ty,2.0,1,0.1826,227,0.1035
nuscenes_mini_subset,scene-1094_000,ty,2.0,-1,0.1745,231,0.1027
nuscenes_mini_subset,scene-1094_000,ty,5.0,1,0.1611,221,0.1041
nuscenes_mini_subset,scene-1094_000,ty,5.0,-1,0.1764,238,0.1021
nuscenes_mini_subset,scene-1094_000,ty,10.0,1,0.1622,222,0.1049
nuscenes_mini_subset,scene-1094_000,ty,10.0,-1,0.1938,244,0.1006
nuscenes_mini_subset,scene-1094_000,tz,0.0,1,0.1804,229,0.1032
nuscenes_mini_subset,scene-1094_000,tz,2.0,1,0.1761,264,0.104
nuscenes_mini_subset,scene-1094_000,tz,2.0,-1,0.1866,201,0.1019
nuscenes_mini_subset,scene-1094_000,tz,5.0,1,0.2511,275,0.1048
nuscenes_mini_subset,scene-1094_000,tz,5.0,-1,0.1901,145,0.1008
nuscenes_mini_subset,scene-1094_000,tz,10.0,1,0.24,191,0.1059
nuscenes_mini_subset,scene-1094_000,tz,10.0,-1,0.1867,175,0.0999
nuscenes_mini_subset,scene-1094_001,yaw,0.0,1,0.2564,233,0.1025
nuscenes_mini_subset,scene-1094_001,yaw,0.5,1,0.238,231,0.1027
nuscenes_mini_subset,scene-1094_001,yaw,0.5,-1,0.2233,228,0.1024
nuscenes_mini_subset,scene-1094_001,yaw,1.0,1,0.2513,218,0.1026
nuscenes_mini_subset,scene-1094_001,yaw,1.0,-1,0.2053,228,0.1021
nuscenes_mini_subset,scene-1094_001,yaw,2.0,1,0.2433,205,0.1028
nuscenes_mini_subset,scene-1094_001,yaw,2.0,-1,0.2383,222,0.1015
nuscenes_mini_subset,scene-1094_001,yaw,3.0,1,0.2887,205,0.1029
nuscenes_mini_subset,scene-1094_001,yaw,3.0,-1,0.2748,217,0.1008
nuscenes_mini_subset,scene-1094_001,pitch,0.0,1,0.2564,233,0.1025
nuscenes_mini_subset,scene-1094_001,pitch,0.5,1,0.2758,226,0.1025
nuscenes_mini_subset,scene-1094_001,pitch,0.5,-1,0.2512,228,0.1027
nuscenes_mini_subset,scene-1094_001,pitch,1.0,1,0.2734,230,0.1025
nuscenes_mini_subset,scene-1094_001,pitch,1.0,-1,0.2474,225,0.1027
nuscenes_mini_subset,scene-1094_001,pitch,2.0,1,0.2594,230,0.1024
nuscenes_mini_subset,scene-1094_001,pitch,2.0,-1,0.2359,224,0.1028
nuscenes_mini_subset,scene-1094_001,pitch,3.0,1,0.2677,233,0.1024
nuscenes_mini_subset,scene-1094_001,pitch,3.0,-1,0.2355,221,0.1027
nuscenes_mini_subset,scene-1094_001,roll,0.0,1,0.2564,233,0.1025
nuscenes_mini_subset,scene-1094_001,roll,0.5,1,0.3047,238,0.1042
nuscenes_mini_subset,scene-1094_001,roll,0.5,-1,0.1808,218,0.1001
nuscenes_mini_subset,scene-1094_001,roll,1.0,1,0.2299,249,0.1053
nuscenes_mini_subset,scene-1094_001,roll,1.0,-1,0.1806,188,0.099
nuscenes_mini_subset,scene-1094_001,roll,2.0,1,0.2964,270,0.1096
nuscenes_mini_subset,scene-1094_001,roll,2.0,-1,0.1975,165,0.0948
nuscenes_mini_subset,scene-1094_001,roll,3.0,1,0.3087,274,0.1137
nuscenes_mini_subset,scene-1094_001,roll,3.0,-1,0.2037,172,0.0904
nuscenes_mini_subset,scene-1094_001,tx,0.0,1,0.2564,233,0.1025
nuscenes_mini_subset,scene-1094_001,tx,2.0,1,0.2726,232,0.1025
nuscenes_mini_subset,scene-1094_001,tx,2.0,-1,0.2509,232,0.1027
nuscenes_mini_subset,scene-1094_001,tx,5.0,1,0.2589,220,0.1025
nuscenes_mini_subset,scene-1094_001,tx,5.0,-1,0.2573,240,0.1026
nuscenes_mini_subset,scene-1094_001,tx,10.0,1,0.24,205,0.1024
nuscenes_mini_subset,scene-1094_001,tx,10.0,-1,0.2377,246,0.1026
nuscenes_mini_subset,scene-1094_001,ty,0.0,1,0.2564,233,0.1025
nuscenes_mini_subset,scene-1094_001,ty,2.0,1,0.2433,229,0.1029
nuscenes_mini_subset,scene-1094_001,ty,2.0,-1,0.2632,230,0.1021
nuscenes_mini_subset,scene-1094_001,ty,5.0,1,0.2536,223,0.1035
nuscenes_mini_subset,scene-1094_001,ty,5.0,-1,0.2663,231,0.1014
nuscenes_mini_subset,scene-1094_001,ty,10.0,1,0.2342,211,0.1043
nuscenes_mini_subset,scene-1094_001,ty,10.0,-1,0.2664,242,0.0999
nuscenes_mini_subset,scene-1094_001,tz,0.0,1,0.2564,233,0.1025
nuscenes_mini_subset,scene-1094_001,tz,2.0,1,0.2407,262,0.1033
nuscenes_mini_subset,scene-1094_001,tz,2.0,-1,0.2679,159,0.1012
nuscenes_mini_subset,scene-1094_001,tz,5.0,1,0.3048,274,0.1041
nuscenes_mini_subset,scene-1094_001,tz,5.0,-1,0.2647,184,0.1001
nuscenes_mini_subset,scene-1094_001,tz,10.0,1,0.3446,249,0.1051
nuscenes_mini_subset,scene-1094_001,tz,10.0,-1,0.2516,178,0.0992
nuscenes_mini_subset,scene-1094_002,yaw,0.0,1,0.3134,155,0.1023
nuscenes_mini_subset,scene-1094_002,yaw,0.5,1,0.2583,151,0.1024
nuscenes_mini_subset,scene-1094_002,yaw,0.5,-1,0.3402,158,0.1021
nuscenes_mini_subset,scene-1094_002,yaw,1.0,1,0.2766,137,0.1023
nuscenes_mini_subset,scene-1094_002,yaw,1.0,-1,0.2606,158,0.1021
nuscenes_mini_subset,scene-1094_002,yaw,2.0,1,0.2783,145,0.1021
nuscenes_mini_subset,scene-1094_002,yaw,2.0,-1,0.2217,149,0.1016
nuscenes_mini_subset,scene-1094_002,yaw,3.0,1,0.2942,149,0.102
nuscenes_mini_subset,scene-1094_002,yaw,3.0,-1,0.2762,148,0.1009
nuscenes_mini_subset,scene-1094_002,pitch,0.0,1,0.3134,155,0.1023
nuscenes_mini_subset,scene-1094_002,pitch,0.5,1,0.3286,151,0.1023
nuscenes_mini_subset,scene-1094_002,pitch,0.5,-1,0.2983,156,0.1021
nuscenes_mini_subset,scene-1094_002,pitch,1.0,1,0.2903,148,0.1023
nuscenes_mini_subset,scene-1094_002,pitch,1.0,-1,0.2611,149,0.1022
nuscenes_mini_subset,scene-1094_002,pitch,2.0,1,0.2604,150,0.1022
nuscenes_mini_subset,scene-1094_002,pitch,2.0,-1,0.2369,152,0.1023
nuscenes_mini_subset,scene-1094_002,pitch,3.0,1,0.2861,151,0.1022
nuscenes_mini_subset,scene-1094_002,pitch,3.0,-1,0.2454,154,0.1024
nuscenes_mini_subset,scene-1094_002,roll,0.0,1,0.3134,155,0.1023
nuscenes_mini_subset,scene-1094_002,roll,0.5,1,0.3385,171,0.1039
nuscenes_mini_subset,scene-1094_002,roll,0.5,-1,0.2731,146,0.0999
nuscenes_mini_subset,scene-1094_002,roll,1.0,1,0.208,201,0.1049
nuscenes_mini_subset,scene-1094_002,roll,1.0,-1,0.2362,146,0.0987
nuscenes_mini_subset,scene-1094_002,roll,2.0,1,0.3183,211,0.1092
nuscenes_mini_subset,scene-1094_002,roll,2.0,-1,0.2707,150,0.0946
nuscenes_mini_subset,scene-1094_002,roll,3.0,1,0.3413,211,0.1132
nuscenes_mini_subset,scene-1094_002,roll,3.0,-1,0.2056,156,0.0904
nuscenes_mini_subset,scene-1094_002,tx,0.0,1,0.3134,155,0.1023
nuscenes_mini_subset,scene-1094_002,tx,2.0,1,0.3151,154,0.1023
nuscenes_mini_subset,scene-1094_002,tx,2.0,-1,0.3029,161,0.1022
nuscenes_mini_subset,scene-1094_002,tx,5.0,1,0.3186,154,0.1023
nuscenes_mini_subset,scene-1094_002,tx,5.0,-1,0.2728,171,0.1022
nuscenes_mini_subset,scene-1094_002,tx,10.0,1,0.3323,151,0.1023
nuscenes_mini_subset,scene-1094_002,tx,10.0,-1,0.274,168,0.1022
nuscenes_mini_subset,scene-1094_002,ty,0.0,1,0.3134,155,0.1023
nuscenes_mini_subset,scene-1094_002,ty,2.0,1,0.3145,154,0.1025
nuscenes_mini_subset,scene-1094_002,ty,2.0,-1,0.3128,158,0.1019
nuscenes_mini_subset,scene-1094_002,ty,5.0,1,0.3297,153,0.103
nuscenes_mini_subset,scene-1094_002,ty,5.0,-1,0.31,158,0.1012
nuscenes_mini_subset,scene-1094_002,ty,10.0,1,0.3132,135,0.1038
nuscenes_mini_subset,scene-1094_002,ty,10.0,-1,0.3169,166,0.0998
nuscenes_mini_subset,scene-1094_002,tz,0.0,1,0.3134,155,0.1023
nuscenes_mini_subset,scene-1094_002,tz,2.0,1,0.351,209,0.103
nuscenes_mini_subset,scene-1094_002,tz,2.0,-1,0.2927,151,0.1011
nuscenes_mini_subset,scene-1094_002,tz,5.0,1,0.3818,221,0.1039
nuscenes_mini_subset,scene-1094_002,tz,5.0,-1,0.2905,158,0.0999
nuscenes_mini_subset,scene-1094_002,tz,10.0,1,0.4125,236,0.1048
nuscenes_mini_subset,scene-1094_002,tz,10.0,-1,0.2732,159,0.0992
nuscenes_mini_subset,scene-1094_003,yaw,0.0,1,0.1512,183,0.1032
nuscenes_mini_subset,scene-1094_003,yaw,0.5,1,0.1901,181,0.1033
nuscenes_mini_subset,scene-1094_003,yaw,0.5,-1,0.1386,182,0.1029
nuscenes_mini_subset,scene-1094_003,yaw,1.0,1,0.219,180,0.1034
nuscenes_mini_subset,scene-1094_003,yaw,1.0,-1,0.1242,186,0.1028
nuscenes_mini_subset,scene-1094_003,yaw,2.0,1,0.2195,183,0.1035
nuscenes_mini_subset,scene-1094_003,yaw,2.0,-1,0.2086,183,0.1026
nuscenes_mini_subset,scene-1094_003,yaw,3.0,1,0.235,175,0.1031
nuscenes_mini_subset,scene-1094_003,yaw,3.0,-1,0.2147,183,0.1021
nuscenes_mini_subset,scene-1094_003,pitch,0.0,1,0.1512,183,0.1032
nuscenes_mini_subset,scene-1094_003,pitch,0.5,1,0.169,179,0.1032
nuscenes_mini_subset,scene-1094_003,pitch,0.5,-1,0.1539,183,0.1031
nuscenes_mini_subset,scene-1094_003,pitch,1.0,1,0.1804,176,0.1031
nuscenes_mini_subset,scene-1094_003,pitch,1.0,-1,0.1783,184,0.1032
nuscenes_mini_subset,scene-1094_003,pitch,2.0,1,0.167,184,0.103
nuscenes_mini_subset,scene-1094_003,pitch,2.0,-1,0.1898,182,0.1032
nuscenes_mini_subset,scene-1094_003,pitch,3.0,1,0.1556,185,0.1031
nuscenes_mini_subset,scene-1094_003,pitch,3.0,-1,0.194,182,0.1033
nuscenes_mini_subset,scene-1094_003,roll,0.0,1,0.1512,183,0.1032
nuscenes_mini_subset,scene-1094_003,roll,0.5,1,0.1995,171,0.105
nuscenes_mini_subset,scene-1094_003,roll,0.5,-1,0.1623,180,0.1008
nuscenes_mini_subset,scene-1094_003,roll,1.0,1,0.2274,168,0.1059
nuscenes_mini_subset,scene-1094_003,roll,1.0,-1,0.1772,180,0.0995
nuscenes_mini_subset,scene-1094_003,roll,2.0,1,0.2093,177,0.1102
nuscenes_mini_subset,scene-1094_003,roll,2.0,-1,0.1274,161,0.0955
nuscenes_mini_subset,scene-1094_003,roll,3.0,1,0.2105,181,0.1141
nuscenes_mini_subset,scene-1094_003,roll,3.0,-1,0.1321,181,0.0912
nuscenes_mini_subset,scene-1094_003,tx,0.0,1,0.1512,183,0.1032
nuscenes_mini_subset,scene-1094_003,tx,2.0,1,0.1626,179,0.1032
nuscenes_mini_subset,scene-1094_003,tx,2.0,-1,0.1546,186,0.1032
nuscenes_mini_subset,scene-1094_003,tx,5.0,1,0.1637,174,0.1031
nuscenes_mini_subset,scene-1094_003,tx,5.0,-1,0.1546,187,0.1032
nuscenes_mini_subset,scene-1094_003,tx,10.0,1,0.1762,158,0.103
nuscenes_mini_subset,scene-1094_003,tx,10.0,-1,0.1638,187,0.1032
nuscenes_mini_subset,scene-1094_003,ty,0.0,1,0.1512,183,0.1032
nuscenes_mini_subset,scene-1094_003,ty,2.0,1,0.1561,179,0.1036
nuscenes_mini_subset,scene-1094_003,ty,2.0,-1,0.1541,181,0.1028
nuscenes_mini_subset,scene-1094_003,ty,5.0,1,0.1565,178,0.1041
nuscenes_mini_subset,scene-1094_003,ty,5.0,-1,0.165,183,0.1021
nuscenes_mini_subset,scene-1094_003,ty,10.0,1,0.1658,177,0.1048
nuscenes_mini_subset,scene-1094_003,ty,10.0,-1,0.1877,171,0.1006
nuscenes_mini_subset,scene-1094_003,tz,0.0,1,0.1512,183,0.1032
nuscenes_mini_subset,scene-1094_003,tz,2.0,1,0.2468,160,0.104
nuscenes_mini_subset,scene-1094_003,tz,2.0,-1,0.1504,168,0.102
nuscenes_mini_subset,scene-1094_003,tz,5.0,1,0.2955,207,0.1049
nuscenes_mini_subset,scene-1094_003,tz,5.0,-1,0.185,183,0.1008
nuscenes_mini_subset,scene-1094_003,tz,10.0,1,0.2915,250,0.106
nuscenes_mini_subset,scene-1094_003,tz,10.0,-1,0.203,161,0.1
nuscenes_mini_subset,scene-1094_004,yaw,0.0,1,0.2797,166,0.1037
nuscenes_mini_subset,scene-1094_004,yaw,0.5,1,0.285,172,0.1037
nuscenes_mini_subset,scene-1094_004,yaw,0.5,-1,0.2602,156,0.1033
nuscenes_mini_subset,scene-1094_004,yaw,1.0,1,0.3155,154,0.1035
nuscenes_mini_subset,scene-1094_004,yaw,1.0,-1,0.2768,161,0.1035
nuscenes_mini_subset,scene-1094_004,yaw,2.0,1,0.3892,132,0.1025
nuscenes_mini_subset,scene-1094_004,yaw,2.0,-1,0.2498,158,0.1031
nuscenes_mini_subset,scene-1094_004,yaw,3.0,1,0.4176,101,0.1017
nuscenes_mini_subset,scene-1094_004,yaw,3.0,-1,0.3104,165,0.1026
nuscenes_mini_subset,scene-1094_004,pitch,0.0,1,0.2797,166,0.1037
nuscenes_mini_subset,scene-1094_004,pitch,0.5,1,0.2892,171,0.1037
nuscenes_mini_subset,scene-1094_004,pitch,0.5,-1,0.267,157,0.1037
nuscenes_mini_subset,scene-1094_004,pitch,1.0,1,0.3086,170,0.1036
nuscenes_mini_subset,scene-1094_004,pitch,1.0,-1,0.2561,161,0.1036
nuscenes_mini_subset,scene-1094_004,pitch,2.0,1,0.3229,167,0.1036
nuscenes_mini_subset,scene-1094_004,pitch,2.0,-1,0.2728,164,0.1038
nuscenes_mini_subset,scene-1094_004,pitch,3.0,1,0.3074,172,0.1036
nuscenes_mini_subset,scene-1094_004,pitch,3.0,-1,0.2769,158,0.1038
nuscenes_mini_subset,scene-1094_004,roll,0.0,1,0.2797,166,0.1037
nuscenes_mini_subset,scene-1094_004,roll,0.5,1,0.3243,156,0.1055
nuscenes_mini_subset,scene-1094_004,roll,0.5,-1,0.2651,165,0.1014
nuscenes_mini_subset,scene-1094_004,roll,1.0,1,0.3381,146,0.1065
nuscenes_mini_subset,scene-1094_004,roll,1.0,-1,0.233,166,0.1
nuscenes_mini_subset,scene-1094_004,roll,2.0,1,0.3044,149,0.1107
nuscenes_mini_subset,scene-1094_004,roll,2.0,-1,0.253,188,0.0961
nuscenes_mini_subset,scene-1094_004,roll,3.0,1,0.2988,149,0.1149
nuscenes_mini_subset,scene-1094_004,roll,3.0,-1,0.177,201,0.0917
nuscenes_mini_subset,scene-1094_004,tx,0.0,1,0.2797,166,0.1037
nuscenes_mini_subset,scene-1094_004,tx,2.0,1,0.2688,167,0.1036
nuscenes_mini_subset,scene-1094_004,tx,2.0,-1,0.2603,166,0.1037
nuscenes_mini_subset,scene-1094_004,tx,5.0,1,0.2801,162,0.1035
nuscenes_mini_subset,scene-1094_004,tx,5.0,-1,0.2533,160,0.1037
nuscenes_mini_subset,scene-1094_004,tx,10.0,1,0.302,158,0.1035
nuscenes_mini_subset,scene-1094_004,tx,10.0,-1,0.2871,160,0.1037
nuscenes_mini_subset,scene-1094_004,ty,0.0,1,0.2797,166,0.1037
nuscenes_mini_subset,scene-1094_004,ty,2.0,1,0.2679,166,0.1041
nuscenes_mini_subset,scene-1094_004,ty,2.0,-1,0.2836,169,0.1032
nuscenes_mini_subset,scene-1094_004,ty,5.0,1,0.2707,163,0.1045
nuscenes_mini_subset,scene-1094_004,ty,5.0,-1,0.2913,156,0.1025
nuscenes_mini_subset,scene-1094_004,ty,10.0,1,0.2729,160,0.1054
nuscenes_mini_subset,scene-1094_004,ty,10.0,-1,0.2995,163,0.1011
nuscenes_mini_subset,scene-1094_004,tz,0.0,1,0.2797,166,0.1037
nuscenes_mini_subset,scene-1094_004,tz,2.0,1,0.2863,145,0.1046
nuscenes_mini_subset,scene-1094_004,tz,2.0,-1,0.2819,179,0.1024
nuscenes_mini_subset,scene-1094_004,tz,5.0,1,0.3252,169,0.1054
nuscenes_mini_subset,scene-1094_004,tz,5.0,-1,0.2802,190,0.1016
nuscenes_mini_subset,scene-1094_004,tz,10.0,1,0.3413,222,0.1065
nuscenes_mini_subset,scene-1094_004,tz,10.0,-1,0.2388,173,0.1007
nuscenes_mini_subset,scene-1094_005,yaw,0.0,1,0.2879,87,0.1021
nuscenes_mini_subset,scene-1094_005,yaw,0.5,1,0.2781,83,0.1022
nuscenes_mini_subset,scene-1094_005,yaw,0.5,-1,0.3323,92,0.1022
nuscenes_mini_subset,scene-1094_005,yaw,1.0,1,0.3295,77,0.1022
nuscenes_mini_subset,scene-1094_005,yaw,1.0,-1,0.2896,96,0.102
nuscenes_mini_subset,scene-1094_005,yaw,2.0,1,0.3771,78,0.1023
nuscenes_mini_subset,scene-1094_005,yaw,2.0,-1,0.249,127,0.1021
nuscenes_mini_subset,scene-1094_005,yaw,3.0,1,0.4125,81,0.1027
nuscenes_mini_subset,scene-1094_005,yaw,3.0,-1,0.2414,137,0.1022
nuscenes_mini_subset,scene-1094_005,pitch,0.0,1,0.2879,87,0.1021
nuscenes_mini_subset,scene-1094_005,pitch,0.5,1,0.2874,81,0.1022
nuscenes_mini_subset,scene-1094_005,pitch,0.5,-1,0.3264,79,0.1023
nuscenes_mini_subset,scene-1094_005,pitch,1.0,1,0.3594,82,0.1023
nuscenes_mini_subset,scene-1094_005,pitch,1.0,-1,0.326,83,0.1023
nuscenes_mini_subset,scene-1094_005,pitch,2.0,1,0.3888,79,0.1022
nuscenes_mini_subset,scene-1094_005,pitch,2.0,-1,0.3151,96,0.1021
nuscenes_mini_subset,scene-1094_005,pitch,3.0,1,0.3196,86,0.1023
nuscenes_mini_subset,scene-1094_005,pitch,3.0,-1,0.3243,97,0.1021
nuscenes_mini_subset,scene-1094_005,roll,0.0,1,0.2879,87,0.1021
nuscenes_mini_subset,scene-1094_005,roll,0.5,1,0.5265,72,0.1039
nuscenes_mini_subset,scene-1094_005,roll,0.5,-1,0.2995,102,0.0997
nuscenes_mini_subset,scene-1094_005,roll,1.0,1,0.5099,72,0.1049
nuscenes_mini_subset,scene-1094_005,roll,1.0,-1,0.2734,116,0.0986
nuscenes_mini_subset,scene-1094_005,roll,2.0,1,0.5524,78,0.109
nuscenes_mini_subset,scene-1094_005,roll,2.0,-1,0.327,114,0.0945
nuscenes_mini_subset,scene-1094_005,roll,3.0,1,0.5231,64,0.1129
nuscenes_mini_subset,scene-1094_005,roll,3.0,-1,0.2969,112,0.0902
nuscenes_mini_subset,scene-1094_005,tx,0.0,1,0.2879,87,0.1021
nuscenes_mini_subset,scene-1094_005,tx,2.0,1,0.3278,92,0.1022
nuscenes_mini_subset,scene-1094_005,tx,2.0,-1,0.2845,84,0.102
nuscenes_mini_subset,scene-1094_005,tx,5.0,1,0.3175,89,0.1021
nuscenes_mini_subset,scene-1094_005,tx,5.0,-1,0.3164,90,0.1022
nuscenes_mini_subset,scene-1094_005,tx,10.0,1,0.3688,94,0.1024
nuscenes_mini_subset,scene-1094_005,tx,10.0,-1,0.3181,85,0.102
nuscenes_mini_subset,scene-1094_005,ty,0.0,1,0.2879,87,0.1021
nuscenes_mini_subset,scene-1094_005,ty,2.0,1,0.2832,90,0.1025
nuscenes_mini_subset,scene-1094_005,ty,2.0,-1,0.2878,86,0.1017
nuscenes_mini_subset,scene-1094_005,ty,5.0,1,0.3042,89,0.1031
nuscenes_mini_subset,scene-1094_005,ty,5.0,-1,0.2833,86,0.1009
nuscenes_mini_subset,scene-1094_005,ty,10.0,1,0.3055,87,0.104
nuscenes_mini_subset,scene-1094_005,ty,10.0,-1,0.2952,88,0.0995
nuscenes_mini_subset,scene-1094_005,tz,0.0,1,0.2879,87,0.1021
nuscenes_mini_subset,scene-1094_005,tz,2.0,1,0.3627,73,0.1029
nuscenes_mini_subset,scene-1094_005,tz,2.0,-1,0.2425,116,0.1007
nuscenes_mini_subset,scene-1094_005,tz,5.0,1,0.4574,76,0.1038
nuscenes_mini_subset,scene-1094_005,tz,5.0,-1,0.2459,115,0.0998
nuscenes_mini_subset,scene-1094_005,tz,10.0,1,0.5182,102,0.1047
nuscenes_mini_subset,scene-1094_005,tz,10.0,-1,0.2312,97,0.099
nuscenes_mini_subset,scene-1094_006,yaw,0.0,1,0.3747,79,0.1038
nuscenes_mini_subset,scene-1094_006,yaw,0.5,1,0.3803,78,0.1043
nuscenes_mini_subset,scene-1094_006,yaw,0.5,-1,0.4467,81,0.1034
nuscenes_mini_subset,scene-1094_006,yaw,1.0,1,0.4028,74,0.1046
nuscenes_mini_subset,scene-1094_006,yaw,1.0,-1,0.4164,82,0.1031
nuscenes_mini_subset,scene-1094_006,yaw,2.0,1,0.3474,75,0.1048
nuscenes_mini_subset,scene-1094_006,yaw,2.0,-1,0.3407,75,0.1025
nuscenes_mini_subset,scene-1094_006,yaw,3.0,1,0.3163,78,0.1047
nuscenes_mini_subset,scene-1094_006,yaw,3.0,-1,0.3195,84,0.1021
nuscenes_mini_subset,scene-1094_006,pitch,0.0,1,0.3747,79,0.1038
nuscenes_mini_subset,scene-1094_006,pitch,0.5,1,0.4199,76,0.1039
nuscenes_mini_subset,scene-1094_006,pitch,0.5,-1,0.3988,80,0.1038
nuscenes_mini_subset,scene-1094_006,pitch,1.0,1,0.4382,76,0.104
nuscenes_mini_subset,scene-1094_006,pitch,1.0,-1,0.3657,74,0.1041
nuscenes_mini_subset,scene-1094_006,pitch,2.0,1,0.4338,77,0.1041
nuscenes_mini_subset,scene-1094_006,pitch,2.0,-1,0.3681,80,0.104
nuscenes_mini_subset,scene-1094_006,pitch,3.0,1,0.3864,82,0.1041
nuscenes_mini_subset,scene-1094_006,pitch,3.0,-1,0.3403,83,0.1039
nuscenes_mini_subset,scene-1094_006,roll,0.0,1,0.3747,79,0.1038
nuscenes_mini_subset,scene-1094_006,roll,0.5,1,0.4945,81,0.1058
nuscenes_mini_subset,scene-1094_006,roll,0.5,-1,0.3318,86,0.1016
nuscenes_mini_subset,scene-1094_006,roll,1.0,1,0.582,79,0.1068
nuscenes_mini_subset,scene-1094_006,roll,1.0,-1,0.2218,102,0.1004
nuscenes_mini_subset,scene-1094_006,roll,2.0,1,0.4566,78,0.1114
nuscenes_mini_subset,scene-1094_006,roll,2.0,-1,0.325,108,0.0965
nuscenes_mini_subset,scene-1094_006,roll,3.0,1,0.4328,71,0.1154
nuscenes_mini_subset,scene-1094_006,roll,3.0,-1,0.3623,105,0.092
nuscenes_mini_subset,scene-1094_006,tx,0.0,1,0.3747,79,0.1038
nuscenes_mini_subset,scene-1094_006,tx,2.0,1,0.3753,75,0.1038
nuscenes_mini_subset,scene-1094_006,tx,2.0,-1,0.4042,74,0.1038
nuscenes_mini_subset,scene-1094_006,tx,5.0,1,0.403,86,0.1038
nuscenes_mini_subset,scene-1094_006,tx,5.0,-1,0.4154,71,0.104
nuscenes_mini_subset,scene-1094_006,tx,10.0,1,0.4555,93,0.1037
nuscenes_mini_subset,scene-1094_006,tx,10.0,-1,0.402,70,0.104
nuscenes_mini_subset,scene-1094_006,ty,0.0,1,0.3747,79,0.1038
nuscenes_mini_subset,scene-1094_006,ty,2.0,1,0.3839,78,0.1042
nuscenes_mini_subset,scene-1094_006,ty,2.0,-1,0.3807,79,0.1034
nuscenes_mini_subset,scene-1094_006,ty,5.0,1,0.3825,79,0.1047
nuscenes_mini_subset,scene-1094_006,ty,5.0,-1,0.4056,77,0.1026
nuscenes_mini_subset,scene-1094_006,ty,10.0,1,0.3794,80,0.1057
nuscenes_mini_subset,scene-1094_006,ty,10.0,-1,0.4159,76,0.1016
nuscenes_mini_subset,scene-1094_006,tz,0.0,1,0.3747,79,0.1038
nuscenes_mini_subset,scene-1094_006,tz,2.0,1,0.402,76,0.1047
nuscenes_mini_subset,scene-1094_006,tz,2.0,-1,0.2916,111,0.1022
nuscenes_mini_subset,scene-1094_006,tz,5.0,1,0.3847,101,0.1057
nuscenes_mini_subset,scene-1094_006,tz,5.0,-1,0.2646,100,0.1019
nuscenes_mini_subset,scene-1094_006,tz,10.0,1,0.4928,126,0.1068
nuscenes_mini_subset,scene-1094_006,tz,10.0,-1,0.2843,94,0.101
nuscenes_mini_subset,scene-1094_007,yaw,0.0,1,0.4146,70,0.1059
nuscenes_mini_subset,scene-1094_007,yaw,0.5,1,0.3968,74,0.1059
nuscenes_mini_subset,scene-1094_007,yaw,0.5,-1,0.3987,74,0.1057
nuscenes_mini_subset,scene-1094_007,yaw,1.0,1,0.328,73,0.1059
nuscenes_mini_subset,scene-1094_007,yaw,1.0,-1,0.3684,75,0.1057
nuscenes_mini_subset,scene-1094_007,yaw,2.0,1,0.2957,72,0.106
nuscenes_mini_subset,scene-1094_007,yaw,2.0,-1,0.4123,77,0.1054
nuscenes_mini_subset,scene-1094_007,yaw,3.0,1,0.356,68,0.106
nuscenes_mini_subset,scene-1094_007,yaw,3.0,-1,0.3885,80,0.1049
nuscenes_mini_subset,scene-1094_007,pitch,0.0,1,0.4146,70,0.1059
nuscenes_mini_subset,scene-1094_007,pitch,0.5,1,0.4423,72,0.1059
nuscenes_mini_subset,scene-1094_007,pitch,0.5,-1,0.3925,71,0.106
nuscenes_mini_subset,scene-1094_007,pitch,1.0,1,0.4419,70,0.1061
nuscenes_mini_subset,scene-1094_007,pitch,1.0,-1,0.3638,69,0.106
nuscenes_mini_subset,scene-1094_007,pitch,2.0,1,0.4776,77,0.106
nuscenes_mini_subset,scene-1094_007,pitch,2.0,-1,0.296,78,0.1059
nuscenes_mini_subset,scene-1094_007,pitch,3.0,1,0.4456,72,0.106
nuscenes_mini_subset,scene-1094_007,pitch,3.0,-1,0.272,79,0.106
nuscenes_mini_subset,scene-1094_007,roll,0.0,1,0.4146,70,0.1059
nuscenes_mini_subset,scene-1094_007,roll,0.5,1,0.47,73,0.1076
nuscenes_mini_subset,scene-1094_007,roll,0.5,-1,0.2854,74,0.1036
nuscenes_mini_subset,scene-1094_007,roll,1.0,1,0.5241,74,0.1086
nuscenes_mini_subset,scene-1094_007,roll,1.0,-1,0.322,71,0.1024
nuscenes_mini_subset,scene-1094_007,roll,2.0,1,0.397,113,0.1131
nuscenes_mini_subset,scene-1094_007,roll,2.0,-1,0.2942,74,0.0981
nuscenes_mini_subset,scene-1094_007,roll,3.0,1,0.284,143,0.117
nuscenes_mini_subset,scene-1094_007,roll,3.0,-1,0.2718,81,0.0936
nuscenes_mini_subset,scene-1094_007,tx,0.0,1,0.4146,70,0.1059
nuscenes_mini_subset,scene-1094_007,tx,2.0,1,0.4004,74,0.1059
nuscenes_mini_subset,scene-1094_007,tx,2.0,-1,0.4103,70,0.1059
nuscenes_mini_subset,scene-1094_007,tx,5.0,1,0.4121,75,0.1058
nuscenes_mini_subset,scene-1094_007,tx,5.0,-1,0.4079,74,0.106
nuscenes_mini_subset,scene-1094_007,tx,10.0,1,0.419,84,0.1057
nuscenes_mini_subset,scene-1094_007,tx,10.0,-1,0.4328,71,0.1059
nuscenes_mini_subset,scene-1094_007,ty,0.0,1,0.4146,70,0.1059
nuscenes_mini_subset,scene-1094_007,ty,2.0,1,0.4111,74,0.1063
nuscenes_mini_subset,scene-1094_007,ty,2.0,-1,0.423,70,0.1055
nuscenes_mini_subset,scene-1094_007,ty,5.0,1,0.388,78,0.1069
nuscenes_mini_subset,scene-1094_007,ty,5.0,-1,0.4316,70,0.105
nuscenes_mini_subset,scene-1094_007,ty,10.0,1,0.3813,77,0.1077
nuscenes_mini_subset,scene-1094_007,ty,10.0,-1,0.4309,72,0.1033
nuscenes_mini_subset,scene-1094_007,tz,0.0,1,0.4146,70,0.1059
nuscenes_mini_subset,scene-1094_007,tz,2.0,1,0.4688,106,0.1067
nuscenes_mini_subset,scene-1094_007,tz,2.0,-1,0.3518,76,0.1049
nuscenes_mini_subset,scene-1094_007,tz,5.0,1,0.4298,154,0.1076
nuscenes_mini_subset,scene-1094_007,tz,5.0,-1,0.311,115,0.1036
nuscenes_mini_subset,scene-1094_007,tz,10.0,1,0.4861,163,0.1086
nuscenes_mini_subset,scene-1094_007,tz,10.0,-1,0.196,110,0.1028
nuscenes_mini_subset,scene-1094_008,yaw,0.0,1,0.4086,75,0.1049
nuscenes_mini_subset,scene-1094_008,yaw,0.5,1,0.3892,76,0.105
nuscenes_mini_subset,scene-1094_008,yaw,0.5,-1,0.3693,75,0.1049
nuscenes_mini_subset,scene-1094_008,yaw,1.0,1,0.3316,72,0.1051
nuscenes_mini_subset,scene-1094_008,yaw,1.0,-1,0.3287,74,0.105
nuscenes_mini_subset,scene-1094_008,yaw,2.0,1,0.3682,63,0.1049
nuscenes_mini_subset,scene-1094_008,yaw,2.0,-1,0.3233,71,0.1049
nuscenes_mini_subset,scene-1094_008,yaw,3.0,1,0.3649,62,0.1051
nuscenes_mini_subset,scene-1094_008,yaw,3.0,-1,0.3378,73,0.1049
nuscenes_mini_subset,scene-1094_008,pitch,0.0,1,0.4086,75,0.1049
nuscenes_mini_subset,scene-1094_008,pitch,0.5,1,0.4532,73,0.1051
nuscenes_mini_subset,scene-1094_008,pitch,0.5,-1,0.3807,70,0.1049
nuscenes_mini_subset,scene-1094_008,pitch,1.0,1,0.5077,69,0.1052
nuscenes_mini_subset,scene-1094_008,pitch,1.0,-1,0.4009,67,0.1049
nuscenes_mini_subset,scene-1094_008,pitch,2.0,1,0.4518,76,0.1052
nuscenes_mini_subset,scene-1094_008,pitch,2.0,-1,0.3481,75,0.105
nuscenes_mini_subset,scene-1094_008,pitch,3.0,1,0.4221,74,0.1053
nuscenes_mini_subset,scene-1094_008,pitch,3.0,-1,0.3346,73,0.105
nuscenes_mini_subset,scene-1094_008,roll,0.0,1,0.4086,75,0.1049
nuscenes_mini_subset,scene-1094_008,roll,0.5,1,0.5029,74,0.1068
nuscenes_mini_subset,scene-1094_008,roll,0.5,-1,0.3945,71,0.1025
nuscenes_mini_subset,scene-1094_008,roll,1.0,1,0.3948,85,0.1078
nuscenes_mini_subset,scene-1094_008,roll,1.0,-1,0.2865,71,0.1013
nuscenes_mini_subset,scene-1094_008,roll,2.0,1,0.4369,96,0.1123
nuscenes_mini_subset,scene-1094_008,roll,2.0,-1,0.283,86,0.097
nuscenes_mini_subset,scene-1094_008,roll,3.0,1,0.4782,102,0.1161
nuscenes_mini_subset,scene-1094_008,roll,3.0,-1,0.2831,107,0.0927
nuscenes_mini_subset,scene-1094_008,tx,0.0,1,0.4086,75,0.1049
nuscenes_mini_subset,scene-1094_008,tx,2.0,1,0.428,77,0.105
nuscenes_mini_subset,scene-1094_008,tx,2.0,-1,0.4078,74,0.105
nuscenes_mini_subset,scene-1094_008,tx,5.0,1,0.4398,79,0.105
nuscenes_mini_subset,scene-1094_008,tx,5.0,-1,0.4315,72,0.105
nuscenes_mini_subset,scene-1094_008,tx,10.0,1,0.4555,86,0.105
nuscenes_mini_subset,scene-1094_008,tx,10.0,-1,0.452,74,0.105
nuscenes_mini_subset,scene-1094_008,ty,0.0,1,0.4086,75,0.1049
nuscenes_mini_subset,scene-1094_008,ty,2.0,1,0.4093,74,0.1053
nuscenes_mini_subset,scene-1094_008,ty,2.0,-1,0.4191,74,0.1046
nuscenes_mini_subset,scene-1094_008,ty,5.0,1,0.4205,76,0.106
nuscenes_mini_subset,scene-1094_008,ty,5.0,-1,0.4135,76,0.1039
nuscenes_mini_subset,scene-1094_008,ty,10.0,1,0.3993,78,0.1067
nuscenes_mini_subset,scene-1094_008,ty,10.0,-1,0.427,81,0.1024
nuscenes_mini_subset,scene-1094_008,tz,0.0,1,0.4086,75,0.1049
nuscenes_mini_subset,scene-1094_008,tz,2.0,1,0.5196,99,0.1057
nuscenes_mini_subset,scene-1094_008,tz,2.0,-1,0.3864,77,0.1038
nuscenes_mini_subset,scene-1094_008,tz,5.0,1,0.5154,143,0.1067
nuscenes_mini_subset,scene-1094_008,tz,5.0,-1,0.2469,125,0.1026
nuscenes_mini_subset,scene-1094_008,tz,10.0,1,0.4546,199,0.1076
nuscenes_mini_subset,scene-1094_008,tz,10.0,-1,0.2386,123,0.1017
nuscenes_mini_subset,scene-1094_009,yaw,0.0,1,0.3257,73,0.1043
nuscenes_mini_subset,scene-1094_009,yaw,0.5,1,0.3293,71,0.1044
nuscenes_mini_subset,scene-1094_009,yaw,0.5,-1,0.4087,70,0.1042
nuscenes_mini_subset,scene-1094_009,yaw,1.0,1,0.2826,75,0.1046
nuscenes_mini_subset,scene-1094_009,yaw,1.0,-1,0.3868,70,0.1042
nuscenes_mini_subset,scene-1094_009,yaw,2.0,1,0.2956,66,0.1047
nuscenes_mini_subset,scene-1094_009,yaw,2.0,-1,0.4175,74,0.1041
nuscenes_mini_subset,scene-1094_009,yaw,3.0,1,0.3479,67,0.1049
nuscenes_mini_subset,scene-1094_009,yaw,3.0,-1,0.4056,82,0.1039
nuscenes_mini_subset,scene-1094_009,pitch,0.0,1,0.3257,73,0.1043
nuscenes_mini_subset,scene-1094_009,pitch,0.5,1,0.329,73,0.1043
nuscenes_mini_subset,scene-1094_009,pitch,0.5,-1,0.3252,75,0.1042
nuscenes_mini_subset,scene-1094_009,pitch,1.0,1,0.3662,74,0.1044
nuscenes_mini_subset,scene-1094_009,pitch,1.0,-1,0.3466,70,0.1043
nuscenes_mini_subset,scene-1094_009,pitch,2.0,1,0.5001,74,0.1044
nuscenes_mini_subset,scene-1094_009,pitch,2.0,-1,0.3521,72,0.1041
nuscenes_mini_subset,scene-1094_009,pitch,3.0,1,0.4887,73,0.1046
nuscenes_mini_subset,scene-1094_009,pitch,3.0,-1,0.3143,73,0.1043
nuscenes_mini_subset,scene-1094_009,roll,0.0,1,0.3257,73,0.1043
nuscenes_mini_subset,scene-1094_009,roll,0.5,1,0.4314,71,0.1061
nuscenes_mini_subset,scene-1094_009,roll,0.5,-1,0.3586,75,0.1018
nuscenes_mini_subset,scene-1094_009,roll,1.0,1,0.508,65,0.1071
nuscenes_mini_subset,scene-1094_009,roll,1.0,-1,0.2373,82,0.1006
nuscenes_mini_subset,scene-1094_009,roll,2.0,1,0.4652,59,0.1114
nuscenes_mini_subset,scene-1094_009,roll,2.0,-1,0.2629,91,0.0965
nuscenes_mini_subset,scene-1094_009,roll,3.0,1,0.4984,57,0.1152
nuscenes_mini_subset,scene-1094_009,roll,3.0,-1,0.3206,89,0.0922
nuscenes_mini_subset,scene-1094_009,tx,0.0,1,0.3257,73,0.1043
nuscenes_mini_subset,scene-1094_009,tx,2.0,1,0.3397,72,0.1043
nuscenes_mini_subset,scene-1094_009,tx,2.0,-1,0.3109,74,0.1042
nuscenes_mini_subset,scene-1094_009,tx,5.0,1,0.3596,75,0.1043
nuscenes_mini_subset,scene-1094_009,tx,5.0,-1,0.3231,75,0.1043
nuscenes_mini_subset,scene-1094_009,tx,10.0,1,0.4262,76,0.1044
nuscenes_mini_subset,scene-1094_009,tx,10.0,-1,0.3351,72,0.1043
nuscenes_mini_subset,scene-1094_009,ty,0.0,1,0.3257,73,0.1043
nuscenes_mini_subset,scene-1094_009,ty,2.0,1,0.3234,72,0.1046
nuscenes_mini_subset,scene-1094_009,ty,2.0,-1,0.3228,77,0.1038
nuscenes_mini_subset,scene-1094_009,ty,5.0,1,0.3258,70,0.1052
nuscenes_mini_subset,scene-1094_009,ty,5.0,-1,0.319,76,0.1031
nuscenes_mini_subset,scene-1094_009,ty,10.0,1,0.3203,75,0.1062
nuscenes_mini_subset,scene-1094_009,ty,10.0,-1,0.3283,77,0.1016
nuscenes_mini_subset,scene-1094_009,tz,0.0,1,0.3257,73,0.1043
nuscenes_mini_subset,scene-1094_009,tz,2.0,1,0.3614,62,0.1051
nuscenes_mini_subset,scene-1094_009,tz,2.0,-1,0.2548,88,0.103
nuscenes_mini_subset,scene-1094_009,tz,5.0,1,0.3896,61,0.1061
nuscenes_mini_subset,scene-1094_009,tz,5.0,-1,0.2299,86,0.1019
nuscenes_mini_subset,scene-1094_009,tz,10.0,1,0.4756,122,0.107
nuscenes_mini_subset,scene-1094_009,tz,10.0,-1,0.1861,90,0.101
nuscenes_mini_subset,scene-1094_010,yaw,0.0,1,0.3826,53,0.1036
nuscenes_mini_subset,scene-1094_010,yaw,0.5,1,0.3441,54,0.1036
nuscenes_mini_subset,scene-1094_010,yaw,0.5,-1,0.3086,55,0.1033
nuscenes_mini_subset,scene-1094_010,yaw,1.0,1,0.352,51,0.1038
nuscenes_mini_subset,scene-1094_010,yaw,1.0,-1,0.2727,59,0.1032
nuscenes_mini_subset,scene-1094_010,yaw,2.0,1,0.4323,52,0.104
nuscenes_mini_subset,scene-1094_010,yaw,2.0,-1,0.2352,63,0.1028
nuscenes_mini_subset,scene-1094_010,yaw,3.0,1,0.4064,52,0.1043
nuscenes_mini_subset,scene-1094_010,yaw,3.0,-1,0.2103,71,0.1023
nuscenes_mini_subset,scene-1094_010,pitch,0.0,1,0.3826,53,0.1036
nuscenes_mini_subset,scene-1094_010,pitch,0.5,1,0.3663,53,0.1036
nuscenes_mini_subset,scene-1094_010,pitch,0.5,-1,0.415,50,0.1035
nuscenes_mini_subset,scene-1094_010,pitch,1.0,1,0.4078,53,0.1036
nuscenes_mini_subset,scene-1094_010,pitch,1.0,-1,0.3998,56,0.1036
nuscenes_mini_subset,scene-1094_010,pitch,2.0,1,0.3681,53,0.1036
nuscenes_mini_subset,scene-1094_010,pitch,2.0,-1,0.3868,58,0.1036
nuscenes_mini_subset,scene-1094_010,pitch,3.0,1,0.3438,53,0.1036
nuscenes_mini_subset,scene-1094_010,pitch,3.0,-1,0.4143,52,0.1034
nuscenes_mini_subset,scene-1094_010,roll,0.0,1,0.3826,53,0.1036
nuscenes_mini_subset,scene-1094_010,roll,0.5,1,0.4533,54,0.1055
nuscenes_mini_subset,scene-1094_010,roll,0.5,-1,0.2577,56,0.1011
nuscenes_mini_subset,scene-1094_010,roll,1.0,1,0.4678,52,0.1063
nuscenes_mini_subset,scene-1094_010,roll,1.0,-1,0.3078,56,0.0998
nuscenes_mini_subset,scene-1094_010,roll,2.0,1,0.4514,55,0.1106
nuscenes_mini_subset,scene-1094_010,roll,2.0,-1,0.4028,55,0.0958
nuscenes_mini_subset,scene-1094_010,roll,3.0,1,0.352,60,0.1147
nuscenes_mini_subset,scene-1094_010,roll,3.0,-1,0.2494,53,0.0914
nuscenes_mini_subset,scene-1094_010,tx,0.0,1,0.3826,53,0.1036
nuscenes_mini_subset,scene-1094_010,tx,2.0,1,0.3687,54,0.1036
nuscenes_mini_subset,scene-1094_010,tx,2.0,-1,0.3665,54,0.1035
nuscenes_mini_subset,scene-1094_010,tx,5.0,1,0.379,61,0.1036
nuscenes_mini_subset,scene-1094_010,tx,5.0,-1,0.3502,52,0.1035
nuscenes_mini_subset,scene-1094_010,tx,10.0,1,0.3726,64,0.1036
nuscenes_mini_subset,scene-1094_010,tx,10.0,-1,0.342,51,0.1035
nuscenes_mini_subset,scene-1094_010,ty,0.0,1,0.3826,53,0.1036
nuscenes_mini_subset,scene-1094_010,ty,2.0,1,0.3798,54,0.104
nuscenes_mini_subset,scene-1094_010,ty,2.0,-1,0.3809,53,0.1031
nuscenes_mini_subset,scene-1094_010,ty,5.0,1,0.3727,53,0.1045
nuscenes_mini_subset,scene-1094_010,ty,5.0,-1,0.3846,56,0.1024
nuscenes_mini_subset,scene-1094_010,ty,10.0,1,0.3463,55,0.1055
nuscenes_mini_subset,scene-1094_010,ty,10.0,-1,0.3753,58,0.1007
nuscenes_mini_subset,scene-1094_010,tz,0.0,1,0.3826,53,0.1036
nuscenes_mini_subset,scene-1094_010,tz,2.0,1,0.4181,55,0.1044
nuscenes_mini_subset,scene-1094_010,tz,2.0,-1,0.3776,56,0.1023
nuscenes_mini_subset,scene-1094_010,tz,5.0,1,0.4741,61,0.1054
nuscenes_mini_subset,scene-1094_010,tz,5.0,-1,0.3879,53,0.1011
nuscenes_mini_subset,scene-1094_010,tz,10.0,1,0.4534,63,0.1063
nuscenes_mini_subset,scene-1094_010,tz,10.0,-1,0.4086,37,0.1002
nuscenes_mini_subset,scene-1094_011,yaw,0.0,1,0.2446,63,0.1026
nuscenes_mini_subset,scene-1094_011,yaw,0.5,1,0.2266,59,0.1028
nuscenes_mini_subset,scene-1094_011,yaw,0.5,-1,0.2971,63,0.1021
nuscenes_mini_subset,scene-1094_011,yaw,1.0,1,0.2864,59,0.1032
nuscenes_mini_subset,scene-1094_011,yaw,1.0,-1,0.264,63,0.1018
nuscenes_mini_subset,scene-1094_011,yaw,2.0,1,0.3127,65,0.1038
nuscenes_mini_subset,scene-1094_011,yaw,2.0,-1,0.2463,63,0.101
nuscenes_mini_subset,scene-1094_011,yaw,3.0,1,0.3095,63,0.104
nuscenes_mini_subset,scene-1094_011,yaw,3.0,-1,0.229,58,0.1003
nuscenes_mini_subset,scene-1094_011,pitch,0.0,1,0.2446,63,0.1026
nuscenes_mini_subset,scene-1094_011,pitch,0.5,1,0.286,63,0.1026
nuscenes_mini_subset,scene-1094_011,pitch,0.5,-1,0.217,64,0.1027
nuscenes_mini_subset,scene-1094_011,pitch,1.0,1,0.3146,62,0.1026
nuscenes_mini_subset,scene-1094_011,pitch,1.0,-1,0.2146,64,0.1027
nuscenes_mini_subset,scene-1094_011,pitch,2.0,1,0.3637,61,0.1026
nuscenes_mini_subset,scene-1094_011,pitch,2.0,-1,0.2222,62,0.1028
nuscenes_mini_subset,scene-1094_011,pitch,3.0,1,0.3968,62,0.1025
nuscenes_mini_subset,scene-1094_011,pitch,3.0,-1,0.2284,63,0.1028
nuscenes_mini_subset,scene-1094_011,roll,0.0,1,0.2446,63,0.1026
nuscenes_mini_subset,scene-1094_011,roll,0.5,1,0.2292,63,0.1044
nuscenes_mini_subset,scene-1094_011,roll,0.5,-1,0.3653,61,0.1001
nuscenes_mini_subset,scene-1094_011,roll,1.0,1,0.4177,62,0.1053
nuscenes_mini_subset,scene-1094_011,roll,1.0,-1,0.338,62,0.0991
nuscenes_mini_subset,scene-1094_011,roll,2.0,1,0.1741,64,0.1097
nuscenes_mini_subset,scene-1094_011,roll,2.0,-1,0.3041,63,0.0948
nuscenes_mini_subset,scene-1094_011,roll,3.0,1,0.2709,68,0.1138
nuscenes_mini_subset,scene-1094_011,roll,3.0,-1,0.2894,65,0.0904
nuscenes_mini_subset,scene-1094_011,tx,0.0,1,0.2446,63,0.1026
nuscenes_mini_subset,scene-1094_011,tx,2.0,1,0.2573,64,0.1025
nuscenes_mini_subset,scene-1094_011,tx,2.0,-1,0.2226,62,0.1025
nuscenes_mini_subset,scene-1094_011,tx,5.0,1,0.2433,65,0.1025
nuscenes_mini_subset,scene-1094_011,tx,5.0,-1,0.2232,57,0.1026
nuscenes_mini_subset,scene-1094_011,tx,10.0,1,0.2469,64,0.1024
nuscenes_mini_subset,scene-1094_011,tx,10.0,-1,0.2416,55,0.1026
nuscenes_mini_subset,scene-1094_011,ty,0.0,1,0.2446,63,0.1026
nuscenes_mini_subset,scene-1094_011,ty,2.0,1,0.239,64,0.1029
nuscenes_mini_subset,scene-1094_011,ty,2.0,-1,0.2533,65,0.1021
nuscenes_mini_subset,scene-1094_011,ty,5.0,1,0.2464,58,0.1035
nuscenes_mini_subset,scene-1094_011,ty,5.0,-1,0.2497,64,0.1013
nuscenes_mini_subset,scene-1094_011,ty,10.0,1,0.2458,57,0.1043
nuscenes_mini_subset,scene-1094_011,ty,10.0,-1,0.2547,65,0.0999
nuscenes_mini_subset,scene-1094_011,tz,0.0,1,0.2446,63,0.1026
nuscenes_mini_subset,scene-1094_011,tz,2.0,1,0.2028,63,0.1034
nuscenes_mini_subset,scene-1094_011,tz,2.0,-1,0.3192,64,0.1014
nuscenes_mini_subset,scene-1094_011,tz,5.0,1,0.2375,69,0.1044
nuscenes_mini_subset,scene-1094_011,tz,5.0,-1,0.3381,64,0.1002
nuscenes_mini_subset,scene-1094_011,tz,10.0,1,0.2327,87,0.1053
nuscenes_mini_subset,scene-1094_011,tz,10.0,-1,0.297,42,0.0994
nuscenes_mini_subset,scene-1094_012,yaw,0.0,1,0.2235,107,0.0974
nuscenes_mini_subset,scene-1094_012,yaw,0.5,1,0.2199,105,0.0977
nuscenes_mini_subset,scene-1094_012,yaw,0.5,-1,0.2259,106,0.0969
nuscenes_mini_subset,scene-1094_012,yaw,1.0,1,0.1977,107,0.0984
nuscenes_mini_subset,scene-1094_012,yaw,1.0,-1,0.1684,103,0.0965
nuscenes_mini_subset,scene-1094_012,yaw,2.0,1,0.2178,105,0.0995
nuscenes_mini_subset,scene-1094_012,yaw,2.0,-1,0.1719,105,0.0957
nuscenes_mini_subset,scene-1094_012,yaw,3.0,1,0.1763,98,0.1001
nuscenes_mini_subset,scene-1094_012,yaw,3.0,-1,0.1091,108,0.095
nuscenes_mini_subset,scene-1094_012,pitch,0.0,1,0.2235,107,0.0974
nuscenes_mini_subset,scene-1094_012,pitch,0.5,1,0.2144,104,0.0974
nuscenes_mini_subset,scene-1094_012,pitch,0.5,-1,0.1762,104,0.0975
nuscenes_mini_subset,scene-1094_012,pitch,1.0,1,0.1867,108,0.0973
nuscenes_mini_subset,scene-1094_012,pitch,1.0,-1,0.1846,104,0.0975
nuscenes_mini_subset,scene-1094_012,pitch,2.0,1,0.1883,102,0.0973
nuscenes_mini_subset,scene-1094_012,pitch,2.0,-1,0.1404,101,0.0976
nuscenes_mini_subset,scene-1094_012,pitch,3.0,1,0.2026,103,0.0973
nuscenes_mini_subset,scene-1094_012,pitch,3.0,-1,0.2144,103,0.0977
nuscenes_mini_subset,scene-1094_012,roll,0.0,1,0.2235,107,0.0974
nuscenes_mini_subset,scene-1094_012,roll,0.5,1,0.1488,104,0.0993
nuscenes_mini_subset,scene-1094_012,roll,0.5,-1,0.1706,103,0.0951
nuscenes_mini_subset,scene-1094_012,roll,1.0,1,0.148,105,0.1002
nuscenes_mini_subset,scene-1094_012,roll,1.0,-1,0.2364,101,0.0938
nuscenes_mini_subset,scene-1094_012,roll,2.0,1,0.296,108,0.1046
nuscenes_mini_subset,scene-1094_012,roll,2.0,-1,0.1256,77,0.0897
nuscenes_mini_subset,scene-1094_012,roll,3.0,1,0.2346,114,0.1085
nuscenes_mini_subset,scene-1094_012,roll,3.0,-1,0.1661,83,0.0854
nuscenes_mini_subset,scene-1094_012,tx,0.0,1,0.2235,107,0.0974
nuscenes_mini_subset,scene-1094_012,tx,2.0,1,0.2278,106,0.0973
nuscenes_mini_subset,scene-1094_012,tx,2.0,-1,0.2199,105,0.0973
nuscenes_mini_subset,scene-1094_012,tx,5.0,1,0.2321,112,0.0974
nuscenes_mini_subset,scene-1094_012,tx,5.0,-1,0.202,101,0.0975
nuscenes_mini_subset,scene-1094_012,tx,10.0,1,0.2264,112,0.0973
nuscenes_mini_subset,scene-1094_012,tx,10.0,-1,0.2307,103,0.0974
nuscenes_mini_subset,scene-1094_012,ty,0.0,1,0.2235,107,0.0974
nuscenes_mini_subset,scene-1094_012,ty,2.0,1,0.2261,102,0.0977
nuscenes_mini_subset,scene-1094_012,ty,2.0,-1,0.2228,102,0.097
nuscenes_mini_subset,scene-1094_012,ty,5.0,1,0.2168,101,0.0982
nuscenes_mini_subset,scene-1094_012,ty,5.0,-1,0.2214,110,0.0962
nuscenes_mini_subset,scene-1094_012,ty,10.0,1,0.1935,86,0.0992
nuscenes_mini_subset,scene-1094_012,ty,10.0,-1,0.2249,112,0.0948
nuscenes_mini_subset,scene-1094_012,tz,0.0,1,0.2235,107,0.0974
nuscenes_mini_subset,scene-1094_012,tz,2.0,1,0.2332,106,0.0982
nuscenes_mini_subset,scene-1094_012,tz,2.0,-1,0.2005,91,0.0961
nuscenes_mini_subset,scene-1094_012,tz,5.0,1,0.2168,115,0.0992
nuscenes_mini_subset,scene-1094_012,tz,5.0,-1,0.1878,80,0.0951
nuscenes_mini_subset,scene-1094_012,tz,10.0,1,0.2055,105,0.1001
nuscenes_mini_subset,scene-1094_012,tz,10.0,-1,0.2523,54,0.0942
nuscenes_mini_subset,scene-1094_013,yaw,0.0,1,0.433,44,0.0914
nuscenes_mini_subset,scene-1094_013,yaw,0.5,1,0.4596,43,0.0915
nuscenes_mini_subset,scene-1094_013,yaw,0.5,-1,0.4676,46,0.0912
nuscenes_mini_subset,scene-1094_013,yaw,1.0,1,0.4206,41,0.0917
nuscenes_mini_subset,scene-1094_013,yaw,1.0,-1,0.3387,45,0.0908
nuscenes_mini_subset,scene-1094_013,yaw,2.0,1,0.2963,43,0.0922
nuscenes_mini_subset,scene-1094_013,yaw,2.0,-1,0.2663,44,0.0904
nuscenes_mini_subset,scene-1094_013,yaw,3.0,1,0.2457,46,0.0927
nuscenes_mini_subset,scene-1094_013,yaw,3.0,-1,0.2196,50,0.0898
nuscenes_mini_subset,scene-1094_013,pitch,0.0,1,0.433,44,0.0914
nuscenes_mini_subset,scene-1094_013,pitch,0.5,1,0.4073,44,0.0914
nuscenes_mini_subset,scene-1094_013,pitch,0.5,-1,0.4943,44,0.0914
nuscenes_mini_subset,scene-1094_013,pitch,1.0,1,0.459,43,0.0915
nuscenes_mini_subset,scene-1094_013,pitch,1.0,-1,0.475,43,0.0915
nuscenes_mini_subset,scene-1094_013,pitch,2.0,1,0.5549,42,0.0914
nuscenes_mini_subset,scene-1094_013,pitch,2.0,-1,0.4352,46,0.0916
nuscenes_mini_subset,scene-1094_013,pitch,3.0,1,0.4404,44,0.0914
nuscenes_mini_subset,scene-1094_013,pitch,3.0,-1,0.4673,45,0.0915
nuscenes_mini_subset,scene-1094_013,roll,0.0,1,0.433,44,0.0914
nuscenes_mini_subset,scene-1094_013,roll,0.5,1,0.5072,42,0.0934
nuscenes_mini_subset,scene-1094_013,roll,0.5,-1,0.4875,43,0.0889
nuscenes_mini_subset,scene-1094_013,roll,1.0,1,0.3642,42,0.0943
nuscenes_mini_subset,scene-1094_013,roll,1.0,-1,0.4365,48,0.0878
nuscenes_mini_subset,scene-1094_013,roll,2.0,1,0.2677,42,0.0985
nuscenes_mini_subset,scene-1094_013,roll,2.0,-1,0.4892,44,0.0838
nuscenes_mini_subset,scene-1094_013,roll,3.0,1,0.1761,37,0.1025
nuscenes_mini_subset,scene-1094_013,roll,3.0,-1,0.3232,43,0.0794
nuscenes_mini_subset,scene-1094_013,tx,0.0,1,0.433,44,0.0914
nuscenes_mini_subset,scene-1094_013,tx,2.0,1,0.4412,44,0.0914
nuscenes_mini_subset,scene-1094_013,tx,2.0,-1,0.42,44,0.0914
nuscenes_mini_subset,scene-1094_013,tx,5.0,1,0.4557,42,0.0913
nuscenes_mini_subset,scene-1094_013,tx,5.0,-1,0.4267,40,0.0915
nuscenes_mini_subset,scene-1094_013,tx,10.0,1,0.4439,42,0.0913
nuscenes_mini_subset,scene-1094_013,tx,10.0,-1,0.4369,39,0.0914
nuscenes_mini_subset,scene-1094_013,ty,0.0,1,0.433,44,0.0914
nuscenes_mini_subset,scene-1094_013,ty,2.0,1,0.4422,42,0.0919
nuscenes_mini_subset,scene-1094_013,ty,2.0,-1,0.4268,43,0.0909
nuscenes_mini_subset,scene-1094_013,ty,5.0,1,0.4831,46,0.0924
nuscenes_mini_subset,scene-1094_013,ty,5.0,-1,0.456,44,0.0902
nuscenes_mini_subset,scene-1094_013,ty,10.0,1,0.4726,43,0.0932
nuscenes_mini_subset,scene-1094_013,ty,10.0,-1,0.4676,44,0.0887
nuscenes_mini_subset,scene-1094_013,tz,0.0,1,0.433,44,0.0914
nuscenes_mini_subset,scene-1094_013,tz,2.0,1,0.4629,42,0.0923
nuscenes_mini_subset,scene-1094_013,tz,2.0,-1,0.4298,46,0.0898
nuscenes_mini_subset,scene-1094_013,tz,5.0,1,0.4407,38,0.0933
nuscenes_mini_subset,scene-1094_013,tz,5.0,-1,0.3982,36,0.0891
nuscenes_mini_subset,scene-1094_013,tz,10.0,1,0.4688,32,0.0942
nuscenes_mini_subset,scene-1094_013,tz,10.0,-1,0.4709,31,0.0882
nuscenes_mini_subset,scene-1094_014,yaw,0.0,1,0.3713,57,0.0835
nuscenes_mini_subset,scene-1094_014,yaw,0.5,1,0.33,56,0.0836
nuscenes_mini_subset,scene-1094_014,yaw,0.5,-1,0.3347,58,0.0832
nuscenes_mini_subset,scene-1094_014,yaw,1.0,1,0.3622,55,0.0839
nuscenes_mini_subset,scene-1094_014,yaw,1.0,-1,0.3097,58,0.083
nuscenes_mini_subset,scene-1094_014,yaw,2.0,1,0.3842,56,0.0847
nuscenes_mini_subset,scene-1094_014,yaw,2.0,-1,0.2895,58,0.0829
nuscenes_mini_subset,scene-1094_014,yaw,3.0,1,0.3772,55,0.0857
nuscenes_mini_subset,scene-1094_014,yaw,3.0,-1,0.2526,57,0.0828
nuscenes_mini_subset,scene-1094_014,pitch,0.0,1,0.3713,57,0.0835
nuscenes_mini_subset,scene-1094_014,pitch,0.5,1,0.3979,56,0.0834
nuscenes_mini_subset,scene-1094_014,pitch,0.5,-1,0.3834,58,0.0835
nuscenes_mini_subset,scene-1094_014,pitch,1.0,1,0.3952,56,0.0835
nuscenes_mini_subset,scene-1094_014,pitch,1.0,-1,0.3879,58,0.0836
nuscenes_mini_subset,scene-1094_014,pitch,2.0,1,0.3668,56,0.0835
nuscenes_mini_subset,scene-1094_014,pitch,2.0,-1,0.3637,58,0.0837
nuscenes_mini_subset,scene-1094_014,pitch,3.0,1,0.3697,56,0.0836
nuscenes_mini_subset,scene-1094_014,pitch,3.0,-1,0.3487,58,0.0837
nuscenes_mini_subset,scene-1094_014,roll,0.0,1,0.3713,57,0.0835
nuscenes_mini_subset,scene-1094_014,roll,0.5,1,0.3564,55,0.0855
nuscenes_mini_subset,scene-1094_014,roll,0.5,-1,0.3295,59,0.0813
nuscenes_mini_subset,scene-1094_014,roll,1.0,1,0.3753,55,0.0864
nuscenes_mini_subset,scene-1094_014,roll,1.0,-1,0.3712,58,0.0801
nuscenes_mini_subset,scene-1094_014,roll,2.0,1,0.38,55,0.0906
nuscenes_mini_subset,scene-1094_014,roll,2.0,-1,0.3222,59,0.0759
nuscenes_mini_subset,scene-1094_014,roll,3.0,1,0.1349,52,0.0946
nuscenes_mini_subset,scene-1094_014,roll,3.0,-1,0.2313,53,0.0717
nuscenes_mini_subset,scene-1094_014,tx,0.0,1,0.3713,57,0.0835
nuscenes_mini_subset,scene-1094_014,tx,2.0,1,0.3578,58,0.0835
nuscenes_mini_subset,scene-1094_014,tx,2.0,-1,0.3558,58,0.0834
nuscenes_mini_subset,scene-1094_014,tx,5.0,1,0.3472,58,0.0834
nuscenes_mini_subset,scene-1094_014,tx,5.0,-1,0.3381,52,0.0835
nuscenes_mini_subset,scene-1094_014,tx,10.0,1,0.3305,53,0.0833
nuscenes_mini_subset,scene-1094_014,tx,10.0,-1,0.3274,50,0.0836
nuscenes_mini_subset,scene-1094_014,ty,0.0,1,0.3713,57,0.0835
nuscenes_mini_subset,scene-1094_014,ty,2.0,1,0.3692,58,0.0838
nuscenes_mini_subset,scene-1094_014,ty,2.0,-1,0.3588,58,0.0829
nuscenes_mini_subset,scene-1094_014,ty,5.0,1,0.3798,57,0.0843
nuscenes_mini_subset,scene-1094_014,ty,5.0,-1,0.3542,59,0.0817
nuscenes_mini_subset,scene-1094_014,ty,10.0,1,0.3931,55,0.0855
nuscenes_mini_subset,scene-1094_014,ty,10.0,-1,0.3467,59,0.081
nuscenes_mini_subset,scene-1094_014,tz,0.0,1,0.3713,57,0.0835
nuscenes_mini_subset,scene-1094_014,tz,2.0,1,0.3664,55,0.0844
nuscenes_mini_subset,scene-1094_014,tz,2.0,-1,0.3773,58,0.0819
nuscenes_mini_subset,scene-1094_014,tz,5.0,1,0.3525,50,0.0855
nuscenes_mini_subset,scene-1094_014,tz,5.0,-1,0.3692,55,0.0814
nuscenes_mini_subset,scene-1094_014,tz,10.0,1,0.4071,46,0.0865
nuscenes_mini_subset,scene-1094_014,tz,10.0,-1,0.2752,41,0.0804
nuscenes_mini_subset,scene-1094_015,yaw,0.0,1,0.184,75,0.0813
nuscenes_mini_subset,scene-1094_015,yaw,0.5,1,0.1367,73,0.0817
nuscenes_mini_subset,scene-1094_015,yaw,0.5,-1,0.1898,74,0.0814
nuscenes_mini_subset,scene-1094_015,yaw,1.0,1,0.1256,70,0.0815
nuscenes_mini_subset,scene-1094_015,yaw,1.0,-1,0.1573,73,0.0811
nuscenes_mini_subset,scene-1094_015,yaw,2.0,1,0.2126,60,0.0814
nuscenes_mini_subset,scene-1094_015,yaw,2.0,-1,0.1088,79,0.0811
nuscenes_mini_subset,scene-1094_015,yaw,3.0,1,0.152,59,0.0813
nuscenes_mini_subset,scene-1094_015,yaw,3.0,-1,0.1083,87,0.081
nuscenes_mini_subset,scene-1094_015,pitch,0.0,1,0.184,75,0.0813
nuscenes_mini_subset,scene-1094_015,pitch,0.5,1,0.1907,75,0.0813
nuscenes_mini_subset,scene-1094_015,pitch,0.5,-1,0.1922,73,0.0813
nuscenes_mini_subset,scene-1094_015,pitch,1.0,1,0.1779,75,0.0815
nuscenes_mini_subset,scene-1094_015,pitch,1.0,-1,0.1488,76,0.0815
nuscenes_mini_subset,scene-1094_015,pitch,2.0,1,0.1398,79,0.0816
nuscenes_mini_subset,scene-1094_015,pitch,2.0,-1,0.165,72,0.0815
nuscenes_mini_subset,scene-1094_015,pitch,3.0,1,0.1361,77,0.0816
nuscenes_mini_subset,scene-1094_015,pitch,3.0,-1,0.1636,70,0.0817
nuscenes_mini_subset,scene-1094_015,roll,0.0,1,0.184,75,0.0813
nuscenes_mini_subset,scene-1094_015,roll,0.5,1,0.1509,76,0.0834
nuscenes_mini_subset,scene-1094_015,roll,0.5,-1,0.1888,75,0.0792
nuscenes_mini_subset,scene-1094_015,roll,1.0,1,0.1792,72,0.0844
nuscenes_mini_subset,scene-1094_015,roll,1.0,-1,0.1138,75,0.078
nuscenes_mini_subset,scene-1094_015,roll,2.0,1,0.1848,70,0.0887
nuscenes_mini_subset,scene-1094_015,roll,2.0,-1,0.1579,78,0.0739
nuscenes_mini_subset,scene-1094_015,roll,3.0,1,0.1415,68,0.0923
nuscenes_mini_subset,scene-1094_015,roll,3.0,-1,0.0732,82,0.0697
nuscenes_mini_subset,scene-1094_015,tx,0.0,1,0.184,75,0.0813
nuscenes_mini_subset,scene-1094_015,tx,2.0,1,0.177,73,0.0813
nuscenes_mini_subset,scene-1094_015,tx,2.0,-1,0.1893,77,0.0814
nuscenes_mini_subset,scene-1094_015,tx,5.0,1,0.1976,73,0.0813
nuscenes_mini_subset,scene-1094_015,tx,5.0,-1,0.1615,81,0.0814
nuscenes_mini_subset,scene-1094_015,tx,10.0,1,0.1891,73,0.0811
nuscenes_mini_subset,scene-1094_015,tx,10.0,-1,0.155,89,0.0816
nuscenes_mini_subset,scene-1094_015,ty,0.0,1,0.184,75,0.0813
nuscenes_mini_subset,scene-1094_015,ty,2.0,1,0.1724,74,0.0818
nuscenes_mini_subset,scene-1094_015,ty,2.0,-1,0.1744,74,0.0809
nuscenes_mini_subset,scene-1094_015,ty,5.0,1,0.1746,75,0.0824
nuscenes_mini_subset,scene-1094_015,ty,5.0,-1,0.1803,75,0.0796
nuscenes_mini_subset,scene-1094_015,ty,10.0,1,0.1818,75,0.0835
nuscenes_mini_subset,scene-1094_015,ty,10.0,-1,0.1834,77,0.0789
nuscenes_mini_subset,scene-1094_015,tz,0.0,1,0.184,75,0.0813
nuscenes_mini_subset,scene-1094_015,tz,2.0,1,0.1832,73,0.0823
nuscenes_mini_subset,scene-1094_015,tz,2.0,-1,0.1943,80,0.0797
nuscenes_mini_subset,scene-1094_015,tz,5.0,1,0.2133,68,0.0833
nuscenes_mini_subset,scene-1094_015,tz,5.0,-1,0.1769,88,0.0792
nuscenes_mini_subset,scene-1094_015,tz,10.0,1,0.2384,58,0.0843
nuscenes_mini_subset,scene-1094_015,tz,10.0,-1,0.1601,86,0.0783
nuscenes_mini_subset,scene-1094_016,yaw,0.0,1,0.2101,82,0.0801
nuscenes_mini_subset,scene-1094_016,yaw,0.5,1,0.2354,84,0.0802
nuscenes_mini_subset,scene-1094_016,yaw,0.5,-1,0.1909,79,0.0799
nuscenes_mini_subset,scene-1094_016,yaw,1.0,1,0.245,88,0.0805
nuscenes_mini_subset,scene-1094_016,yaw,1.0,-1,0.1846,90,0.0799
nuscenes_mini_subset,scene-1094_016,yaw,2.0,1,0.2758,95,0.0811
nuscenes_mini_subset,scene-1094_016,yaw,2.0,-1,0.1036,118,0.0805
nuscenes_mini_subset,scene-1094_016,yaw,3.0,1,0.236,102,0.0813
nuscenes_mini_subset,scene-1094_016,yaw,3.0,-1,0.1064,136,0.0807
nuscenes_mini_subset,scene-1094_016,pitch,0.0,1,0.2101,82,0.0801
nuscenes_mini_subset,scene-1094_016,pitch,0.5,1,0.2334,84,0.0802
nuscenes_mini_subset,scene-1094_016,pitch,0.5,-1,0.2282,81,0.0803
nuscenes_mini_subset,scene-1094_016,pitch,1.0,1,0.2743,85,0.0804
nuscenes_mini_subset,scene-1094_016,pitch,1.0,-1,0.2313,86,0.0801
nuscenes_mini_subset,scene-1094_016,pitch,2.0,1,0.2391,88,0.0803
nuscenes_mini_subset,scene-1094_016,pitch,2.0,-1,0.1699,84,0.0801
nuscenes_mini_subset,scene-1094_016,pitch,3.0,1,0.2456,86,0.0805
nuscenes_mini_subset,scene-1094_016,pitch,3.0,-1,0.1672,85,0.0801
nuscenes_mini_subset,scene-1094_016,roll,0.0,1,0.2101,82,0.0801
nuscenes_mini_subset,scene-1094_016,roll,0.5,1,0.2365,87,0.082
nuscenes_mini_subset,scene-1094_016,roll,0.5,-1,0.182,85,0.0778
nuscenes_mini_subset,scene-1094_016,roll,1.0,1,0.2056,81,0.083
nuscenes_mini_subset,scene-1094_016,roll,1.0,-1,0.1697,86,0.0768
nuscenes_mini_subset,scene-1094_016,roll,2.0,1,0.2323,75,0.0873
nuscenes_mini_subset,scene-1094_016,roll,2.0,-1,0.2049,86,0.0726
nuscenes_mini_subset,scene-1094_016,roll,3.0,1,0.1875,71,0.0911
nuscenes_mini_subset,scene-1094_016,roll,3.0,-1,0.2621,90,0.0684
nuscenes_mini_subset,scene-1094_016,tx,0.0,1,0.2101,82,0.0801
nuscenes_mini_subset,scene-1094_016,tx,2.0,1,0.2179,78,0.08
nuscenes_mini_subset,scene-1094_016,tx,2.0,-1,0.2042,89,0.0801
nuscenes_mini_subset,scene-1094_016,tx,5.0,1,0.2402,77,0.0801
nuscenes_mini_subset,scene-1094_016,tx,5.0,-1,0.1932,95,0.08
nuscenes_mini_subset,scene-1094_016,tx,10.0,1,0.2353,84,0.0802
nuscenes_mini_subset,scene-1094_016,tx,10.0,-1,0.2064,101,0.0801
nuscenes_mini_subset,scene-1094_016,ty,0.0,1,0.2101,82,0.0801
nuscenes_mini_subset,scene-1094_016,ty,2.0,1,0.2139,84,0.0805
nuscenes_mini_subset,scene-1094_016,ty,2.0,-1,0.197,86,0.0795
nuscenes_mini_subset,scene-1094_016,ty,5.0,1,0.2211,83,0.0812
nuscenes_mini_subset,scene-1094_016,ty,5.0,-1,0.192,88,0.0786
nuscenes_mini_subset,scene-1094_016,ty,10.0,1,0.2312,81,0.0822
nuscenes_mini_subset,scene-1094_016,ty,10.0,-1,0.2015,85,0.0772
nuscenes_mini_subset,scene-1094_016,tz,0.0,1,0.2101,82,0.0801
nuscenes_mini_subset,scene-1094_016,tz,2.0,1,0.2693,77,0.081
nuscenes_mini_subset,scene-1094_016,tz,2.0,-1,0.201,82,0.0786
nuscenes_mini_subset,scene-1094_016,tz,5.0,1,0.3272,73,0.082
nuscenes_mini_subset,scene-1094_016,tz,5.0,-1,0.1936,93,0.0779
nuscenes_mini_subset,scene-1094_016,tz,10.0,1,0.37,63,0.083
nuscenes_mini_subset,scene-1094_016,tz,10.0,-1,0.2189,108,0.077
nuscenes_mini_subset,scene-1094_017,yaw,0.0,1,0.3107,85,0.0804
nuscenes_mini_subset,scene-1094_017,yaw,0.5,1,0.3331,78,0.0804
nuscenes_mini_subset,scene-1094_017,yaw,0.5,-1,0.292,82,0.0806
nuscenes_mini_subset,scene-1094_017,yaw,1.0,1,0.281,70,0.0803
nuscenes_mini_subset,scene-1094_017,yaw,1.0,-1,0.2229,86,0.0808
nuscenes_mini_subset,scene-1094_017,yaw,2.0,1,0.2608,74,0.0802
nuscenes_mini_subset,scene-1094_017,yaw,2.0,-1,0.1932,83,0.0813
nuscenes_mini_subset,scene-1094_017,yaw,3.0,1,0.2889,70,0.0802
nuscenes_mini_subset,scene-1094_017,yaw,3.0,-1,0.1719,81,0.0811
nuscenes_mini_subset,scene-1094_017,pitch,0.0,1,0.3107,85,0.0804
nuscenes_mini_subset,scene-1094_017,pitch,0.5,1,0.3183,82,0.0804
nuscenes_mini_subset,scene-1094_017,pitch,0.5,-1,0.3464,76,0.0804
nuscenes_mini_subset,scene-1094_017,pitch,1.0,1,0.3221,85,0.0806
nuscenes_mini_subset,scene-1094_017,pitch,1.0,-1,0.3213,77,0.0803
nuscenes_mini_subset,scene-1094_017,pitch,2.0,1,0.3177,82,0.0807
nuscenes_mini_subset,scene-1094_017,pitch,2.0,-1,0.3305,71,0.0803
nuscenes_mini_subset,scene-1094_017,pitch,3.0,1,0.3094,84,0.0808
nuscenes_mini_subset,scene-1094_017,pitch,3.0,-1,0.3168,74,0.0802
nuscenes_mini_subset,scene-1094_017,roll,0.0,1,0.3107,85,0.0804
nuscenes_mini_subset,scene-1094_017,roll,0.5,1,0.3101,78,0.0822
nuscenes_mini_subset,scene-1094_017,roll,0.5,-1,0.327,80,0.0778
nuscenes_mini_subset,scene-1094_017,roll,1.0,1,0.2941,79,0.0831
nuscenes_mini_subset,scene-1094_017,roll,1.0,-1,0.2843,85,0.0768
nuscenes_mini_subset,scene-1094_017,roll,2.0,1,0.2936,73,0.0874
nuscenes_mini_subset,scene-1094_017,roll,2.0,-1,0.2798,82,0.0726
nuscenes_mini_subset,scene-1094_017,roll,3.0,1,0.2539,62,0.0913
nuscenes_mini_subset,scene-1094_017,roll,3.0,-1,0.2369,91,0.0684
nuscenes_mini_subset,scene-1094_017,tx,0.0,1,0.3107,85,0.0804
nuscenes_mini_subset,scene-1094_017,tx,2.0,1,0.3541,78,0.0803
nuscenes_mini_subset,scene-1094_017,tx,2.0,-1,0.3256,82,0.0803
nuscenes_mini_subset,scene-1094_017,tx,5.0,1,0.3543,75,0.0805
nuscenes_mini_subset,scene-1094_017,tx,5.0,-1,0.3164,80,0.0805
nuscenes_mini_subset,scene-1094_017,tx,10.0,1,0.368,61,0.0805
nuscenes_mini_subset,scene-1094_017,tx,10.0,-1,0.2931,71,0.0805
nuscenes_mini_subset,scene-1094_017,ty,0.0,1,0.3107,85,0.0804
nuscenes_mini_subset,scene-1094_017,ty,2.0,1,0.2981,86,0.0808
nuscenes_mini_subset,scene-1094_017,ty,2.0,-1,0.3269,83,0.0799
nuscenes_mini_subset,scene-1094_017,ty,5.0,1,0.3121,82,0.0814
nuscenes_mini_subset,scene-1094_017,ty,5.0,-1,0.3339,76,0.0791
nuscenes_mini_subset,scene-1094_017,ty,10.0,1,0.3554,69,0.0824
nuscenes_mini_subset,scene-1094_017,ty,10.0,-1,0.3485,78,0.0776
nuscenes_mini_subset,scene-1094_017,tz,0.0,1,0.3107,85,0.0804
nuscenes_mini_subset,scene-1094_017,tz,2.0,1,0.367,71,0.0813
nuscenes_mini_subset,scene-1094_017,tz,2.0,-1,0.2781,86,0.0791
nuscenes_mini_subset,scene-1094_017,tz,5.0,1,0.3343,72,0.0822
nuscenes_mini_subset,scene-1094_017,tz,5.0,-1,0.2671,95,0.078
nuscenes_mini_subset,scene-1094_017,tz,10.0,1,0.3009,90,0.0833
nuscenes_mini_subset,scene-1094_017,tz,10.0,-1,0.2607,110,0.077
nuscenes_mini_subset,scene-1094_018,yaw,0.0,1,0.3007,54,0.0797
nuscenes_mini_subset,scene-1094_018,yaw,0.5,1,0.2628,50,0.0795
nuscenes_mini_subset,scene-1094_018,yaw,0.5,-1,0.3196,53,0.0798
nuscenes_mini_subset,scene-1094_018,yaw,1.0,1,0.3452,47,0.0795
nuscenes_mini_subset,scene-1094_018,yaw,1.0,-1,0.2755,62,0.0801
nuscenes_mini_subset,scene-1094_018,yaw,2.0,1,0.361,50,0.079
nuscenes_mini_subset,scene-1094_018,yaw,2.0,-1,0.2843,62,0.0808
nuscenes_mini_subset,scene-1094_018,yaw,3.0,1,0.3148,53,0.0786
nuscenes_mini_subset,scene-1094_018,yaw,3.0,-1,0.2966,67,0.0813
nuscenes_mini_subset,scene-1094_018,pitch,0.0,1,0.3007,54,0.0797
nuscenes_mini_subset,scene-1094_018,pitch,0.5,1,0.3252,54,0.0798
nuscenes_mini_subset,scene-1094_018,pitch,0.5,-1,0.2798,56,0.0796
nuscenes_mini_subset,scene-1094_018,pitch,1.0,1,0.3386,56,0.0799
nuscenes_mini_subset,scene-1094_018,pitch,1.0,-1,0.2999,46,0.0797
nuscenes_mini_subset,scene-1094_018,pitch,2.0,1,0.3045,54,0.0799
nuscenes_mini_subset,scene-1094_018,pitch,2.0,-1,0.2518,51,0.0795
nuscenes_mini_subset,scene-1094_018,pitch,3.0,1,0.2697,53,0.08
nuscenes_mini_subset,scene-1094_018,pitch,3.0,-1,0.214,56,0.0795
nuscenes_mini_subset,scene-1094_018,roll,0.0,1,0.3007,54,0.0797
nuscenes_mini_subset,scene-1094_018,roll,0.5,1,0.3021,51,0.0814
nuscenes_mini_subset,scene-1094_018,roll,0.5,-1,0.3239,56,0.077
nuscenes_mini_subset,scene-1094_018,roll,1.0,1,0.3604,47,0.0822
nuscenes_mini_subset,scene-1094_018,roll,1.0,-1,0.2214,56,0.076
nuscenes_mini_subset,scene-1094_018,roll,2.0,1,0.2356,47,0.0867
nuscenes_mini_subset,scene-1094_018,roll,2.0,-1,0.2465,66,0.0718
nuscenes_mini_subset,scene-1094_018,roll,3.0,1,0.21,48,0.0906
nuscenes_mini_subset,scene-1094_018,roll,3.0,-1,0.3007,66,0.0674
nuscenes_mini_subset,scene-1094_018,tx,0.0,1,0.3007,54,0.0797
nuscenes_mini_subset,scene-1094_018,tx,2.0,1,0.2782,56,0.0797
nuscenes_mini_subset,scene-1094_018,tx,2.0,-1,0.3032,52,0.0797
nuscenes_mini_subset,scene-1094_018,tx,5.0,1,0.2688,57,0.0797
nuscenes_mini_subset,scene-1094_018,tx,5.0,-1,0.2994,47,0.0797
nuscenes_mini_subset,scene-1094_018,tx,10.0,1,0.2945,54,0.0797
nuscenes_mini_subset,scene-1094_018,tx,10.0,-1,0.259,44,0.0796
nuscenes_mini_subset,scene-1094_018,ty,0.0,1,0.3007,54,0.0797
nuscenes_mini_subset,scene-1094_018,ty,2.0,1,0.2963,54,0.0801
nuscenes_mini_subset,scene-1094_018,ty,2.0,-1,0.3084,52,0.0793
nuscenes_mini_subset,scene-1094_018,ty,5.0,1,0.2712,58,0.0806
nuscenes_mini_subset,scene-1094_018,ty,5.0,-1,0.3038,51,0.0788
nuscenes_mini_subset,scene-1094_018,ty,10.0,1,0.2514,56,0.0815
nuscenes_mini_subset,scene-1094_018,ty,10.0,-1,0.299,52,0.077
nuscenes_mini_subset,scene-1094_018,tz,0.0,1,0.3007,54,0.0797
nuscenes_mini_subset,scene-1094_018,tz,2.0,1,0.3247,45,0.0805
nuscenes_mini_subset,scene-1094_018,tz,2.0,-1,0.2656,66,0.0787
nuscenes_mini_subset,scene-1094_018,tz,5.0,1,0.3195,42,0.0814
nuscenes_mini_subset,scene-1094_018,tz,5.0,-1,0.2314,77,0.0771
nuscenes_mini_subset,scene-1094_018,tz,10.0,1,0.3932,59,0.0831
nuscenes_mini_subset,scene-1094_018,tz,10.0,-1,0.1762,117,0.0762
nuscenes_mini_subset,scene-1094_019,yaw,0.0,1,0.3675,76,0.0816
nuscenes_mini_subset,scene-1094_019,yaw,0.5,1,0.3504,70,0.0814
nuscenes_mini_subset,scene-1094_019,yaw,0.5,-1,0.3211,77,0.0819
nuscenes_mini_subset,scene-1094_019,yaw,1.0,1,0.3439,70,0.0811
nuscenes_mini_subset,scene-1094_019,yaw,1.0,-1,0.3418,78,0.0821
nuscenes_mini_subset,scene-1094_019,yaw,2.0,1,0.2971,66,0.0808
nuscenes_mini_subset,scene-1094_019,yaw,2.0,-1,0.2793,79,0.0824
nuscenes_mini_subset,scene-1094_019,yaw,3.0,1,0.3125,64,0.0803
nuscenes_mini_subset,scene-1094_019,yaw,3.0,-1,0.2224,81,0.0829
nuscenes_mini_subset,scene-1094_019,pitch,0.0,1,0.3675,76,0.0816
nuscenes_mini_subset,scene-1094_019,pitch,0.5,1,0.3695,74,0.0817
nuscenes_mini_subset,scene-1094_019,pitch,0.5,-1,0.344,73,0.0816
nuscenes_mini_subset,scene-1094_019,pitch,1.0,1,0.384,75,0.0817
nuscenes_mini_subset,scene-1094_019,pitch,1.0,-1,0.3108,73,0.0816
nuscenes_mini_subset,scene-1094_019,pitch,2.0,1,0.3523,75,0.0816
nuscenes_mini_subset,scene-1094_019,pitch,2.0,-1,0.3027,72,0.0815
nuscenes_mini_subset,scene-1094_019,pitch,3.0,1,0.3135,75,0.0818
nuscenes_mini_subset,scene-1094_019,pitch,3.0,-1,0.2712,77,0.0814
nuscenes_mini_subset,scene-1094_019,roll,0.0,1,0.3675,76,0.0816
nuscenes_mini_subset,scene-1094_019,roll,0.5,1,0.336,75,0.0831
nuscenes_mini_subset,scene-1094_019,roll,0.5,-1,0.3371,75,0.0789
nuscenes_mini_subset,scene-1094_019,roll,1.0,1,0.2909,72,0.084
nuscenes_mini_subset,scene-1094_019,roll,1.0,-1,0.3098,77,0.078
nuscenes_mini_subset,scene-1094_019,roll,2.0,1,0.2828,74,0.0884
nuscenes_mini_subset,scene-1094_019,roll,2.0,-1,0.355,76,0.0738
nuscenes_mini_subset,scene-1094_019,roll,3.0,1,0.2162,77,0.0923
nuscenes_mini_subset,scene-1094_019,roll,3.0,-1,0.3558,78,0.0695
nuscenes_mini_subset,scene-1094_019,tx,0.0,1,0.3675,76,0.0816
nuscenes_mini_subset,scene-1094_019,tx,2.0,1,0.3553,78,0.0816
nuscenes_mini_subset,scene-1094_019,tx,2.0,-1,0.3596,71,0.0816
nuscenes_mini_subset,scene-1094_019,tx,5.0,1,0.3717,75,0.0817
nuscenes_mini_subset,scene-1094_019,tx,5.0,-1,0.3586,73,0.0816
nuscenes_mini_subset,scene-1094_019,tx,10.0,1,0.3636,82,0.0818
nuscenes_mini_subset,scene-1094_019,tx,10.0,-1,0.3903,67,0.0816
nuscenes_mini_subset,scene-1094_019,ty,0.0,1,0.3675,76,0.0816
nuscenes_mini_subset,scene-1094_019,ty,2.0,1,0.3665,70,0.0819
nuscenes_mini_subset,scene-1094_019,ty,2.0,-1,0.3431,76,0.0812
nuscenes_mini_subset,scene-1094_019,ty,5.0,1,0.3488,71,0.0824
nuscenes_mini_subset,scene-1094_019,ty,5.0,-1,0.3431,74,0.0806
nuscenes_mini_subset,scene-1094_019,ty,10.0,1,0.3374,78,0.0834
nuscenes_mini_subset,scene-1094_019,ty,10.0,-1,0.3436,76,0.079
nuscenes_mini_subset,scene-1094_019,tz,0.0,1,0.3675,76,0.0816
nuscenes_mini_subset,scene-1094_019,tz,2.0,1,0.3875,76,0.0823
nuscenes_mini_subset,scene-1094_019,tz,2.0,-1,0.3589,79,0.0805
nuscenes_mini_subset,scene-1094_019,tz,5.0,1,0.3556,93,0.0831
nuscenes_mini_subset,scene-1094_019,tz,5.0,-1,0.3203,89,0.0789
nuscenes_mini_subset,scene-1094_019,tz,10.0,1,0.2841,128,0.0846
nuscenes_mini_subset,scene-1094_019,tz,10.0,-1,0.3025,111,0.0781
nuscenes_mini_subset,scene-1094_020,yaw,0.0,1,0.2989,121,0.0808
nuscenes_mini_subset,scene-1094_020,yaw,0.5,1,0.2678,120,0.0804
nuscenes_mini_subset,scene-1094_020,yaw,0.5,-1,0.2392,123,0.0811
nuscenes_mini_subset,scene-1094_020,yaw,1.0,1,0.2383,124,0.0804
nuscenes_mini_subset,scene-1094_020,yaw,1.0,-1,0.2502,124,0.0812
nuscenes_mini_subset,scene-1094_020,yaw,2.0,1,0.301,115,0.0802
nuscenes_mini_subset,scene-1094_020,yaw,2.0,-1,0.2615,130,0.0818
nuscenes_mini_subset,scene-1094_020,yaw,3.0,1,0.2586,112,0.0796
nuscenes_mini_subset,scene-1094_020,yaw,3.0,-1,0.2666,133,0.0825
nuscenes_mini_subset,scene-1094_020,pitch,0.0,1,0.2989,121,0.0808
nuscenes_mini_subset,scene-1094_020,pitch,0.5,1,0.2987,118,0.0809
nuscenes_mini_subset,scene-1094_020,pitch,0.5,-1,0.2847,115,0.0808
nuscenes_mini_subset,scene-1094_020,pitch,1.0,1,0.2984,118,0.0809
nuscenes_mini_subset,scene-1094_020,pitch,1.0,-1,0.252,116,0.0808
nuscenes_mini_subset,scene-1094_020,pitch,2.0,1,0.268,114,0.081
nuscenes_mini_subset,scene-1094_020,pitch,2.0,-1,0.2233,115,0.0808
nuscenes_mini_subset,scene-1094_020,pitch,3.0,1,0.2121,119,0.0809
nuscenes_mini_subset,scene-1094_020,pitch,3.0,-1,0.2069,113,0.0806
nuscenes_mini_subset,scene-1094_020,roll,0.0,1,0.2989,121,0.0808
nuscenes_mini_subset,scene-1094_020,roll,0.5,1,0.2643,119,0.0823
nuscenes_mini_subset,scene-1094_020,roll,0.5,-1,0.2765,115,0.0781
nuscenes_mini_subset,scene-1094_020,roll,1.0,1,0.2817,125,0.0832
nuscenes_mini_subset,scene-1094_020,roll,1.0,-1,0.226,110,0.0771
nuscenes_mini_subset,scene-1094_020,roll,2.0,1,0.3117,116,0.0877
nuscenes_mini_subset,scene-1094_020,roll,2.0,-1,0.2331,109,0.073
nuscenes_mini_subset,scene-1094_020,roll,3.0,1,0.2688,121,0.0916
nuscenes_mini_subset,scene-1094_020,roll,3.0,-1,0.2685,106,0.0688
nuscenes_mini_subset,scene-1094_020,tx,0.0,1,0.2989,121,0.0808
nuscenes_mini_subset,scene-1094_020,tx,2.0,1,0.2914,119,0.0808
nuscenes_mini_subset,scene-1094_020,tx,2.0,-1,0.2857,117,0.0807
nuscenes_mini_subset,scene-1094_020,tx,5.0,1,0.2926,116,0.081
nuscenes_mini_subset,scene-1094_020,tx,5.0,-1,0.3016,115,0.0806
nuscenes_mini_subset,scene-1094_020,tx,10.0,1,0.2762,132,0.0812
nuscenes_mini_subset,scene-1094_020,tx,10.0,-1,0.2657,115,0.0806
nuscenes_mini_subset,scene-1094_020,ty,0.0,1,0.2989,121,0.0808
nuscenes_mini_subset,scene-1094_020,ty,2.0,1,0.2972,116,0.0812
nuscenes_mini_subset,scene-1094_020,ty,2.0,-1,0.2964,116,0.0804
nuscenes_mini_subset,scene-1094_020,ty,5.0,1,0.2897,117,0.082
nuscenes_mini_subset,scene-1094_020,ty,5.0,-1,0.2794,112,0.0796
nuscenes_mini_subset,scene-1094_020,ty,10.0,1,0.282,118,0.0829
nuscenes_mini_subset,scene-1094_020,ty,10.0,-1,0.2823,116,0.0781
nuscenes_mini_subset,scene-1094_020,tz,0.0,1,0.2989,121,0.0808
nuscenes_mini_subset,scene-1094_020,tz,2.0,1,0.2692,123,0.0816
nuscenes_mini_subset,scene-1094_020,tz,2.0,-1,0.3274,111,0.0798
nuscenes_mini_subset,scene-1094_020,tz,5.0,1,0.2422,129,0.0824
nuscenes_mini_subset,scene-1094_020,tz,5.0,-1,0.355,103,0.0781
nuscenes_mini_subset,scene-1094_020,tz,10.0,1,0.2353,153,0.0842
nuscenes_mini_subset,scene-1094_020,tz,10.0,-1,0.3502,105,0.0773
nuscenes_mini_subset,scene-1094_021,yaw,0.0,1,0.3244,119,0.0803
nuscenes_mini_subset,scene-1094_021,yaw,0.5,1,0.2528,124,0.0803
nuscenes_mini_subset,scene-1094_021,yaw,0.5,-1,0.2343,119,0.0799
nuscenes_mini_subset,scene-1094_021,yaw,1.0,1,0.2511,119,0.0804
nuscenes_mini_subset,scene-1094_021,yaw,1.0,-1,0.2202,114,0.0801
nuscenes_mini_subset,scene-1094_021,yaw,2.0,1,0.2705,112,0.0799
nuscenes_mini_subset,scene-1094_021,yaw,2.0,-1,0.2687,123,0.08
nuscenes_mini_subset,scene-1094_021,yaw,3.0,1,0.2314,111,0.0796
nuscenes_mini_subset,scene-1094_021,yaw,3.0,-1,0.2026,137,0.0807
nuscenes_mini_subset,scene-1094_021,pitch,0.0,1,0.3244,119,0.0803
nuscenes_mini_subset,scene-1094_021,pitch,0.5,1,0.3283,115,0.0802
nuscenes_mini_subset,scene-1094_021,pitch,0.5,-1,0.3274,118,0.0802
nuscenes_mini_subset,scene-1094_021,pitch,1.0,1,0.3331,122,0.0801
nuscenes_mini_subset,scene-1094_021,pitch,1.0,-1,0.3355,119,0.0803
nuscenes_mini_subset,scene-1094_021,pitch,2.0,1,0.3152,122,0.0799
nuscenes_mini_subset,scene-1094_021,pitch,2.0,-1,0.3259,118,0.0803
nuscenes_mini_subset,scene-1094_021,pitch,3.0,1,0.2778,123,0.08
nuscenes_mini_subset,scene-1094_021,pitch,3.0,-1,0.2945,116,0.0802
nuscenes_mini_subset,scene-1094_021,roll,0.0,1,0.3244,119,0.0803
nuscenes_mini_subset,scene-1094_021,roll,0.5,1,0.3411,118,0.0819
nuscenes_mini_subset,scene-1094_021,roll,0.5,-1,0.3729,119,0.0777
nuscenes_mini_subset,scene-1094_021,roll,1.0,1,0.2716,125,0.0826
nuscenes_mini_subset,scene-1094_021,roll,1.0,-1,0.3269,121,0.0767
nuscenes_mini_subset,scene-1094_021,roll,2.0,1,0.2485,129,0.0869
nuscenes_mini_subset,scene-1094_021,roll,2.0,-1,0.2916,120,0.0726
nuscenes_mini_subset,scene-1094_021,roll,3.0,1,0.2311,129,0.0907
nuscenes_mini_subset,scene-1094_021,roll,3.0,-1,0.2894,124,0.0686
nuscenes_mini_subset,scene-1094_021,tx,0.0,1,0.3244,119,0.0803
nuscenes_mini_subset,scene-1094_021,tx,2.0,1,0.29,125,0.0802
nuscenes_mini_subset,scene-1094_021,tx,2.0,-1,0.3303,116,0.0802
nuscenes_mini_subset,scene-1094_021,tx,5.0,1,0.2882,128,0.0802
nuscenes_mini_subset,scene-1094_021,tx,5.0,-1,0.3397,113,0.0802
nuscenes_mini_subset,scene-1094_021,tx,10.0,1,0.26,128,0.0802
nuscenes_mini_subset,scene-1094_021,tx,10.0,-1,0.3448,99,0.0803
nuscenes_mini_subset,scene-1094_021,ty,0.0,1,0.3244,119,0.0803
nuscenes_mini_subset,scene-1094_021,ty,2.0,1,0.3155,119,0.0807
nuscenes_mini_subset,scene-1094_021,ty,2.0,-1,0.3141,122,0.0798
nuscenes_mini_subset,scene-1094_021,ty,5.0,1,0.3002,122,0.0812
nuscenes_mini_subset,scene-1094_021,ty,5.0,-1,0.3146,120,0.079
nuscenes_mini_subset,scene-1094_021,ty,10.0,1,0.2918,125,0.082
nuscenes_mini_subset,scene-1094_021,ty,10.0,-1,0.3206,113,0.0773
nuscenes_mini_subset,scene-1094_021,tz,0.0,1,0.3244,119,0.0803
nuscenes_mini_subset,scene-1094_021,tz,2.0,1,0.3069,125,0.0811
nuscenes_mini_subset,scene-1094_021,tz,2.0,-1,0.3009,117,0.079
nuscenes_mini_subset,scene-1094_021,tz,5.0,1,0.2917,132,0.0819
nuscenes_mini_subset,scene-1094_021,tz,5.0,-1,0.3238,121,0.0778
nuscenes_mini_subset,scene-1094_021,tz,10.0,1,0.2738,173,0.0827
nuscenes_mini_subset,scene-1094_021,tz,10.0,-1,0.3168,135,0.077
nuscenes_mini_subset,scene-1094_022,yaw,0.0,1,0.183,124,0.0829
nuscenes_mini_subset,scene-1094_022,yaw,0.5,1,0.1683,118,0.0827
nuscenes_mini_subset,scene-1094_022,yaw,0.5,-1,0.1518,123,0.0832
nuscenes_mini_subset,scene-1094_022,yaw,1.0,1,0.1798,118,0.0827
nuscenes_mini_subset,scene-1094_022,yaw,1.0,-1,0.1808,129,0.0834
nuscenes_mini_subset,scene-1094_022,yaw,2.0,1,0.2091,113,0.0826
nuscenes_mini_subset,scene-1094_022,yaw,2.0,-1,0.1689,128,0.0837
nuscenes_mini_subset,scene-1094_022,yaw,3.0,1,0.1598,112,0.0824
nuscenes_mini_subset,scene-1094_022,yaw,3.0,-1,0.1544,140,0.0842
nuscenes_mini_subset,scene-1094_022,pitch,0.0,1,0.183,124,0.0829
nuscenes_mini_subset,scene-1094_022,pitch,0.5,1,0.1671,124,0.0829
nuscenes_mini_subset,scene-1094_022,pitch,0.5,-1,0.1848,122,0.0829
nuscenes_mini_subset,scene-1094_022,pitch,1.0,1,0.1714,124,0.0829
nuscenes_mini_subset,scene-1094_022,pitch,1.0,-1,0.1797,122,0.083
nuscenes_mini_subset,scene-1094_022,pitch,2.0,1,0.187,122,0.083
nuscenes_mini_subset,scene-1094_022,pitch,2.0,-1,0.1813,126,0.0828
nuscenes_mini_subset,scene-1094_022,pitch,3.0,1,0.156,120,0.083
nuscenes_mini_subset,scene-1094_022,pitch,3.0,-1,0.1987,120,0.0829
nuscenes_mini_subset,scene-1094_022,roll,0.0,1,0.183,124,0.0829
nuscenes_mini_subset,scene-1094_022,roll,0.5,1,0.1731,122,0.0843
nuscenes_mini_subset,scene-1094_022,roll,0.5,-1,0.1557,123,0.0804
nuscenes_mini_subset,scene-1094_022,roll,1.0,1,0.1625,126,0.0852
nuscenes_mini_subset,scene-1094_022,roll,1.0,-1,0.2104,128,0.0794
nuscenes_mini_subset,scene-1094_022,roll,2.0,1,0.135,137,0.0894
nuscenes_mini_subset,scene-1094_022,roll,2.0,-1,0.1697,126,0.0755
nuscenes_mini_subset,scene-1094_022,roll,3.0,1,0.1107,139,0.0932
nuscenes_mini_subset,scene-1094_022,roll,3.0,-1,0.1828,132,0.0713
nuscenes_mini_subset,scene-1094_022,tx,0.0,1,0.183,124,0.0829
nuscenes_mini_subset,scene-1094_022,tx,2.0,1,0.1808,131,0.0831
nuscenes_mini_subset,scene-1094_022,tx,2.0,-1,0.2001,122,0.0829
nuscenes_mini_subset,scene-1094_022,tx,5.0,1,0.1839,134,0.0831
nuscenes_mini_subset,scene-1094_022,tx,5.0,-1,0.204,115,0.0826
nuscenes_mini_subset,scene-1094_022,tx,10.0,1,0.18,142,0.0832
nuscenes_mini_subset,scene-1094_022,tx,10.0,-1,0.199,123,0.0825
nuscenes_mini_subset,scene-1094_022,ty,0.0,1,0.183,124,0.0829
nuscenes_mini_subset,scene-1094_022,ty,2.0,1,0.1818,124,0.0834
nuscenes_mini_subset,scene-1094_022,ty,2.0,-1,0.1826,125,0.0825
nuscenes_mini_subset,scene-1094_022,ty,5.0,1,0.1744,130,0.0839
nuscenes_mini_subset,scene-1094_022,ty,5.0,-1,0.1935,122,0.0818
nuscenes_mini_subset,scene-1094_022,ty,10.0,1,0.1781,127,0.0846
nuscenes_mini_subset,scene-1094_022,ty,10.0,-1,0.1926,116,0.08
nuscenes_mini_subset,scene-1094_022,tz,0.0,1,0.183,124,0.0829
nuscenes_mini_subset,scene-1094_022,tz,2.0,1,0.1604,134,0.0836
nuscenes_mini_subset,scene-1094_022,tz,2.0,-1,0.1825,124,0.0817
nuscenes_mini_subset,scene-1094_022,tz,5.0,1,0.1331,148,0.0843
nuscenes_mini_subset,scene-1094_022,tz,5.0,-1,0.1825,123,0.0804
nuscenes_mini_subset,scene-1094_022,tz,10.0,1,0.159,151,0.0853
nuscenes_mini_subset,scene-1094_022,tz,10.0,-1,0.2168,122,0.0796
nuscenes_mini_subset,scene-1094_023,yaw,0.0,1,0.203,125,0.0862
nuscenes_mini_subset,scene-1094_023,yaw,0.5,1,0.2439,113,0.0858
nuscenes_mini_subset,scene-1094_023,yaw,0.5,-1,0.1827,126,0.0864
nuscenes_mini_subset,scene-1094_023,yaw,1.0,1,0.2047,116,0.0856
nuscenes_mini_subset,scene-1094_023,yaw,1.0,-1,0.1539,128,0.0866
nuscenes_mini_subset,scene-1094_023,yaw,2.0,1,0.172,119,0.085
nuscenes_mini_subset,scene-1094_023,yaw,2.0,-1,0.1898,141,0.0874
nuscenes_mini_subset,scene-1094_023,yaw,3.0,1,0.1967,110,0.0845
nuscenes_mini_subset,scene-1094_023,yaw,3.0,-1,0.1778,145,0.0878
nuscenes_mini_subset,scene-1094_023,pitch,0.0,1,0.203,125,0.0862
nuscenes_mini_subset,scene-1094_023,pitch,0.5,1,0.205,121,0.0863
nuscenes_mini_subset,scene-1094_023,pitch,0.5,-1,0.2093,117,0.0863
nuscenes_mini_subset,scene-1094_023,pitch,1.0,1,0.2082,127,0.0862
nuscenes_mini_subset,scene-1094_023,pitch,1.0,-1,0.2047,114,0.0861
nuscenes_mini_subset,scene-1094_023,pitch,2.0,1,0.2038,125,0.0863
nuscenes_mini_subset,scene-1094_023,pitch,2.0,-1,0.2,120,0.0861
nuscenes_mini_subset,scene-1094_023,pitch,3.0,1,0.1908,120,0.0864
nuscenes_mini_subset,scene-1094_023,pitch,3.0,-1,0.2019,118,0.0858
nuscenes_mini_subset,scene-1094_023,roll,0.0,1,0.203,125,0.0862
nuscenes_mini_subset,scene-1094_023,roll,0.5,1,0.2293,120,0.0878
nuscenes_mini_subset,scene-1094_023,roll,0.5,-1,0.1994,115,0.0835
nuscenes_mini_subset,scene-1094_023,roll,1.0,1,0.2163,119,0.0888
nuscenes_mini_subset,scene-1094_023,roll,1.0,-1,0.1735,119,0.0824
nuscenes_mini_subset,scene-1094_023,roll,2.0,1,0.1546,124,0.0929
nuscenes_mini_subset,scene-1094_023,roll,2.0,-1,0.1467,114,0.0782
nuscenes_mini_subset,scene-1094_023,roll,3.0,1,0.1244,127,0.0969
nuscenes_mini_subset,scene-1094_023,roll,3.0,-1,0.1236,116,0.0739
nuscenes_mini_subset,scene-1094_023,tx,0.0,1,0.203,125,0.0862
nuscenes_mini_subset,scene-1094_023,tx,2.0,1,0.2078,130,0.0862
nuscenes_mini_subset,scene-1094_023,tx,2.0,-1,0.2108,120,0.0861
nuscenes_mini_subset,scene-1094_023,tx,5.0,1,0.1967,129,0.0862
nuscenes_mini_subset,scene-1094_023,tx,5.0,-1,0.2254,117,0.0861
nuscenes_mini_subset,scene-1094_023,tx,10.0,1,0.1885,129,0.0862
nuscenes_mini_subset,scene-1094_023,tx,10.0,-1,0.2179,127,0.086
nuscenes_mini_subset,scene-1094_023,ty,0.0,1,0.203,125,0.0862
nuscenes_mini_subset,scene-1094_023,ty,2.0,1,0.208,113,0.0866
nuscenes_mini_subset,scene-1094_023,ty,2.0,-1,0.213,121,0.0858
nuscenes_mini_subset,scene-1094_023,ty,5.0,1,0.2037,116,0.087
nuscenes_mini_subset,scene-1094_023,ty,5.0,-1,0.2179,124,0.0851
nuscenes_mini_subset,scene-1094_023,ty,10.0,1,0.2017,134,0.0879
nuscenes_mini_subset,scene-1094_023,ty,10.0,-1,0.2275,115,0.0838
nuscenes_mini_subset,scene-1094_023,tz,0.0,1,0.203,125,0.0862
nuscenes_mini_subset,scene-1094_023,tz,2.0,1,0.1918,132,0.0869
nuscenes_mini_subset,scene-1094_023,tz,2.0,-1,0.2107,123,0.0852
nuscenes_mini_subset,scene-1094_023,tz,5.0,1,0.1955,135,0.0878
nuscenes_mini_subset,scene-1094_023,tz,5.0,-1,0.2066,123,0.0835
nuscenes_mini_subset,scene-1094_023,tz,10.0,1,0.2036,167,0.0894
nuscenes_mini_subset,scene-1094_023,tz,10.0,-1,0.2146,127,0.0827
nuscenes_mini_subset,scene-1094_024,yaw,0.0,1,0.1978,158,0.086
nuscenes_mini_subset,scene-1094_024,yaw,0.5,1,0.1702,150,0.0856
nuscenes_mini_subset,scene-1094_024,yaw,0.5,-1,0.1708,167,0.0862
nuscenes_mini_subset,scene-1094_024,yaw,1.0,1,0.1494,146,0.0853
nuscenes_mini_subset,scene-1094_024,yaw,1.0,-1,0.1726,170,0.0866
nuscenes_mini_subset,scene-1094_024,yaw,2.0,1,0.22,132,0.0845
nuscenes_mini_subset,scene-1094_024,yaw,2.0,-1,0.1442,182,0.0874
nuscenes_mini_subset,scene-1094_024,yaw,3.0,1,0.1386,137,0.0843
nuscenes_mini_subset,scene-1094_024,yaw,3.0,-1,0.1394,176,0.0881
nuscenes_mini_subset,scene-1094_024,pitch,0.0,1,0.1978,158,0.086
nuscenes_mini_subset,scene-1094_024,pitch,0.5,1,0.2059,162,0.0861
nuscenes_mini_subset,scene-1094_024,pitch,0.5,-1,0.1874,154,0.086
nuscenes_mini_subset,scene-1094_024,pitch,1.0,1,0.2244,160,0.0862
nuscenes_mini_subset,scene-1094_024,pitch,1.0,-1,0.1825,158,0.0861
nuscenes_mini_subset,scene-1094_024,pitch,2.0,1,0.199,163,0.0864
nuscenes_mini_subset,scene-1094_024,pitch,2.0,-1,0.1602,156,0.0859
nuscenes_mini_subset,scene-1094_024,pitch,3.0,1,0.1962,167,0.0864
nuscenes_mini_subset,scene-1094_024,pitch,3.0,-1,0.1793,158,0.0859
nuscenes_mini_subset,scene-1094_024,roll,0.0,1,0.1978,158,0.086
nuscenes_mini_subset,scene-1094_024,roll,0.5,1,0.1958,160,0.088
nuscenes_mini_subset,scene-1094_024,roll,0.5,-1,0.2229,156,0.0836
nuscenes_mini_subset,scene-1094_024,roll,1.0,1,0.1763,156,0.0888
nuscenes_mini_subset,scene-1094_024,roll,1.0,-1,0.2013,154,0.0826
nuscenes_mini_subset,scene-1094_024,roll,2.0,1,0.1684,159,0.0931
nuscenes_mini_subset,scene-1094_024,roll,2.0,-1,0.1816,155,0.0784
nuscenes_mini_subset,scene-1094_024,roll,3.0,1,0.1457,150,0.0968
nuscenes_mini_subset,scene-1094_024,roll,3.0,-1,0.1739,159,0.0741
nuscenes_mini_subset,scene-1094_024,tx,0.0,1,0.1978,158,0.086
nuscenes_mini_subset,scene-1094_024,tx,2.0,1,0.2071,160,0.086
nuscenes_mini_subset,scene-1094_024,tx,2.0,-1,0.1863,167,0.086
nuscenes_mini_subset,scene-1094_024,tx,5.0,1,0.2221,162,0.0861
nuscenes_mini_subset,scene-1094_024,tx,5.0,-1,0.1806,168,0.086
nuscenes_mini_subset,scene-1094_024,tx,10.0,1,0.2217,162,0.0861
nuscenes_mini_subset,scene-1094_024,tx,10.0,-1,0.183,166,0.0859
nuscenes_mini_subset,scene-1094_024,ty,0.0,1,0.1978,158,0.086
nuscenes_mini_subset,scene-1094_024,ty,2.0,1,0.1908,164,0.0864
nuscenes_mini_subset,scene-1094_024,ty,2.0,-1,0.1886,157,0.0855
nuscenes_mini_subset,scene-1094_024,ty,5.0,1,0.2073,153,0.0869
nuscenes_mini_subset,scene-1094_024,ty,5.0,-1,0.1795,160,0.0848
nuscenes_mini_subset,scene-1094_024,ty,10.0,1,0.2052,161,0.0879
nuscenes_mini_subset,scene-1094_024,ty,10.0,-1,0.1801,162,0.0834
nuscenes_mini_subset,scene-1094_024,tz,0.0,1,0.1978,158,0.086
nuscenes_mini_subset,scene-1094_024,tz,2.0,1,0.209,156,0.0869
nuscenes_mini_subset,scene-1094_024,tz,2.0,-1,0.1964,148,0.0845
nuscenes_mini_subset,scene-1094_024,tz,5.0,1,0.2025,152,0.0879
nuscenes_mini_subset,scene-1094_024,tz,5.0,-1,0.2158,149,0.0836
nuscenes_mini_subset,scene-1094_024,tz,10.0,1,0.2061,139,0.0888
nuscenes_mini_subset,scene-1094_024,tz,10.0,-1,0.1942,153,0.0827
nuscenes_mini_subset,scene-1094_025,yaw,0.0,1,0.1905,121,0.0862
nuscenes_mini_subset,scene-1094_025,yaw,0.5,1,0.1792,122,0.0859
nuscenes_mini_subset,scene-1094_025,yaw,0.5,-1,0.2094,127,0.0863
nuscenes_mini_subset,scene-1094_025,yaw,1.0,1,0.1754,117,0.0857
nuscenes_mini_subset,scene-1094_025,yaw,1.0,-1,0.187,124,0.0863
nuscenes_mini_subset,scene-1094_025,yaw,2.0,1,0.1819,122,0.0851
nuscenes_mini_subset,scene-1094_025,yaw,2.0,-1,0.1814,114,0.0864
nuscenes_mini_subset,scene-1094_025,yaw,3.0,1,0.1652,105,0.0842
nuscenes_mini_subset,scene-1094_025,yaw,3.0,-1,0.1536,119,0.0871
nuscenes_mini_subset,scene-1094_025,pitch,0.0,1,0.1905,121,0.0862
nuscenes_mini_subset,scene-1094_025,pitch,0.5,1,0.2079,123,0.0862
nuscenes_mini_subset,scene-1094_025,pitch,0.5,-1,0.1902,123,0.0862
nuscenes_mini_subset,scene-1094_025,pitch,1.0,1,0.2148,129,0.0863
nuscenes_mini_subset,scene-1094_025,pitch,1.0,-1,0.1922,123,0.0862
nuscenes_mini_subset,scene-1094_025,pitch,2.0,1,0.2242,127,0.0862
nuscenes_mini_subset,scene-1094_025,pitch,2.0,-1,0.2317,122,0.0861
nuscenes_mini_subset,scene-1094_025,pitch,3.0,1,0.224,130,0.0863
nuscenes_mini_subset,scene-1094_025,pitch,3.0,-1,0.1911,118,0.0861
nuscenes_mini_subset,scene-1094_025,roll,0.0,1,0.1905,121,0.0862
nuscenes_mini_subset,scene-1094_025,roll,0.5,1,0.2306,126,0.0879
nuscenes_mini_subset,scene-1094_025,roll,0.5,-1,0.2041,126,0.0838
nuscenes_mini_subset,scene-1094_025,roll,1.0,1,0.2217,123,0.0887
nuscenes_mini_subset,scene-1094_025,roll,1.0,-1,0.2281,128,0.0828
nuscenes_mini_subset,scene-1094_025,roll,2.0,1,0.1519,119,0.0928
nuscenes_mini_subset,scene-1094_025,roll,2.0,-1,0.2023,124,0.0787
nuscenes_mini_subset,scene-1094_025,roll,3.0,1,0.1347,128,0.0964
nuscenes_mini_subset,scene-1094_025,roll,3.0,-1,0.1546,130,0.0748
nuscenes_mini_subset,scene-1094_025,tx,0.0,1,0.1905,121,0.0862
nuscenes_mini_subset,scene-1094_025,tx,2.0,1,0.2033,122,0.0862
nuscenes_mini_subset,scene-1094_025,tx,2.0,-1,0.1905,131,0.0862
nuscenes_mini_subset,scene-1094_025,tx,5.0,1,0.2102,119,0.0863
nuscenes_mini_subset,scene-1094_025,tx,5.0,-1,0.1927,134,0.0861
nuscenes_mini_subset,scene-1094_025,tx,10.0,1,0.2288,121,0.0861
nuscenes_mini_subset,scene-1094_025,tx,10.0,-1,0.2003,142,0.0861
nuscenes_mini_subset,scene-1094_025,ty,0.0,1,0.1905,121,0.0862
nuscenes_mini_subset,scene-1094_025,ty,2.0,1,0.1961,123,0.0865
nuscenes_mini_subset,scene-1094_025,ty,2.0,-1,0.1869,129,0.0857
nuscenes_mini_subset,scene-1094_025,ty,5.0,1,0.2012,126,0.0871
nuscenes_mini_subset,scene-1094_025,ty,5.0,-1,0.1986,127,0.0849
nuscenes_mini_subset,scene-1094_025,ty,10.0,1,0.2058,129,0.0882
nuscenes_mini_subset,scene-1094_025,ty,10.0,-1,0.1902,134,0.0836
nuscenes_mini_subset,scene-1094_025,tz,0.0,1,0.1905,121,0.0862
nuscenes_mini_subset,scene-1094_025,tz,2.0,1,0.2061,119,0.0871
nuscenes_mini_subset,scene-1094_025,tz,2.0,-1,0.1823,126,0.0845
nuscenes_mini_subset,scene-1094_025,tz,5.0,1,0.2022,116,0.0879
nuscenes_mini_subset,scene-1094_025,tz,5.0,-1,0.1994,132,0.0838
nuscenes_mini_subset,scene-1094_025,tz,10.0,1,0.2417,136,0.0888
nuscenes_mini_subset,scene-1094_025,tz,10.0,-1,0.1787,144,0.0829
nuscenes_mini_subset,scene-1094_026,yaw,0.0,1,0.1944,120,0.0864
nuscenes_mini_subset,scene-1094_026,yaw,0.5,1,0.1673,120,0.0863
nuscenes_mini_subset,scene-1094_026,yaw,0.5,-1,0.1433,119,0.0865
nuscenes_mini_subset,scene-1094_026,yaw,1.0,1,0.1521,116,0.0861
nuscenes_mini_subset,scene-1094_026,yaw,1.0,-1,0.0769,121,0.0865
nuscenes_mini_subset,scene-1094_026,yaw,2.0,1,0.1293,111,0.0855
nuscenes_mini_subset,scene-1094_026,yaw,2.0,-1,0.0946,126,0.0872
nuscenes_mini_subset,scene-1094_026,yaw,3.0,1,0.1085,104,0.0849
nuscenes_mini_subset,scene-1094_026,yaw,3.0,-1,0.1946,122,0.0874
nuscenes_mini_subset,scene-1094_026,pitch,0.0,1,0.1944,120,0.0864
nuscenes_mini_subset,scene-1094_026,pitch,0.5,1,0.1924,118,0.0864
nuscenes_mini_subset,scene-1094_026,pitch,0.5,-1,0.1958,118,0.0864
nuscenes_mini_subset,scene-1094_026,pitch,1.0,1,0.1895,120,0.0865
nuscenes_mini_subset,scene-1094_026,pitch,1.0,-1,0.1704,119,0.0864
nuscenes_mini_subset,scene-1094_026,pitch,2.0,1,0.1842,118,0.0866
nuscenes_mini_subset,scene-1094_026,pitch,2.0,-1,0.1584,117,0.0865
nuscenes_mini_subset,scene-1094_026,pitch,3.0,1,0.1644,118,0.0868
nuscenes_mini_subset,scene-1094_026,pitch,3.0,-1,0.1305,118,0.0864
nuscenes_mini_subset,scene-1094_026,roll,0.0,1,0.1944,120,0.0864
nuscenes_mini_subset,scene-1094_026,roll,0.5,1,0.2074,120,0.0882
nuscenes_mini_subset,scene-1094_026,roll,0.5,-1,0.1682,118,0.0841
nuscenes_mini_subset,scene-1094_026,roll,1.0,1,0.151,113,0.0891
nuscenes_mini_subset,scene-1094_026,roll,1.0,-1,0.1552,119,0.0832
nuscenes_mini_subset,scene-1094_026,roll,2.0,1,0.1449,121,0.0932
nuscenes_mini_subset,scene-1094_026,roll,2.0,-1,0.1331,119,0.0793
nuscenes_mini_subset,scene-1094_026,roll,3.0,1,0.1127,129,0.0967
nuscenes_mini_subset,scene-1094_026,roll,3.0,-1,0.1036,112,0.0752
nuscenes_mini_subset,scene-1094_026,tx,0.0,1,0.1944,120,0.0864
nuscenes_mini_subset,scene-1094_026,tx,2.0,1,0.1897,123,0.0864
nuscenes_mini_subset,scene-1094_026,tx,2.0,-1,0.1978,120,0.0864
nuscenes_mini_subset,scene-1094_026,tx,5.0,1,0.1822,121,0.0866
nuscenes_mini_subset,scene-1094_026,tx,5.0,-1,0.1927,124,0.0864
nuscenes_mini_subset,scene-1094_026,tx,10.0,1,0.154,126,0.0865
nuscenes_mini_subset,scene-1094_026,tx,10.0,-1,0.1745,121,0.0862
nuscenes_mini_subset,scene-1094_026,ty,0.0,1,0.1944,120,0.0864
nuscenes_mini_subset,scene-1094_026,ty,2.0,1,0.2015,118,0.0868
nuscenes_mini_subset,scene-1094_026,ty,2.0,-1,0.1946,119,0.0859
nuscenes_mini_subset,scene-1094_026,ty,5.0,1,0.1956,120,0.0874
nuscenes_mini_subset,scene-1094_026,ty,5.0,-1,0.1946,120,0.0851
nuscenes_mini_subset,scene-1094_026,ty,10.0,1,0.2052,122,0.0885
nuscenes_mini_subset,scene-1094_026,ty,10.0,-1,0.1936,129,0.0838
nuscenes_mini_subset,scene-1094_026,tz,0.0,1,0.1944,120,0.0864
nuscenes_mini_subset,scene-1094_026,tz,2.0,1,0.1885,125,0.0874
nuscenes_mini_subset,scene-1094_026,tz,2.0,-1,0.1968,120,0.0847
nuscenes_mini_subset,scene-1094_026,tz,5.0,1,0.1918,149,0.0881
nuscenes_mini_subset,scene-1094_026,tz,5.0,-1,0.1994,115,0.0842
nuscenes_mini_subset,scene-1094_026,tz,10.0,1,0.1851,199,0.0892
nuscenes_mini_subset,scene-1094_026,tz,10.0,-1,0.1824,130,0.0834
nuscenes_mini_subset,scene-1094_027,yaw,0.0,1,0.1824,130,0.0869
nuscenes_mini_subset,scene-1094_027,yaw,0.5,1,0.1768,124,0.0867
nuscenes_mini_subset,scene-1094_027,yaw,0.5,-1,0.175,139,0.0873
nuscenes_mini_subset,scene-1094_027,yaw,1.0,1,0.1849,114,0.086
nuscenes_mini_subset,scene-1094_027,yaw,1.0,-1,0.1883,153,0.0874
nuscenes_mini_subset,scene-1094_027,yaw,2.0,1,0.2,113,0.0853
nuscenes_mini_subset,scene-1094_027,yaw,2.0,-1,0.1757,165,0.0878
nuscenes_mini_subset,scene-1094_027,yaw,3.0,1,0.1702,112,0.0848
nuscenes_mini_subset,scene-1094_027,yaw,3.0,-1,0.1673,175,0.0881
nuscenes_mini_subset,scene-1094_027,pitch,0.0,1,0.1824,130,0.0869
nuscenes_mini_subset,scene-1094_027,pitch,0.5,1,0.2201,129,0.087
nuscenes_mini_subset,scene-1094_027,pitch,0.5,-1,0.1893,133,0.087
nuscenes_mini_subset,scene-1094_027,pitch,1.0,1,0.2492,130,0.087
nuscenes_mini_subset,scene-1094_027,pitch,1.0,-1,0.174,136,0.087
nuscenes_mini_subset,scene-1094_027,pitch,2.0,1,0.2246,130,0.087
nuscenes_mini_subset,scene-1094_027,pitch,2.0,-1,0.1377,138,0.0871
nuscenes_mini_subset,scene-1094_027,pitch,3.0,1,0.1882,133,0.0872
nuscenes_mini_subset,scene-1094_027,pitch,3.0,-1,0.1182,141,0.0871
nuscenes_mini_subset,scene-1094_027,roll,0.0,1,0.1824,130,0.0869
nuscenes_mini_subset,scene-1094_027,roll,0.5,1,0.2424,137,0.0887
nuscenes_mini_subset,scene-1094_027,roll,0.5,-1,0.1725,133,0.0846
nuscenes_mini_subset,scene-1094_027,roll,1.0,1,0.199,136,0.0896
nuscenes_mini_subset,scene-1094_027,roll,1.0,-1,0.1573,128,0.0837
nuscenes_mini_subset,scene-1094_027,roll,2.0,1,0.1876,148,0.0936
nuscenes_mini_subset,scene-1094_027,roll,2.0,-1,0.1471,129,0.0796
nuscenes_mini_subset,scene-1094_027,roll,3.0,1,0.1265,156,0.0974
nuscenes_mini_subset,scene-1094_027,roll,3.0,-1,0.1505,130,0.0756
nuscenes_mini_subset,scene-1094_027,tx,0.0,1,0.1824,130,0.0869
nuscenes_mini_subset,scene-1094_027,tx,2.0,1,0.1795,137,0.0871
nuscenes_mini_subset,scene-1094_027,tx,2.0,-1,0.1782,130,0.0868
nuscenes_mini_subset,scene-1094_027,tx,5.0,1,0.1708,134,0.0872
nuscenes_mini_subset,scene-1094_027,tx,5.0,-1,0.1906,131,0.0867
nuscenes_mini_subset,scene-1094_027,tx,10.0,1,0.187,131,0.0874
nuscenes_mini_subset,scene-1094_027,tx,10.0,-1,0.1786,132,0.0864
nuscenes_mini_subset,scene-1094_027,ty,0.0,1,0.1824,130,0.0869
nuscenes_mini_subset,scene-1094_027,ty,2.0,1,0.1812,132,0.0875
nuscenes_mini_subset,scene-1094_027,ty,2.0,-1,0.181,126,0.0864
nuscenes_mini_subset,scene-1094_027,ty,5.0,1,0.1773,134,0.0882
nuscenes_mini_subset,scene-1094_027,ty,5.0,-1,0.1745,125,0.0855
nuscenes_mini_subset,scene-1094_027,ty,10.0,1,0.1706,136,0.0892
nuscenes_mini_subset,scene-1094_027,ty,10.0,-1,0.1803,130,0.084
nuscenes_mini_subset,scene-1094_027,tz,0.0,1,0.1824,130,0.0869
nuscenes_mini_subset,scene-1094_027,tz,2.0,1,0.2088,149,0.0878
nuscenes_mini_subset,scene-1094_027,tz,2.0,-1,0.1676,133,0.0853
nuscenes_mini_subset,scene-1094_027,tz,5.0,1,0.2503,170,0.0886
nuscenes_mini_subset,scene-1094_027,tz,5.0,-1,0.1403,153,0.0846
nuscenes_mini_subset,scene-1094_027,tz,10.0,1,0.2196,231,0.0895
nuscenes_mini_subset,scene-1094_027,tz,10.0,-1,0.1316,187,0.0837
nuscenes_mini_subset,scene-1094_028,yaw,0.0,1,0.1512,177,0.0858
nuscenes_mini_subset,scene-1094_028,yaw,0.5,1,0.1734,173,0.0856
nuscenes_mini_subset,scene-1094_028,yaw,0.5,-1,0.1241,182,0.0859
nuscenes_mini_subset,scene-1094_028,yaw,1.0,1,0.1761,168,0.0854
nuscenes_mini_subset,scene-1094_028,yaw,1.0,-1,0.1871,187,0.0859
nuscenes_mini_subset,scene-1094_028,yaw,2.0,1,0.1529,149,0.0849
nuscenes_mini_subset,scene-1094_028,yaw,2.0,-1,0.1802,201,0.0862
nuscenes_mini_subset,scene-1094_028,yaw,3.0,1,0.1219,141,0.085
nuscenes_mini_subset,scene-1094_028,yaw,3.0,-1,0.1747,199,0.0857
nuscenes_mini_subset,scene-1094_028,pitch,0.0,1,0.1512,177,0.0858
nuscenes_mini_subset,scene-1094_028,pitch,0.5,1,0.1491,178,0.0859
nuscenes_mini_subset,scene-1094_028,pitch,0.5,-1,0.165,175,0.0858
nuscenes_mini_subset,scene-1094_028,pitch,1.0,1,0.151,185,0.0859
nuscenes_mini_subset,scene-1094_028,pitch,1.0,-1,0.1571,174,0.0859
nuscenes_mini_subset,scene-1094_028,pitch,2.0,1,0.1415,178,0.0858
nuscenes_mini_subset,scene-1094_028,pitch,2.0,-1,0.1332,177,0.0858
nuscenes_mini_subset,scene-1094_028,pitch,3.0,1,0.2007,180,0.0858
nuscenes_mini_subset,scene-1094_028,pitch,3.0,-1,0.0895,178,0.0858
nuscenes_mini_subset,scene-1094_028,roll,0.0,1,0.1512,177,0.0858
nuscenes_mini_subset,scene-1094_028,roll,0.5,1,0.155,173,0.0876
nuscenes_mini_subset,scene-1094_028,roll,0.5,-1,0.1549,179,0.0834
nuscenes_mini_subset,scene-1094_028,roll,1.0,1,0.1442,175,0.0884
nuscenes_mini_subset,scene-1094_028,roll,1.0,-1,0.1634,182,0.0823
nuscenes_mini_subset,scene-1094_028,roll,2.0,1,0.1787,170,0.0925
nuscenes_mini_subset,scene-1094_028,roll,2.0,-1,0.1312,183,0.0782
nuscenes_mini_subset,scene-1094_028,roll,3.0,1,0.1295,159,0.0962
nuscenes_mini_subset,scene-1094_028,roll,3.0,-1,0.1612,194,0.0739
nuscenes_mini_subset,scene-1094_028,tx,0.0,1,0.1512,177,0.0858
nuscenes_mini_subset,scene-1094_028,tx,2.0,1,0.142,172,0.0858
nuscenes_mini_subset,scene-1094_028,tx,2.0,-1,0.1451,178,0.0857
nuscenes_mini_subset,scene-1094_028,tx,5.0,1,0.1314,174,0.0858
nuscenes_mini_subset,scene-1094_028,tx,5.0,-1,0.16,175,0.0856
nuscenes_mini_subset,scene-1094_028,tx,10.0,1,0.1362,170,0.0859
nuscenes_mini_subset,scene-1094_028,tx,10.0,-1,0.1685,178,0.0855
nuscenes_mini_subset,scene-1094_028,ty,0.0,1,0.1512,177,0.0858
nuscenes_mini_subset,scene-1094_028,ty,2.0,1,0.1473,173,0.0862
nuscenes_mini_subset,scene-1094_028,ty,2.0,-1,0.1456,174,0.0853
nuscenes_mini_subset,scene-1094_028,ty,5.0,1,0.147,177,0.0868
nuscenes_mini_subset,scene-1094_028,ty,5.0,-1,0.1444,168,0.0844
nuscenes_mini_subset,scene-1094_028,ty,10.0,1,0.1481,184,0.0877
nuscenes_mini_subset,scene-1094_028,ty,10.0,-1,0.1568,169,0.0829
nuscenes_mini_subset,scene-1094_028,tz,0.0,1,0.1512,177,0.0858
nuscenes_mini_subset,scene-1094_028,tz,2.0,1,0.1566,169,0.0867
nuscenes_mini_subset,scene-1094_028,tz,2.0,-1,0.1665,193,0.0844
nuscenes_mini_subset,scene-1094_028,tz,5.0,1,0.1693,142,0.0875
nuscenes_mini_subset,scene-1094_028,tz,5.0,-1,0.1718,195,0.0834
nuscenes_mini_subset,scene-1094_028,tz,10.0,1,0.1667,117,0.0884
nuscenes_mini_subset,scene-1094_028,tz,10.0,-1,0.17,178,0.0826
nuscenes_mini_subset,scene-1094_029,yaw,0.0,1,0.1304,106,0.0878
nuscenes_mini_subset,scene-1094_029,yaw,0.5,1,0.1108,101,0.0875
nuscenes_mini_subset,scene-1094_029,yaw,0.5,-1,0.1058,101,0.088
nuscenes_mini_subset,scene-1094_029,yaw,1.0,1,0.1048,101,0.0875
nuscenes_mini_subset,scene-1094_029,yaw,1.0,-1,0.1173,108,0.0878
nuscenes_mini_subset,scene-1094_029,yaw,2.0,1,0.1115,102,0.0876
nuscenes_mini_subset,scene-1094_029,yaw,2.0,-1,0.1141,113,0.088
nuscenes_mini_subset,scene-1094_029,yaw,3.0,1,0.1154,105,0.0876
nuscenes_mini_subset,scene-1094_029,yaw,3.0,-1,0.1416,107,0.0883
nuscenes_mini_subset,scene-1094_029,pitch,0.0,1,0.1304,106,0.0878
nuscenes_mini_subset,scene-1094_029,pitch,0.5,1,0.1273,107,0.0879
nuscenes_mini_subset,scene-1094_029,pitch,0.5,-1,0.114,101,0.0878
nuscenes_mini_subset,scene-1094_029,pitch,1.0,1,0.142,99,0.0879
nuscenes_mini_subset,scene-1094_029,pitch,1.0,-1,0.1116,103,0.0878
nuscenes_mini_subset,scene-1094_029,pitch,2.0,1,0.1297,102,0.088
nuscenes_mini_subset,scene-1094_029,pitch,2.0,-1,0.1178,101,0.0877
nuscenes_mini_subset,scene-1094_029,pitch,3.0,1,0.1489,102,0.0882
nuscenes_mini_subset,scene-1094_029,pitch,3.0,-1,0.128,101,0.0876
nuscenes_mini_subset,scene-1094_029,roll,0.0,1,0.1304,106,0.0878
nuscenes_mini_subset,scene-1094_029,roll,0.5,1,0.1553,101,0.0896
nuscenes_mini_subset,scene-1094_029,roll,0.5,-1,0.121,104,0.0853
nuscenes_mini_subset,scene-1094_029,roll,1.0,1,0.1332,105,0.0905
nuscenes_mini_subset,scene-1094_029,roll,1.0,-1,0.1132,105,0.0844
nuscenes_mini_subset,scene-1094_029,roll,2.0,1,0.1087,103,0.0947
nuscenes_mini_subset,scene-1094_029,roll,2.0,-1,0.1852,110,0.0802
nuscenes_mini_subset,scene-1094_029,roll,3.0,1,0.1087,107,0.0984
nuscenes_mini_subset,scene-1094_029,roll,3.0,-1,0.2223,110,0.0759
nuscenes_mini_subset,scene-1094_029,tx,0.0,1,0.1304,106,0.0878
nuscenes_mini_subset,scene-1094_029,tx,2.0,1,0.1274,105,0.0878
nuscenes_mini_subset,scene-1094_029,tx,2.0,-1,0.1439,104,0.0877
nuscenes_mini_subset,scene-1094_029,tx,5.0,1,0.1112,100,0.0879
nuscenes_mini_subset,scene-1094_029,tx,5.0,-1,0.1349,102,0.0877
nuscenes_mini_subset,scene-1094_029,tx,10.0,1,0.1,103,0.0879
nuscenes_mini_subset,scene-1094_029,tx,10.0,-1,0.1254,104,0.0878
nuscenes_mini_subset,scene-1094_029,ty,0.0,1,0.1304,106,0.0878
nuscenes_mini_subset,scene-1094_029,ty,2.0,1,0.1288,104,0.0882
nuscenes_mini_subset,scene-1094_029,ty,2.0,-1,0.1419,106,0.0872
nuscenes_mini_subset,scene-1094_029,ty,5.0,1,0.1289,101,0.0888
nuscenes_mini_subset,scene-1094_029,ty,5.0,-1,0.1234,107,0.0865
nuscenes_mini_subset,scene-1094_029,ty,10.0,1,0.123,93,0.0897
nuscenes_mini_subset,scene-1094_029,ty,10.0,-1,0.1423,106,0.0851
nuscenes_mini_subset,scene-1094_029,tz,0.0,1,0.1304,106,0.0878
nuscenes_mini_subset,scene-1094_029,tz,2.0,1,0.1244,106,0.0887
nuscenes_mini_subset,scene-1094_029,tz,2.0,-1,0.1066,107,0.0863
nuscenes_mini_subset,scene-1094_029,tz,5.0,1,0.122,106,0.0897
nuscenes_mini_subset,scene-1094_029,tz,5.0,-1,0.1168,114,0.0854
nuscenes_mini_subset,scene-1094_029,tz,10.0,1,0.1343,124,0.0906
nuscenes_mini_subset,scene-1094_029,tz,10.0,-1,0.1071,116,0.0845
nuscenes_mini_subset,scene-1094_030,yaw,0.0,1,0.1921,139,0.0891
nuscenes_mini_subset,scene-1094_030,yaw,0.5,1,0.1789,136,0.0891
nuscenes_mini_subset,scene-1094_030,yaw,0.5,-1,0.1618,138,0.0891
nuscenes_mini_subset,scene-1094_030,yaw,1.0,1,0.1268,140,0.0893
nuscenes_mini_subset,scene-1094_030,yaw,1.0,-1,0.14,139,0.0888
nuscenes_mini_subset,scene-1094_030,yaw,2.0,1,0.1462,151,0.0893
nuscenes_mini_subset,scene-1094_030,yaw,2.0,-1,0.1075,141,0.0888
nuscenes_mini_subset,scene-1094_030,yaw,3.0,1,0.1483,147,0.0891
nuscenes_mini_subset,scene-1094_030,yaw,3.0,-1,0.1305,142,0.0886
nuscenes_mini_subset,scene-1094_030,pitch,0.0,1,0.1921,139,0.0891
nuscenes_mini_subset,scene-1094_030,pitch,0.5,1,0.1812,134,0.0893
nuscenes_mini_subset,scene-1094_030,pitch,0.5,-1,0.1809,139,0.0892
nuscenes_mini_subset,scene-1094_030,pitch,1.0,1,0.1639,144,0.0894
nuscenes_mini_subset,scene-1094_030,pitch,1.0,-1,0.1628,135,0.0891
nuscenes_mini_subset,scene-1094_030,pitch,2.0,1,0.1787,134,0.0893
nuscenes_mini_subset,scene-1094_030,pitch,2.0,-1,0.1658,139,0.0893
nuscenes_mini_subset,scene-1094_030,pitch,3.0,1,0.206,144,0.0893
nuscenes_mini_subset,scene-1094_030,pitch,3.0,-1,0.177,142,0.0892
nuscenes_mini_subset,scene-1094_030,roll,0.0,1,0.1921,139,0.0891
nuscenes_mini_subset,scene-1094_030,roll,0.5,1,0.1725,139,0.091
nuscenes_mini_subset,scene-1094_030,roll,0.5,-1,0.1534,136,0.0868
nuscenes_mini_subset,scene-1094_030,roll,1.0,1,0.1588,141,0.0919
nuscenes_mini_subset,scene-1094_030,roll,1.0,-1,0.1417,133,0.0859
nuscenes_mini_subset,scene-1094_030,roll,2.0,1,0.1003,140,0.096
nuscenes_mini_subset,scene-1094_030,roll,2.0,-1,0.1746,130,0.0817
nuscenes_mini_subset,scene-1094_030,roll,3.0,1,0.1439,144,0.0996
nuscenes_mini_subset,scene-1094_030,roll,3.0,-1,0.1852,130,0.0775
nuscenes_mini_subset,scene-1094_030,tx,0.0,1,0.1921,139,0.0891
nuscenes_mini_subset,scene-1094_030,tx,2.0,1,0.1933,139,0.0891
nuscenes_mini_subset,scene-1094_030,tx,2.0,-1,0.1906,141,0.0892
nuscenes_mini_subset,scene-1094_030,tx,5.0,1,0.1857,142,0.0892
nuscenes_mini_subset,scene-1094_030,tx,5.0,-1,0.1765,146,0.0892
nuscenes_mini_subset,scene-1094_030,tx,10.0,1,0.1786,146,0.0891
nuscenes_mini_subset,scene-1094_030,tx,10.0,-1,0.1848,147,0.0891
nuscenes_mini_subset,scene-1094_030,ty,0.0,1,0.1921,139,0.0891
nuscenes_mini_subset,scene-1094_030,ty,2.0,1,0.1991,139,0.0896
nuscenes_mini_subset,scene-1094_030,ty,2.0,-1,0.1956,135,0.0887
nuscenes_mini_subset,scene-1094_030,ty,5.0,1,0.1869,139,0.0902
nuscenes_mini_subset,scene-1094_030,ty,5.0,-1,0.1879,137,0.088
nuscenes_mini_subset,scene-1094_030,ty,10.0,1,0.1785,138,0.0911
nuscenes_mini_subset,scene-1094_030,ty,10.0,-1,0.1837,148,0.0865
nuscenes_mini_subset,scene-1094_030,tz,0.0,1,0.1921,139,0.0891
nuscenes_mini_subset,scene-1094_030,tz,2.0,1,0.179,144,0.09
nuscenes_mini_subset,scene-1094_030,tz,2.0,-1,0.1965,128,0.0878
nuscenes_mini_subset,scene-1094_030,tz,5.0,1,0.1793,144,0.091
nuscenes_mini_subset,scene-1094_030,tz,5.0,-1,0.1829,131,0.0868
nuscenes_mini_subset,scene-1094_030,tz,10.0,1,0.1492,133,0.0919
nuscenes_mini_subset,scene-1094_030,tz,10.0,-1,0.1576,130,0.086
nuscenes_mini_subset,scene-1094_031,yaw,0.0,1,0.1246,158,0.0889
nuscenes_mini_subset,scene-1094_031,yaw,0.5,1,0.1658,166,0.0889
nuscenes_mini_subset,scene-1094_031,yaw,0.5,-1,0.0862,158,0.0886
nuscenes_mini_subset,scene-1094_031,yaw,1.0,1,0.1248,161,0.0892
nuscenes_mini_subset,scene-1094_031,yaw,1.0,-1,0.0881,154,0.0884
nuscenes_mini_subset,scene-1094_031,yaw,2.0,1,0.1066,166,0.089
nuscenes_mini_subset,scene-1094_031,yaw,2.0,-1,0.1026,143,0.088
nuscenes_mini_subset,scene-1094_031,yaw,3.0,1,0.1093,158,0.0887
nuscenes_mini_subset,scene-1094_031,yaw,3.0,-1,0.0931,146,0.088
nuscenes_mini_subset,scene-1094_031,pitch,0.0,1,0.1246,158,0.0889
nuscenes_mini_subset,scene-1094_031,pitch,0.5,1,0.1111,166,0.0889
nuscenes_mini_subset,scene-1094_031,pitch,0.5,-1,0.1033,162,0.0888
nuscenes_mini_subset,scene-1094_031,pitch,1.0,1,0.1329,162,0.0889
nuscenes_mini_subset,scene-1094_031,pitch,1.0,-1,0.1019,165,0.0888
nuscenes_mini_subset,scene-1094_031,pitch,2.0,1,0.0875,163,0.089
nuscenes_mini_subset,scene-1094_031,pitch,2.0,-1,0.0917,164,0.0888
nuscenes_mini_subset,scene-1094_031,pitch,3.0,1,0.0957,163,0.0891
nuscenes_mini_subset,scene-1094_031,pitch,3.0,-1,0.0826,162,0.0887
nuscenes_mini_subset,scene-1094_031,roll,0.0,1,0.1246,158,0.0889
nuscenes_mini_subset,scene-1094_031,roll,0.5,1,0.1189,160,0.0906
nuscenes_mini_subset,scene-1094_031,roll,0.5,-1,0.0957,160,0.0866
nuscenes_mini_subset,scene-1094_031,roll,1.0,1,0.0913,162,0.0915
nuscenes_mini_subset,scene-1094_031,roll,1.0,-1,0.0761,163,0.0856
nuscenes_mini_subset,scene-1094_031,roll,2.0,1,0.0728,157,0.0955
nuscenes_mini_subset,scene-1094_031,roll,2.0,-1,0.1417,154,0.0816
nuscenes_mini_subset,scene-1094_031,roll,3.0,1,0.0635,161,0.0989
nuscenes_mini_subset,scene-1094_031,roll,3.0,-1,0.1508,155,0.0774
nuscenes_mini_subset,scene-1094_031,tx,0.0,1,0.1246,158,0.0889
nuscenes_mini_subset,scene-1094_031,tx,2.0,1,0.1222,169,0.0888
nuscenes_mini_subset,scene-1094_031,tx,2.0,-1,0.1342,151,0.0889
nuscenes_mini_subset,scene-1094_031,tx,5.0,1,0.1129,168,0.0889
nuscenes_mini_subset,scene-1094_031,tx,5.0,-1,0.144,138,0.0889
nuscenes_mini_subset,scene-1094_031,tx,10.0,1,0.1161,170,0.0888
nuscenes_mini_subset,scene-1094_031,tx,10.0,-1,0.1446,142,0.0889
nuscenes_mini_subset,scene-1094_031,ty,0.0,1,0.1246,158,0.0889
nuscenes_mini_subset,scene-1094_031,ty,2.0,1,0.129,159,0.0893
nuscenes_mini_subset,scene-1094_031,ty,2.0,-1,0.1228,162,0.0884
nuscenes_mini_subset,scene-1094_031,ty,5.0,1,0.1274,156,0.0898
nuscenes_mini_subset,scene-1094_031,ty,5.0,-1,0.1126,168,0.0876
nuscenes_mini_subset,scene-1094_031,ty,10.0,1,0.133,153,0.0907
nuscenes_mini_subset,scene-1094_031,ty,10.0,-1,0.1217,165,0.0864
nuscenes_mini_subset,scene-1094_031,tz,0.0,1,0.1246,158,0.0889
nuscenes_mini_subset,scene-1094_031,tz,2.0,1,0.0991,163,0.0898
nuscenes_mini_subset,scene-1094_031,tz,2.0,-1,0.1184,155,0.0871
nuscenes_mini_subset,scene-1094_031,tz,5.0,1,0.0954,160,0.0906
nuscenes_mini_subset,scene-1094_031,tz,5.0,-1,0.1194,156,0.0866
nuscenes_mini_subset,scene-1094_031,tz,10.0,1,0.0998,145,0.0914
nuscenes_mini_subset,scene-1094_031,tz,10.0,-1,0.1048,157,0.0858
nuscenes_mini_subset,scene-1094_032,yaw,0.0,1,0.1325,102,0.0862
nuscenes_mini_subset,scene-1094_032,yaw,0.5,1,0.1149,103,0.0859
nuscenes_mini_subset,scene-1094_032,yaw,0.5,-1,0.091,104,0.0867
nuscenes_mini_subset,scene-1094_032,yaw,1.0,1,0.1272,118,0.086
nuscenes_mini_subset,scene-1094_032,yaw,1.0,-1,0.1228,108,0.0871
nuscenes_mini_subset,scene-1094_032,yaw,2.0,1,0.121,134,0.0863
nuscenes_mini_subset,scene-1094_032,yaw,2.0,-1,0.1302,103,0.0871
nuscenes_mini_subset,scene-1094_032,yaw,3.0,1,0.1225,135,0.086
nuscenes_mini_subset,scene-1094_032,yaw,3.0,-1,0.1728,108,0.0871
nuscenes_mini_subset,scene-1094_032,pitch,0.0,1,0.1325,102,0.0862
nuscenes_mini_subset,scene-1094_032,pitch,0.5,1,0.1443,103,0.0863
nuscenes_mini_subset,scene-1094_032,pitch,0.5,-1,0.1298,103,0.0862
nuscenes_mini_subset,scene-1094_032,pitch,1.0,1,0.1652,104,0.0863
nuscenes_mini_subset,scene-1094_032,pitch,1.0,-1,0.1394,106,0.0863
nuscenes_mini_subset,scene-1094_032,pitch,2.0,1,0.1431,107,0.0864
nuscenes_mini_subset,scene-1094_032,pitch,2.0,-1,0.1327,104,0.086
nuscenes_mini_subset,scene-1094_032,pitch,3.0,1,0.1283,108,0.0864
nuscenes_mini_subset,scene-1094_032,pitch,3.0,-1,0.1107,104,0.0862
nuscenes_mini_subset,scene-1094_032,roll,0.0,1,0.1325,102,0.0862
nuscenes_mini_subset,scene-1094_032,roll,0.5,1,0.142,104,0.088
nuscenes_mini_subset,scene-1094_032,roll,0.5,-1,0.1292,110,0.0839
nuscenes_mini_subset,scene-1094_032,roll,1.0,1,0.1303,101,0.0888
nuscenes_mini_subset,scene-1094_032,roll,1.0,-1,0.1054,110,0.0829
nuscenes_mini_subset,scene-1094_032,roll,2.0,1,0.1098,101,0.0928
nuscenes_mini_subset,scene-1094_032,roll,2.0,-1,0.1316,116,0.0789
nuscenes_mini_subset,scene-1094_032,roll,3.0,1,0.0546,105,0.0963
nuscenes_mini_subset,scene-1094_032,roll,3.0,-1,0.1883,112,0.0746
nuscenes_mini_subset,scene-1094_032,tx,0.0,1,0.1325,102,0.0862
nuscenes_mini_subset,scene-1094_032,tx,2.0,1,0.1269,99,0.0862
nuscenes_mini_subset,scene-1094_032,tx,2.0,-1,0.1304,103,0.0862
nuscenes_mini_subset,scene-1094_032,tx,5.0,1,0.1336,99,0.0863
nuscenes_mini_subset,scene-1094_032,tx,5.0,-1,0.1446,105,0.0862
nuscenes_mini_subset,scene-1094_032,tx,10.0,1,0.1374,111,0.0863
nuscenes_mini_subset,scene-1094_032,tx,10.0,-1,0.1545,112,0.0862
nuscenes_mini_subset,scene-1094_032,ty,0.0,1,0.1325,102,0.0862
nuscenes_mini_subset,scene-1094_032,ty,2.0,1,0.1358,104,0.0867
nuscenes_mini_subset,scene-1094_032,ty,2.0,-1,0.1281,108,0.0857
nuscenes_mini_subset,scene-1094_032,ty,5.0,1,0.1323,110,0.0873
nuscenes_mini_subset,scene-1094_032,ty,5.0,-1,0.119,103,0.085
nuscenes_mini_subset,scene-1094_032,ty,10.0,1,0.1323,106,0.0881
nuscenes_mini_subset,scene-1094_032,ty,10.0,-1,0.1278,103,0.0836
nuscenes_mini_subset,scene-1094_032,tz,0.0,1,0.1325,102,0.0862
nuscenes_mini_subset,scene-1094_032,tz,2.0,1,0.1328,102,0.0871
nuscenes_mini_subset,scene-1094_032,tz,2.0,-1,0.1289,115,0.0845
nuscenes_mini_subset,scene-1094_032,tz,5.0,1,0.1327,97,0.088
nuscenes_mini_subset,scene-1094_032,tz,5.0,-1,0.1138,133,0.0839
nuscenes_mini_subset,scene-1094_032,tz,10.0,1,0.1548,91,0.0888
nuscenes_mini_subset,scene-1094_032,tz,10.0,-1,0.1038,146,0.083
nuscenes_mini_subset,scene-1094_033,yaw,0.0,1,0.2312,116,0.0869
nuscenes_mini_subset,scene-1094_033,yaw,0.5,1,0.1836,115,0.0872
nuscenes_mini_subset,scene-1094_033,yaw,0.5,-1,0.2218,117,0.087
nuscenes_mini_subset,scene-1094_033,yaw,1.0,1,0.2034,115,0.087
nuscenes_mini_subset,scene-1094_033,yaw,1.0,-1,0.1932,117,0.0868
nuscenes_mini_subset,scene-1094_033,yaw,2.0,1,0.2061,112,0.0871
nuscenes_mini_subset,scene-1094_033,yaw,2.0,-1,0.1637,111,0.0865
nuscenes_mini_subset,scene-1094_033,yaw,3.0,1,0.1425,106,0.0871
nuscenes_mini_subset,scene-1094_033,yaw,3.0,-1,0.1437,115,0.0864
nuscenes_mini_subset,scene-1094_033,pitch,0.0,1,0.2312,116,0.0869
nuscenes_mini_subset,scene-1094_033,pitch,0.5,1,0.2431,120,0.087
nuscenes_mini_subset,scene-1094_033,pitch,0.5,-1,0.2293,112,0.087
nuscenes_mini_subset,scene-1094_033,pitch,1.0,1,0.2516,115,0.0872
nuscenes_mini_subset,scene-1094_033,pitch,1.0,-1,0.2126,115,0.087
nuscenes_mini_subset,scene-1094_033,pitch,2.0,1,0.2375,113,0.0872
nuscenes_mini_subset,scene-1094_033,pitch,2.0,-1,0.1936,110,0.0869
nuscenes_mini_subset,scene-1094_033,pitch,3.0,1,0.2528,114,0.0872
nuscenes_mini_subset,scene-1094_033,pitch,3.0,-1,0.2032,116,0.087
nuscenes_mini_subset,scene-1094_033,roll,0.0,1,0.2312,116,0.0869
nuscenes_mini_subset,scene-1094_033,roll,0.5,1,0.2545,113,0.0887
nuscenes_mini_subset,scene-1094_033,roll,0.5,-1,0.2088,118,0.0845
nuscenes_mini_subset,scene-1094_033,roll,1.0,1,0.2365,112,0.0897
nuscenes_mini_subset,scene-1094_033,roll,1.0,-1,0.207,113,0.0835
nuscenes_mini_subset,scene-1094_033,roll,2.0,1,0.1855,112,0.0939
nuscenes_mini_subset,scene-1094_033,roll,2.0,-1,0.1552,112,0.0794
nuscenes_mini_subset,scene-1094_033,roll,3.0,1,0.116,116,0.0974
nuscenes_mini_subset,scene-1094_033,roll,3.0,-1,0.1268,118,0.0753
nuscenes_mini_subset,scene-1094_033,tx,0.0,1,0.2312,116,0.0869
nuscenes_mini_subset,scene-1094_033,tx,2.0,1,0.2426,111,0.087
nuscenes_mini_subset,scene-1094_033,tx,2.0,-1,0.2526,119,0.087
nuscenes_mini_subset,scene-1094_033,tx,5.0,1,0.2514,110,0.087
nuscenes_mini_subset,scene-1094_033,tx,5.0,-1,0.2594,121,0.0871
nuscenes_mini_subset,scene-1094_033,tx,10.0,1,0.229,112,0.087
nuscenes_mini_subset,scene-1094_033,tx,10.0,-1,0.2443,123,0.087
nuscenes_mini_subset,scene-1094_033,ty,0.0,1,0.2312,116,0.0869
nuscenes_mini_subset,scene-1094_033,ty,2.0,1,0.2307,116,0.0874
nuscenes_mini_subset,scene-1094_033,ty,2.0,-1,0.2366,116,0.0865
nuscenes_mini_subset,scene-1094_033,ty,5.0,1,0.2384,113,0.088
nuscenes_mini_subset,scene-1094_033,ty,5.0,-1,0.2414,119,0.0858
nuscenes_mini_subset,scene-1094_033,ty,10.0,1,0.2491,110,0.089
nuscenes_mini_subset,scene-1094_033,ty,10.0,-1,0.2479,123,0.0842
nuscenes_mini_subset,scene-1094_033,tz,0.0,1,0.2312,116,0.0869
nuscenes_mini_subset,scene-1094_033,tz,2.0,1,0.2564,120,0.0877
nuscenes_mini_subset,scene-1094_033,tz,2.0,-1,0.2193,120,0.0856
nuscenes_mini_subset,scene-1094_033,tz,5.0,1,0.2614,108,0.0886
nuscenes_mini_subset,scene-1094_033,tz,5.0,-1,0.2014,116,0.0845
nuscenes_mini_subset,scene-1094_033,tz,10.0,1,0.2616,117,0.0895
nuscenes_mini_subset,scene-1094_033,tz,10.0,-1,0.177,111,0.0836
nuscenes_mini_subset,scene-1094_034,yaw,0.0,1,0.1606,160,0.0823
nuscenes_mini_subset,scene-1094_034,yaw,0.5,1,0.1399,155,0.0821
nuscenes_mini_subset,scene-1094_034,yaw,0.5,-1,0.1595,162,0.0821
nuscenes_mini_subset,scene-1094_034,yaw,1.0,1,0.1468,158,0.0824
nuscenes_mini_subset,scene-1094_034,yaw,1.0,-1,0.1323,161,0.0823
nuscenes_mini_subset,scene-1094_034,yaw,2.0,1,0.1017,171,0.0824
nuscenes_mini_subset,scene-1094_034,yaw,2.0,-1,0.1207,167,0.0824
nuscenes_mini_subset,scene-1094_034,yaw,3.0,1,0.0849,171,0.0824
nuscenes_mini_subset,scene-1094_034,yaw,3.0,-1,0.0992,173,0.0823
nuscenes_mini_subset,scene-1094_034,pitch,0.0,1,0.1606,160,0.0823
nuscenes_mini_subset,scene-1094_034,pitch,0.5,1,0.1673,156,0.0823
nuscenes_mini_subset,scene-1094_034,pitch,0.5,-1,0.1483,159,0.0822
nuscenes_mini_subset,scene-1094_034,pitch,1.0,1,0.1653,159,0.0823
nuscenes_mini_subset,scene-1094_034,pitch,1.0,-1,0.1328,155,0.0821
nuscenes_mini_subset,scene-1094_034,pitch,2.0,1,0.1936,161,0.0825
nuscenes_mini_subset,scene-1094_034,pitch,2.0,-1,0.1016,156,0.0821
nuscenes_mini_subset,scene-1094_034,pitch,3.0,1,0.1964,159,0.0825
nuscenes_mini_subset,scene-1094_034,pitch,3.0,-1,0.0816,153,0.0819
nuscenes_mini_subset,scene-1094_034,roll,0.0,1,0.1606,160,0.0823
nuscenes_mini_subset,scene-1094_034,roll,0.5,1,0.1791,155,0.0839
nuscenes_mini_subset,scene-1094_034,roll,0.5,-1,0.1178,162,0.0798
nuscenes_mini_subset,scene-1094_034,roll,1.0,1,0.1702,160,0.0848
nuscenes_mini_subset,scene-1094_034,roll,1.0,-1,0.107,157,0.0788
nuscenes_mini_subset,scene-1094_034,roll,2.0,1,0.1726,168,0.089
nuscenes_mini_subset,scene-1094_034,roll,2.0,-1,0.0746,160,0.0747
nuscenes_mini_subset,scene-1094_034,roll,3.0,1,0.1297,169,0.0926
nuscenes_mini_subset,scene-1094_034,roll,3.0,-1,0.0694,159,0.0705
nuscenes_mini_subset,scene-1094_034,tx,0.0,1,0.1606,160,0.0823
nuscenes_mini_subset,scene-1094_034,tx,2.0,1,0.1556,159,0.0821
nuscenes_mini_subset,scene-1094_034,tx,2.0,-1,0.1587,162,0.0821
nuscenes_mini_subset,scene-1094_034,tx,5.0,1,0.1402,147,0.0822
nuscenes_mini_subset,scene-1094_034,tx,5.0,-1,0.1598,163,0.0821
nuscenes_mini_subset,scene-1094_034,tx,10.0,1,0.1552,147,0.0823
nuscenes_mini_subset,scene-1094_034,tx,10.0,-1,0.1331,170,0.0821
nuscenes_mini_subset,scene-1094_034,ty,0.0,1,0.1606,160,0.0823
nuscenes_mini_subset,scene-1094_034,ty,2.0,1,0.1636,157,0.0826
nuscenes_mini_subset,scene-1094_034,ty,2.0,-1,0.1645,157,0.0817
nuscenes_mini_subset,scene-1094_034,ty,5.0,1,0.1627,160,0.0832
nuscenes_mini_subset,scene-1094_034,ty,5.0,-1,0.1725,159,0.0808
nuscenes_mini_subset,scene-1094_034,ty,10.0,1,0.1503,157,0.0842
nuscenes_mini_subset,scene-1094_034,ty,10.0,-1,0.1551,161,0.0794
nuscenes_mini_subset,scene-1094_034,tz,0.0,1,0.1606,160,0.0823
nuscenes_mini_subset,scene-1094_034,tz,2.0,1,0.1578,174,0.0832
nuscenes_mini_subset,scene-1094_034,tz,2.0,-1,0.1524,160,0.0808
nuscenes_mini_subset,scene-1094_034,tz,5.0,1,0.1537,174,0.0841
nuscenes_mini_subset,scene-1094_034,tz,5.0,-1,0.1577,152,0.08
nuscenes_mini_subset,scene-1094_034,tz,10.0,1,0.1686,176,0.085
nuscenes_mini_subset,scene-1094_034,tz,10.0,-1,0.1759,119,0.0791
nuscenes_mini_subset,scene-1094_035,yaw,0.0,1,0.1335,142,0.0812
nuscenes_mini_subset,scene-1094_035,yaw,0.5,1,0.1109,137,0.081
nuscenes_mini_subset,scene-1094_035,yaw,0.5,-1,0.1252,148,0.0811
nuscenes_mini_subset,scene-1094_035,yaw,1.0,1,0.1038,131,0.0812
nuscenes_mini_subset,scene-1094_035,yaw,1.0,-1,0.1031,145,0.0809
nuscenes_mini_subset,scene-1094_035,yaw,2.0,1,0.1244,128,0.0809
nuscenes_mini_subset,scene-1094_035,yaw,2.0,-1,0.07,152,0.0812
nuscenes_mini_subset,scene-1094_035,yaw,3.0,1,0.1682,127,0.0808
nuscenes_mini_subset,scene-1094_035,yaw,3.0,-1,0.0852,169,0.0815
nuscenes_mini_subset,scene-1094_035,pitch,0.0,1,0.1335,142,0.0812
nuscenes_mini_subset,scene-1094_035,pitch,0.5,1,0.1522,145,0.0813
nuscenes_mini_subset,scene-1094_035,pitch,0.5,-1,0.1323,145,0.0811
nuscenes_mini_subset,scene-1094_035,pitch,1.0,1,0.1923,141,0.0813
nuscenes_mini_subset,scene-1094_035,pitch,1.0,-1,0.1292,140,0.0812
nuscenes_mini_subset,scene-1094_035,pitch,2.0,1,0.2068,142,0.0812
nuscenes_mini_subset,scene-1094_035,pitch,2.0,-1,0.1159,141,0.0811
nuscenes_mini_subset,scene-1094_035,pitch,3.0,1,0.1929,142,0.0813
nuscenes_mini_subset,scene-1094_035,pitch,3.0,-1,0.0588,143,0.0812
nuscenes_mini_subset,scene-1094_035,roll,0.0,1,0.1335,142,0.0812
nuscenes_mini_subset,scene-1094_035,roll,0.5,1,0.1893,142,0.083
nuscenes_mini_subset,scene-1094_035,roll,0.5,-1,0.1074,143,0.0788
nuscenes_mini_subset,scene-1094_035,roll,1.0,1,0.2198,140,0.0838
nuscenes_mini_subset,scene-1094_035,roll,1.0,-1,0.0785,145,0.0779
nuscenes_mini_subset,scene-1094_035,roll,2.0,1,0.2143,148,0.0877
nuscenes_mini_subset,scene-1094_035,roll,2.0,-1,0.0811,142,0.074
nuscenes_mini_subset,scene-1094_035,roll,3.0,1,0.1576,142,0.0911
nuscenes_mini_subset,scene-1094_035,roll,3.0,-1,0.0853,138,0.07
nuscenes_mini_subset,scene-1094_035,tx,0.0,1,0.1335,142,0.0812
nuscenes_mini_subset,scene-1094_035,tx,2.0,1,0.1247,132,0.0812
nuscenes_mini_subset,scene-1094_035,tx,2.0,-1,0.1394,144,0.0812
nuscenes_mini_subset,scene-1094_035,tx,5.0,1,0.1298,123,0.0813
nuscenes_mini_subset,scene-1094_035,tx,5.0,-1,0.1425,152,0.0812
nuscenes_mini_subset,scene-1094_035,tx,10.0,1,0.143,126,0.0812
nuscenes_mini_subset,scene-1094_035,tx,10.0,-1,0.1366,149,0.081
nuscenes_mini_subset,scene-1094_035,ty,0.0,1,0.1335,142,0.0812
nuscenes_mini_subset,scene-1094_035,ty,2.0,1,0.1269,144,0.0817
nuscenes_mini_subset,scene-1094_035,ty,2.0,-1,0.1364,143,0.0807
nuscenes_mini_subset,scene-1094_035,ty,5.0,1,0.1331,139,0.0822
nuscenes_mini_subset,scene-1094_035,ty,5.0,-1,0.1407,140,0.0799
nuscenes_mini_subset,scene-1094_035,ty,10.0,1,0.1163,142,0.0832
nuscenes_mini_subset,scene-1094_035,ty,10.0,-1,0.137,140,0.0785
nuscenes_mini_subset,scene-1094_035,tz,0.0,1,0.1335,142,0.0812
nuscenes_mini_subset,scene-1094_035,tz,2.0,1,0.139,145,0.0821
nuscenes_mini_subset,scene-1094_035,tz,2.0,-1,0.1183,141,0.0794
nuscenes_mini_subset,scene-1094_035,tz,5.0,1,0.1443,132,0.083
nuscenes_mini_subset,scene-1094_035,tz,5.0,-1,0.1158,139,0.0789
nuscenes_mini_subset,scene-1094_035,tz,10.0,1,0.1604,155,0.0839
nuscenes_mini_subset,scene-1094_035,tz,10.0,-1,0.1236,135,0.0781
nuscenes_mini_subset,scene-1094_036,yaw,0.0,1,0.1049,159,0.0795
nuscenes_mini_subset,scene-1094_036,yaw,0.5,1,0.0761,163,0.0794
nuscenes_mini_subset,scene-1094_036,yaw,0.5,-1,0.0882,155,0.0795
nuscenes_mini_subset,scene-1094_036,yaw,1.0,1,0.0644,156,0.0795
nuscenes_mini_subset,scene-1094_036,yaw,1.0,-1,0.1007,163,0.0796
nuscenes_mini_subset,scene-1094_036,yaw,2.0,1,0.1206,155,0.0791
nuscenes_mini_subset,scene-1094_036,yaw,2.0,-1,0.0989,158,0.0796
nuscenes_mini_subset,scene-1094_036,yaw,3.0,1,0.1453,141,0.079
nuscenes_mini_subset,scene-1094_036,yaw,3.0,-1,0.0898,160,0.0796
nuscenes_mini_subset,scene-1094_036,pitch,0.0,1,0.1049,159,0.0795
nuscenes_mini_subset,scene-1094_036,pitch,0.5,1,0.1069,171,0.0796
nuscenes_mini_subset,scene-1094_036,pitch,0.5,-1,0.0966,176,0.0795
nuscenes_mini_subset,scene-1094_036,pitch,1.0,1,0.1158,164,0.0796
nuscenes_mini_subset,scene-1094_036,pitch,1.0,-1,0.1022,168,0.0794
nuscenes_mini_subset,scene-1094_036,pitch,2.0,1,0.1001,173,0.0797
nuscenes_mini_subset,scene-1094_036,pitch,2.0,-1,0.069,168,0.0795
nuscenes_mini_subset,scene-1094_036,pitch,3.0,1,0.1156,164,0.0797
nuscenes_mini_subset,scene-1094_036,pitch,3.0,-1,0.0633,162,0.0793
nuscenes_mini_subset,scene-1094_036,roll,0.0,1,0.1049,159,0.0795
nuscenes_mini_subset,scene-1094_036,roll,0.5,1,0.0977,168,0.0811
nuscenes_mini_subset,scene-1094_036,roll,0.5,-1,0.0945,168,0.0772
nuscenes_mini_subset,scene-1094_036,roll,1.0,1,0.1267,163,0.0818
nuscenes_mini_subset,scene-1094_036,roll,1.0,-1,0.061,166,0.0762
nuscenes_mini_subset,scene-1094_036,roll,2.0,1,0.1024,158,0.086
nuscenes_mini_subset,scene-1094_036,roll,2.0,-1,0.0982,175,0.0722
nuscenes_mini_subset,scene-1094_036,roll,3.0,1,0.1385,141,0.0894
nuscenes_mini_subset,scene-1094_036,roll,3.0,-1,0.0961,170,0.0682
nuscenes_mini_subset,scene-1094_036,tx,0.0,1,0.1049,159,0.0795
nuscenes_mini_subset,scene-1094_036,tx,2.0,1,0.116,151,0.0796
nuscenes_mini_subset,scene-1094_036,tx,2.0,-1,0.1077,165,0.0794
nuscenes_mini_subset,scene-1094_036,tx,5.0,1,0.1123,149,0.0796
nuscenes_mini_subset,scene-1094_036,tx,5.0,-1,0.0955,161,0.0794
nuscenes_mini_subset,scene-1094_036,tx,10.0,1,0.0887,149,0.0797
nuscenes_mini_subset,scene-1094_036,tx,10.0,-1,0.1061,152,0.0793
nuscenes_mini_subset,scene-1094_036,ty,0.0,1,0.1049,159,0.0795
nuscenes_mini_subset,scene-1094_036,ty,2.0,1,0.1093,154,0.0799
nuscenes_mini_subset,scene-1094_036,ty,2.0,-1,0.1074,164,0.0791
nuscenes_mini_subset,scene-1094_036,ty,5.0,1,0.1107,161,0.0806
nuscenes_mini_subset,scene-1094_036,ty,5.0,-1,0.1026,168,0.0782
nuscenes_mini_subset,scene-1094_036,ty,10.0,1,0.0988,169,0.0816
nuscenes_mini_subset,scene-1094_036,ty,10.0,-1,0.1064,159,0.0768
nuscenes_mini_subset,scene-1094_036,tz,0.0,1,0.1049,159,0.0795
nuscenes_mini_subset,scene-1094_036,tz,2.0,1,0.0841,150,0.0804
nuscenes_mini_subset,scene-1094_036,tz,2.0,-1,0.1156,172,0.0783
nuscenes_mini_subset,scene-1094_036,tz,5.0,1,0.0933,137,0.0811
nuscenes_mini_subset,scene-1094_036,tz,5.0,-1,0.12,159,0.0771
nuscenes_mini_subset,scene-1094_036,tz,10.0,1,0.0673,146,0.082
nuscenes_mini_subset,scene-1094_036,tz,10.0,-1,0.1145,147,0.0762
nuscenes_mini_subset,scene-1094_037,yaw,0.0,1,0.13,89,0.0781
nuscenes_mini_subset,scene-1094_037,yaw,0.5,1,0.0829,90,0.0781
nuscenes_mini_subset,scene-1094_037,yaw,0.5,-1,0.1545,88,0.0783
nuscenes_mini_subset,scene-1094_037,yaw,1.0,1,0.0572,85,0.078
nuscenes_mini_subset,scene-1094_037,yaw,1.0,-1,0.165,91,0.0784
nuscenes_mini_subset,scene-1094_037,yaw,2.0,1,0.0961,90,0.0778
nuscenes_mini_subset,scene-1094_037,yaw,2.0,-1,0.155,88,0.0786
nuscenes_mini_subset,scene-1094_037,yaw,3.0,1,0.0954,85,0.0777
nuscenes_mini_subset,scene-1094_037,yaw,3.0,-1,0.1962,95,0.0789
nuscenes_mini_subset,scene-1094_037,pitch,0.0,1,0.13,89,0.0781
nuscenes_mini_subset,scene-1094_037,pitch,0.5,1,0.1276,86,0.0782
nuscenes_mini_subset,scene-1094_037,pitch,0.5,-1,0.117,88,0.0781
nuscenes_mini_subset,scene-1094_037,pitch,1.0,1,0.1313,88,0.0782
nuscenes_mini_subset,scene-1094_037,pitch,1.0,-1,0.1165,85,0.0781
nuscenes_mini_subset,scene-1094_037,pitch,2.0,1,0.1035,88,0.0783
nuscenes_mini_subset,scene-1094_037,pitch,2.0,-1,0.1068,87,0.0779
nuscenes_mini_subset,scene-1094_037,pitch,3.0,1,0.1271,91,0.0784
nuscenes_mini_subset,scene-1094_037,pitch,3.0,-1,0.0557,88,0.0779
nuscenes_mini_subset,scene-1094_037,roll,0.0,1,0.13,89,0.0781
nuscenes_mini_subset,scene-1094_037,roll,0.5,1,0.1163,85,0.0798
nuscenes_mini_subset,scene-1094_037,roll,0.5,-1,0.1167,88,0.0757
nuscenes_mini_subset,scene-1094_037,roll,1.0,1,0.1131,88,0.0806
nuscenes_mini_subset,scene-1094_037,roll,1.0,-1,0.0635,89,0.0746
nuscenes_mini_subset,scene-1094_037,roll,2.0,1,0.1015,88,0.0847
nuscenes_mini_subset,scene-1094_037,roll,2.0,-1,0.107,87,0.0708
nuscenes_mini_subset,scene-1094_037,roll,3.0,1,0.1712,87,0.0879
nuscenes_mini_subset,scene-1094_037,roll,3.0,-1,0.1177,90,0.0668
nuscenes_mini_subset,scene-1094_037,tx,0.0,1,0.13,89,0.0781
nuscenes_mini_subset,scene-1094_037,tx,2.0,1,0.1321,92,0.078
nuscenes_mini_subset,scene-1094_037,tx,2.0,-1,0.0802,84,0.0782
nuscenes_mini_subset,scene-1094_037,tx,5.0,1,0.1377,96,0.0781
nuscenes_mini_subset,scene-1094_037,tx,5.0,-1,0.0832,86,0.0782
nuscenes_mini_subset,scene-1094_037,tx,10.0,1,0.1516,94,0.0782
nuscenes_mini_subset,scene-1094_037,tx,10.0,-1,0.0792,98,0.078
nuscenes_mini_subset,scene-1094_037,ty,0.0,1,0.13,89,0.0781
nuscenes_mini_subset,scene-1094_037,ty,2.0,1,0.1138,86,0.0785
nuscenes_mini_subset,scene-1094_037,ty,2.0,-1,0.1278,91,0.0775
nuscenes_mini_subset,scene-1094_037,ty,5.0,1,0.1251,85,0.0791
nuscenes_mini_subset,scene-1094_037,ty,5.0,-1,0.0947,84,0.0768
nuscenes_mini_subset,scene-1094_037,ty,10.0,1,0.1333,95,0.0801
nuscenes_mini_subset,scene-1094_037,ty,10.0,-1,0.1089,89,0.0754
nuscenes_mini_subset,scene-1094_037,tz,0.0,1,0.13,89,0.0781
nuscenes_mini_subset,scene-1094_037,tz,2.0,1,0.1247,91,0.079
nuscenes_mini_subset,scene-1094_037,tz,2.0,-1,0.126,92,0.0767
nuscenes_mini_subset,scene-1094_037,tz,5.0,1,0.135,79,0.0798
nuscenes_mini_subset,scene-1094_037,tz,5.0,-1,0.117,106,0.0758
nuscenes_mini_subset,scene-1094_037,tz,10.0,1,0.1639,81,0.0807
nuscenes_mini_subset,scene-1094_037,tz,10.0,-1,0.1074,121,0.0749
nuscenes_mini_subset,scene-1094_038,yaw,0.0,1,0.1963,109,0.0756
nuscenes_mini_subset,scene-1094_038,yaw,0.5,1,0.1351,106,0.0755
nuscenes_mini_subset,scene-1094_038,yaw,0.5,-1,0.1279,110,0.0754
nuscenes_mini_subset,scene-1094_038,yaw,1.0,1,0.1291,114,0.0757
nuscenes_mini_subset,scene-1094_038,yaw,1.0,-1,0.1716,113,0.0757
nuscenes_mini_subset,scene-1094_038,yaw,2.0,1,0.1253,112,0.0756
nuscenes_mini_subset,scene-1094_038,yaw,2.0,-1,0.1825,110,0.076
nuscenes_mini_subset,scene-1094_038,yaw,3.0,1,0.1263,107,0.0755
nuscenes_mini_subset,scene-1094_038,yaw,3.0,-1,0.181,114,0.0763
nuscenes_mini_subset,scene-1094_038,pitch,0.0,1,0.1963,109,0.0756
nuscenes_mini_subset,scene-1094_038,pitch,0.5,1,0.2207,109,0.0756
nuscenes_mini_subset,scene-1094_038,pitch,0.5,-1,0.2088,110,0.0756
nuscenes_mini_subset,scene-1094_038,pitch,1.0,1,0.2026,106,0.0756
nuscenes_mini_subset,scene-1094_038,pitch,1.0,-1,0.1902,111,0.0755
nuscenes_mini_subset,scene-1094_038,pitch,2.0,1,0.2008,105,0.0755
nuscenes_mini_subset,scene-1094_038,pitch,2.0,-1,0.2011,108,0.0755
nuscenes_mini_subset,scene-1094_038,pitch,3.0,1,0.21,107,0.0756
nuscenes_mini_subset,scene-1094_038,pitch,3.0,-1,0.1782,112,0.0756
nuscenes_mini_subset,scene-1094_038,roll,0.0,1,0.1963,109,0.0756
nuscenes_mini_subset,scene-1094_038,roll,0.5,1,0.2192,108,0.0773
nuscenes_mini_subset,scene-1094_038,roll,0.5,-1,0.1828,111,0.0732
nuscenes_mini_subset,scene-1094_038,roll,1.0,1,0.2214,109,0.0779
nuscenes_mini_subset,scene-1094_038,roll,1.0,-1,0.1844,106,0.0722
nuscenes_mini_subset,scene-1094_038,roll,2.0,1,0.1719,110,0.082
nuscenes_mini_subset,scene-1094_038,roll,2.0,-1,0.0949,105,0.0682
nuscenes_mini_subset,scene-1094_038,roll,3.0,1,0.1258,107,0.0853
nuscenes_mini_subset,scene-1094_038,roll,3.0,-1,0.1033,107,0.0641
nuscenes_mini_subset,scene-1094_038,tx,0.0,1,0.1963,109,0.0756
nuscenes_mini_subset,scene-1094_038,tx,2.0,1,0.1988,110,0.0755
nuscenes_mini_subset,scene-1094_038,tx,2.0,-1,0.1907,108,0.0756
nuscenes_mini_subset,scene-1094_038,tx,5.0,1,0.2117,104,0.0755
nuscenes_mini_subset,scene-1094_038,tx,5.0,-1,0.1889,107,0.0754
nuscenes_mini_subset,scene-1094_038,tx,10.0,1,0.211,103,0.0754
nuscenes_mini_subset,scene-1094_038,tx,10.0,-1,0.1718,117,0.0754
nuscenes_mini_subset,scene-1094_038,ty,0.0,1,0.1963,109,0.0756
nuscenes_mini_subset,scene-1094_038,ty,2.0,1,0.1933,109,0.076
nuscenes_mini_subset,scene-1094_038,ty,2.0,-1,0.189,107,0.0751
nuscenes_mini_subset,scene-1094_038,ty,5.0,1,0.211,103,0.0766
nuscenes_mini_subset,scene-1094_038,ty,5.0,-1,0.1859,110,0.0742
nuscenes_mini_subset,scene-1094_038,ty,10.0,1,0.2015,105,0.0774
nuscenes_mini_subset,scene-1094_038,ty,10.0,-1,0.1867,113,0.0726
nuscenes_mini_subset,scene-1094_038,tz,0.0,1,0.1963,109,0.0756
nuscenes_mini_subset,scene-1094_038,tz,2.0,1,0.2083,108,0.0766
nuscenes_mini_subset,scene-1094_038,tz,2.0,-1,0.1749,105,0.0741
nuscenes_mini_subset,scene-1094_038,tz,5.0,1,0.2213,114,0.0773
nuscenes_mini_subset,scene-1094_038,tz,5.0,-1,0.1647,103,0.0733
nuscenes_mini_subset,scene-1094_038,tz,10.0,1,0.2105,137,0.0781
nuscenes_mini_subset,scene-1094_038,tz,10.0,-1,0.1597,99,0.0724
nuscenes_mini_subset,scene-1094_039,yaw,0.0,1,0.0867,106,0.0761
nuscenes_mini_subset,scene-1094_039,yaw,0.5,1,0.0952,101,0.0761
nuscenes_mini_subset,scene-1094_039,yaw,0.5,-1,0.0572,104,0.076
nuscenes_mini_subset,scene-1094_039,yaw,1.0,1,0.1056,103,0.0762
nuscenes_mini_subset,scene-1094_039,yaw,1.0,-1,0.057,114,0.0759
nuscenes_mini_subset,scene-1094_039,yaw,2.0,1,0.0617,95,0.0762
nuscenes_mini_subset,scene-1094_039,yaw,2.0,-1,0.0759,110,0.0758
nuscenes_mini_subset,scene-1094_039,yaw,3.0,1,0.0504,84,0.0762
nuscenes_mini_subset,scene-1094_039,yaw,3.0,-1,0.1541,118,0.0757
nuscenes_mini_subset,scene-1094_039,pitch,0.0,1,0.0867,106,0.0761
nuscenes_mini_subset,scene-1094_039,pitch,0.5,1,0.0841,104,0.0762
nuscenes_mini_subset,scene-1094_039,pitch,0.5,-1,0.0703,103,0.076
nuscenes_mini_subset,scene-1094_039,pitch,1.0,1,0.0935,102,0.0762
nuscenes_mini_subset,scene-1094_039,pitch,1.0,-1,0.0651,105,0.076
nuscenes_mini_subset,scene-1094_039,pitch,2.0,1,0.0856,103,0.0763
nuscenes_mini_subset,scene-1094_039,pitch,2.0,-1,0.0663,100,0.0759
nuscenes_mini_subset,scene-1094_039,pitch,3.0,1,0.0949,104,0.0764
nuscenes_mini_subset,scene-1094_039,pitch,3.0,-1,0.0698,95,0.0761
nuscenes_mini_subset,scene-1094_039,roll,0.0,1,0.0867,106,0.0761
nuscenes_mini_subset,scene-1094_039,roll,0.5,1,0.0704,100,0.0777
nuscenes_mini_subset,scene-1094_039,roll,0.5,-1,0.0616,103,0.074
nuscenes_mini_subset,scene-1094_039,roll,1.0,1,0.0423,99,0.0785
nuscenes_mini_subset,scene-1094_039,roll,1.0,-1,0.0943,106,0.073
nuscenes_mini_subset,scene-1094_039,roll,2.0,1,0.0475,98,0.082
nuscenes_mini_subset,scene-1094_039,roll,2.0,-1,0.0447,95,0.069
nuscenes_mini_subset,scene-1094_039,roll,3.0,1,0.052,101,0.0851
nuscenes_mini_subset,scene-1094_039,roll,3.0,-1,0.0297,98,0.065
nuscenes_mini_subset,scene-1094_039,tx,0.0,1,0.0867,106,0.0761
nuscenes_mini_subset,scene-1094_039,tx,2.0,1,0.0886,103,0.076
nuscenes_mini_subset,scene-1094_039,tx,2.0,-1,0.084,101,0.076
nuscenes_mini_subset,scene-1094_039,tx,5.0,1,0.0831,98,0.0763
nuscenes_mini_subset,scene-1094_039,tx,5.0,-1,0.0908,100,0.0761
nuscenes_mini_subset,scene-1094_039,tx,10.0,1,0.1062,95,0.0764
nuscenes_mini_subset,scene-1094_039,tx,10.0,-1,0.0873,108,0.0761
nuscenes_mini_subset,scene-1094_039,ty,0.0,1,0.0867,106,0.0761
nuscenes_mini_subset,scene-1094_039,ty,2.0,1,0.0908,101,0.0764
nuscenes_mini_subset,scene-1094_039,ty,2.0,-1,0.08,104,0.0756
nuscenes_mini_subset,scene-1094_039,ty,5.0,1,0.0788,97,0.0768
nuscenes_mini_subset,scene-1094_039,ty,5.0,-1,0.0873,96,0.075
nuscenes_mini_subset,scene-1094_039,ty,10.0,1,0.087,98,0.0779
nuscenes_mini_subset,scene-1094_039,ty,10.0,-1,0.0817,104,0.0737
nuscenes_mini_subset,scene-1094_039,tz,0.0,1,0.0867,106,0.0761
nuscenes_mini_subset,scene-1094_039,tz,2.0,1,0.0981,98,0.0769
nuscenes_mini_subset,scene-1094_039,tz,2.0,-1,0.095,101,0.0746
nuscenes_mini_subset,scene-1094_039,tz,5.0,1,0.0916,99,0.0777
nuscenes_mini_subset,scene-1094_039,tz,5.0,-1,0.0928,103,0.074
nuscenes_mini_subset,scene-1094_039,tz,10.0,1,0.0824,98,0.0786
nuscenes_mini_subset,scene-1094_039,tz,10.0,-1,0.1099,106,0.0732
